address,total_contribution,contribution_count,unique_clusters,first_contribution,last_contribution,contribution_percentile,amount,contract_address
0x000a99532e11ad7b06c26ceade3655ed64f68467,,,,,,,188124696579613,0x96f808e58DB36e39fe20e40A30eA94A15fAC2FE8
0x00d62617ad2059fc99f0d6692c48dcf13e94ea82,,,,,,,845109002850140,0x96f808e58DB36e39fe20e40A30eA94A15fAC2FE8
0x010a0d6f6dd0da242faaafed264483bd2ba360de,,,,,,,750793052555120,0x96f808e58DB36e39fe20e40A30eA94A15fAC2FE8
0x010bb700d230644a0da1c90e1874d312fbe28612,,,,,,,51702385919890880000,0x96f808e58DB36e39fe20e40A30eA94A15fAC2FE8
0x014b14c769329556a8e814e40cf41f8d56d75fe1,,,,,,,1935532997257662,0x96f808e58DB36e39fe20e40A30eA94A15fAC2FE8
0x014cae32236468fe41384c1545a356d9c2a8641e,,,,,,,1185050034573442,0x96f808e58DB36e39fe20e40A30eA94A15fAC2FE8
0x0176b2a97968632b4538aad93f0cc20f06e8b758,,,,,,,783480474676017,0x96f808e58DB36e39fe20e40A30eA94A15fAC2FE8
0x0289639d204efe94819b75de48933eb86ca779c0,,,,,,,950052278514544,0x96f808e58DB36e39fe20e40A30eA94A15fAC2FE8
0x02992c708a938e7b6d28b5d56e5fb7540f501bab,,,,,,,4665706764262806,0x96f808e58DB36e39fe20e40A30eA94A15fAC2FE8
0x02e87aa5346669e1f23d5c8988f53fd9de48381d,,,,,,,736571134054067,0x96f808e58DB36e39fe20e40A30eA94A15fAC2FE8
0x037bcbed5b412c8613064297896a67840c0bd9cf,,,,,,,866546003423481,0x96f808e58DB36e39fe20e40A30eA94A15fAC2FE8
0x039abddbaf885513e4c034059986e0fe0473e33a,,,,,,,51702385919890880000,0x96f808e58DB36e39fe20e40A30eA94A15fAC2FE8
0x039c6ff5972943554ecd20b30ce3c0c6daf67732,,,,,,,112568282314110,0x96f808e58DB36e39fe20e40A30eA94A15fAC2FE8
0x03d825a2ad0534e39ec7e72e659ad520e9130d98,,,,,,,103404771854620360000,0x96f808e58DB36e39fe20e40A30eA94A15fAC2FE8
0x03fafe1022ee34a2d2f72884244cd093075c4945,,,,,,,782572154186458,0x96f808e58DB36e39fe20e40A30eA94A15fAC2FE8
0x04206cb7239af7c11f40133ae3d97d2a4eeeb5ed,,,,,,,83462301611083,0x96f808e58DB36e39fe20e40A30eA94A15fAC2FE8
0x042440ea217f3b262f4dd6a6dc1b77562f98a351,,,,,,,772212318942434,0x96f808e58DB36e39fe20e40A30eA94A15fAC2FE8
0x0438cdd88aec2e43899ec7301b0b14b7f4959ba4,,,,,,,243710623280214,0x96f808e58DB36e39fe20e40A30eA94A15fAC2FE8
0x0478faa792e45d7a3a273c081e25e550f0e12c51,,,,,,,773825946103406,0x96f808e58DB36e39fe20e40A30eA94A15fAC2FE8
0x048a1648f5b4610a5faa9dc429c03116a49b12d9,,,,,,,1006940681216736,0x96f808e58DB36e39fe20e40A30eA94A15fAC2FE8
0x0507ddae04044158a03315b4791e1bb189c43e1e,,,,,,,844644689242218,0x96f808e58DB36e39fe20e40A30eA94A15fAC2FE8
0x0508fbe4d6b92f3b647f54229668d76bf715fb63,,,,,,,789336047025602,0x96f808e58DB36e39fe20e40A30eA94A15fAC2FE8
0x05b1abeae68d396756037f80316b1a492bd4188e,,,,,,,652150004241748,0x96f808e58DB36e39fe20e40A30eA94A15fAC2FE8
0x05ca82f89f662962018130cd0707d12c73ab62d4,,,,,,,51702385919890880000,0x96f808e58DB36e39fe20e40A30eA94A15fAC2FE8
0x05e22156054b86b257622edea814d48d2626ce26,,,,,,,89868189552448,0x96f808e58DB36e39fe20e40A30eA94A15fAC2FE8
0x063882309dff155ad967bcf08db42e0ee799b602,,,,,,,51702385919890880000,0x96f808e58DB36e39fe20e40A30eA94A15fAC2FE8
0x0661dfd72c155f27f047a7ce190c48dd7bd1835d,,,,,,,8403578707292594,0x96f808e58DB36e39fe20e40A30eA94A15fAC2FE8
0x0665d7782d9d5a123ac67ed1a629307bcd43236e,,,,,,,2879240132258843,0x96f808e58DB36e39fe20e40A30eA94A15fAC2FE8
0x067adbab7b27f9a1556436d38de21a3318121049,,,,,,,51702385919890880000,0x96f808e58DB36e39fe20e40A30eA94A15fAC2FE8
0x06a2b9f378a0a25b70027d2f730278154406582e,,,,,,,103404771854620360000,0x96f808e58DB36e39fe20e40A30eA94A15fAC2FE8
0x0750cc7e3d7883c5c21f907da3ce2a94bb3ea880,,,,,,,2714282190326871,0x96f808e58DB36e39fe20e40A30eA94A15fAC2FE8
0x078b0b48afca88a54aff387da0b4647f0207f93b,,,,,,,51702385919890880000,0x96f808e58DB36e39fe20e40A30eA94A15fAC2FE8
0x0794a9016338fc37fdd4065513a904f53ed1a288,,,,,,,1760140105811734,0x96f808e58DB36e39fe20e40A30eA94A15fAC2FE8
0x079ac41c57508cd7f29c2cbba191fb851da304e8,,,,,,,3755554033421550,0x96f808e58DB36e39fe20e40A30eA94A15fAC2FE8
0x07a81a8dd5b07245d60b4e45ded429e833d5a9dd,,,,,,,763609429410171,0x96f808e58DB36e39fe20e40A30eA94A15fAC2FE8
0x07c7a5905f877d42395b730a815d4a90c9335241,2328601.7500000005,1.0,1.0,2026-06-01 00:00:00,2026-06-01 00:00:00,0.6,,
0x07e3d4a95f31dc04e2d310998402c32282752a60,,,,,,,1759090109784913,0x96f808e58DB36e39fe20e40A30eA94A15fAC2FE8
0x082784c86d4d6e9ca0e19e93da1f78b116bd8307,,,,,,,475340144672166,0x96f808e58DB36e39fe20e40A30eA94A15fAC2FE8
0x082a7114ceaf2f1853a6065efed4599e2ffd448b,,,,,,,51702385919890880000,0x96f808e58DB36e39fe20e40A30eA94A15fAC2FE8
0x082ca0930073e2ef45cf1840632d527a27e5499f,,,,,,,824281638200783,0x96f808e58DB36e39fe20e40A30eA94A15fAC2FE8
0x087c4e8d89c9697bcc8a7b5a2e23f34477b9e7f2,,,,,,,51702385919890880000,0x96f808e58DB36e39fe20e40A30eA94A15fAC2FE8
0x0927830a0cb5d4541cda20d16a97f25af73b971a,,,,,,,829181324480071,0x96f808e58DB36e39fe20e40A30eA94A15fAC2FE8
0x093b8785454b438a9bd4936d22039d8b7d3ff367,,,,,,,1270046973512321,0x96f808e58DB36e39fe20e40A30eA94A15fAC2FE8
0x09cf30aaedeb144c6caf6f135d4582945b4191b7,,,,,,,135683214099249,0x96f808e58DB36e39fe20e40A30eA94A15fAC2FE8
0x09e5c7ef85bdb38ca1538dffa462bd1fe7d114a5,,,,,,,131389960556186,0x96f808e58DB36e39fe20e40A30eA94A15fAC2FE8
0x09f3c18f669d7384b8cabb3cfe1f289eabfa166f,,,,,,,927563529544770,0x96f808e58DB36e39fe20e40A30eA94A15fAC2FE8
0x0a6bf6dd4d2a2bbccab4b006e4d2efa82b329856,,,,,,,778873648311825,0x96f808e58DB36e39fe20e40A30eA94A15fAC2FE8
0x0a709a544ec4d0822c9e583fa31bdae88b1b175f,,,,,,,970716208848865,0x96f808e58DB36e39fe20e40A30eA94A15fAC2FE8
0x0aa3d68311c993b494877f19055b7c62b63e32dd,,,,,,,2866456255950340,0x96f808e58DB36e39fe20e40A30eA94A15fAC2FE8
0x0b1f9aaa9cc2c36e9eead3228c3a985748242185,,,,,,,51702385919890880000,0x96f808e58DB36e39fe20e40A30eA94A15fAC2FE8
0x0b2fc4fa7a66aa0e8bcbb398338440a9d1f8e504,,,,,,,16065612161402,0x96f808e58DB36e39fe20e40A30eA94A15fAC2FE8
0x0b33986b567eb0a30f98dd168e4557cf6ee91cd6,,,,,,,197282104924047,0x96f808e58DB36e39fe20e40A30eA94A15fAC2FE8
0x0b4d26b31d636b8fd2809e1c0803e0750c83274d,,,,,,,51702385919890880000,0x96f808e58DB36e39fe20e40A30eA94A15fAC2FE8
0x0bc3f01c8f82d728e74862b220ea868dc8dd68fa,,,,,,,1157759766350584,0x96f808e58DB36e39fe20e40A30eA94A15fAC2FE8
0x0bc7fcf4bf885259dc09b20418b2353e15ff9646,,,,,,,774437232235397,0x96f808e58DB36e39fe20e40A30eA94A15fAC2FE8
0x0bef930f5a00d075915eb6d3b13d73fde553edf6,,,,,,,344619567724244,0x96f808e58DB36e39fe20e40A30eA94A15fAC2FE8
0x0bf845c266decde18ca78b28d3ab5b45124612fe,,,,,,,1009893562763265,0x96f808e58DB36e39fe20e40A30eA94A15fAC2FE8
0x0c54e86d86b37f23c7ba03f69e0be49e017f93de,,,,,,,227819066794787968,0x96f808e58DB36e39fe20e40A30eA94A15fAC2FE8
0x0c63cc66a0bcd6161742dbe67c6422e49d6bd3b6,,,,,,,888185326322725,0x96f808e58DB36e39fe20e40A30eA94A15fAC2FE8
0x0c83eae1fe72c390a02e426572854931eeff93ba,559959.966585,1.0,1.0,2026-06-01 00:00:00,2026-06-01 00:00:00,0.48,129463323031370940000,0x96f808e58DB36e39fe20e40A30eA94A15fAC2FE8
0x0c8f3e3912f35a59ffddc9ff1abb8fafc89b29de,,,,,,,51702385919890880000,0x96f808e58DB36e39fe20e40A30eA94A15fAC2FE8
0x0d8f5cc1b483e47450628bf54ca52db381b3e821,,,,,,,2395882098642227,0x96f808e58DB36e39fe20e40A30eA94A15fAC2FE8
0x0e05f6de602cf2b54d5fa41c970aed1464fafb83,,,,,,,4958389625071998,0x96f808e58DB36e39fe20e40A30eA94A15fAC2FE8
0x0e1afb5289eafc34b39f4b3cf9465539bf3405e0,,,,,,,714065867381944,0x96f808e58DB36e39fe20e40A30eA94A15fAC2FE8
0x0ebb319b2af7eef80deba5233036247f7b08a902,,,,,,,16052453047568,0x96f808e58DB36e39fe20e40A30eA94A15fAC2FE8
0x0ed088d2d05f154d9cd1a32c01eb0377608573ce,,,,,,,188265337139633,0x96f808e58DB36e39fe20e40A30eA94A15fAC2FE8
0x0f19b74767a3e873923d66cae131b6dc4af3ae8a,,,,,,,4375000833115841,0x96f808e58DB36e39fe20e40A30eA94A15fAC2FE8
0x0f1c130c52047c30a84d548ddeed9ddb2de983db,,,,,,,103404771854620360000,0x96f808e58DB36e39fe20e40A30eA94A15fAC2FE8
0x0f80aaf06db429ce17c2621216a79371f13c8bfc,,,,,,,831524323229195,0x96f808e58DB36e39fe20e40A30eA94A15fAC2FE8
0x0f86b8e80b2348be4726a7df2f218fd68fb69561,,,,,,,689417907571259,0x96f808e58DB36e39fe20e40A30eA94A15fAC2FE8
0x1001576ea66f1da4e320594f53cb37a4307f4ef7,,,,,,,660707161552166,0x96f808e58DB36e39fe20e40A30eA94A15fAC2FE8
0x1022768cbba610349e6b8f3205d9024229c30cff,,,,,,,258750115219504,0x96f808e58DB36e39fe20e40A30eA94A15fAC2FE8
0x106a8946a2930c52c39436ca93190d01ca2a55f4,,,,,,,789630578526584,0x96f808e58DB36e39fe20e40A30eA94A15fAC2FE8
0x10a25e930d99c389e41ca774c64ed81fd51d59e0,,,,,,,1937867603543852,0x96f808e58DB36e39fe20e40A30eA94A15fAC2FE8
0x10ee0af996da1e206d96402b4f16fa00818083e0,,,,,,,155107157774511240000,0x96f808e58DB36e39fe20e40A30eA94A15fAC2FE8
0x1115f1d81a4027f5655b0955deb55c8a1c7ba6bf,,,,,,,51702385919890880000,0x96f808e58DB36e39fe20e40A30eA94A15fAC2FE8
0x116858361f3de1851c0e02725a4d8f95a60a7b30,,,,,,,32350875615345368,0x96f808e58DB36e39fe20e40A30eA94A15fAC2FE8
0x117bbed3a5d3dff1bd8e83693208ceaf70e0bed3,,,,,,,51702385919890880000,0x96f808e58DB36e39fe20e40A30eA94A15fAC2FE8
0x119eb58c8d264c966c56b45434ef0a4f435e6e4c,,,,,,,168606529014,0x96f808e58DB36e39fe20e40A30eA94A15fAC2FE8
0x125befb4e1824499e61edb879f48167d1214c260,,,,,,,844164463912664,0x96f808e58DB36e39fe20e40A30eA94A15fAC2FE8
0x12841562c7ec52a0c9d804d2e5107a153ced647f,,,,,,,51702385919890880000,0x96f808e58DB36e39fe20e40A30eA94A15fAC2FE8
0x12afc6451f21feddeb1f732d6baa02684c258d9c,,,,,,,51702385919890880000,0x96f808e58DB36e39fe20e40A30eA94A15fAC2FE8
0x12cdc3af4c315c2f818e56acbe5c7ad3d68d84f8,,,,,,,2315099588064034,0x96f808e58DB36e39fe20e40A30eA94A15fAC2FE8
0x12d10acba203fc7f2e9ae61c15b82c53a975439a,,,,,,,186245913182379,0x96f808e58DB36e39fe20e40A30eA94A15fAC2FE8
0x1311044a2c42c01590a710d2e93f8650aea48e59,,,,,,,952233100338066,0x96f808e58DB36e39fe20e40A30eA94A15fAC2FE8
0x13270b8f71598a5cb230b011544a97e5923e3972,,,,,,,51702385919890880000,0x96f808e58DB36e39fe20e40A30eA94A15fAC2FE8
0x134269de23c0ab7ca2bb1a0581b480a9c2fa3323,,,,,,,907396789122297,0x96f808e58DB36e39fe20e40A30eA94A15fAC2FE8
0x13437dad921a47557b332274dab1ec78f8586818,,,,,,,76933467828867,0x96f808e58DB36e39fe20e40A30eA94A15fAC2FE8
0x138bc2aad9227219feff922be66339068fc0cac3,,,,,,,2876838618342531,0x96f808e58DB36e39fe20e40A30eA94A15fAC2FE8
0x13aee570d173b20b4c96e2b80e32deb27bdef3cd,,,,,,,2107562132908371,0x96f808e58DB36e39fe20e40A30eA94A15fAC2FE8
0x13e1d24d9bb53da48d9b212d1518faff9f12a0c9,,,,,,,723701324623151,0x96f808e58DB36e39fe20e40A30eA94A15fAC2FE8
0x13e7d3a08ea63f226d8853a3fe16646d0b9a09ba,,,,,,,198960492471391,0x96f808e58DB36e39fe20e40A30eA94A15fAC2FE8
0x14199f8a5ffc0f34c37b5a3462a44ca944f0fa10,,,,,,,2057442312612517,0x96f808e58DB36e39fe20e40A30eA94A15fAC2FE8
0x147bda61f75172f4c810cbb2a430a74c44d00f70,,,,,,,820342576070333,0x96f808e58DB36e39fe20e40A30eA94A15fAC2FE8
0x148882a1ef387d87b8af2ee783a3869d9a56287d,,,,,,,821356543377935,0x96f808e58DB36e39fe20e40A30eA94A15fAC2FE8
0x14b322a59ce3c3ad8343b035a3bfae09f73e8f3b,,,,,,,51702385919890880000,0x96f808e58DB36e39fe20e40A30eA94A15fAC2FE8
0x14c5d9756a2443aed4c5dbe05ce39e1f1a27818a,,,,,,,51702385919890880000,0x96f808e58DB36e39fe20e40A30eA94A15fAC2FE8
0x14e378dfbd9cc1fa83633d49e1ee4d12614714e8,,,,,,,1508967927258045,0x96f808e58DB36e39fe20e40A30eA94A15fAC2FE8
0x15663e1b016715cf8e365c47b58183b67ff127ed,1.2389839124500002,1.0,1.0,2026-06-01 00:00:00,2026-06-01 00:00:00,0.0,286454361133043,0x96f808e58DB36e39fe20e40A30eA94A15fAC2FE8
0x15a8ae3d2233c7268eaf688e9adca1e9d74faf41,,,,,,,1267204685913389,0x96f808e58DB36e39fe20e40A30eA94A15fAC2FE8
0x15ae7f370226700b8301da7ae01dbe7469d7c5a2,,,,,,,912337995769665,0x96f808e58DB36e39fe20e40A30eA94A15fAC2FE8
0x1600f3810907c3e463cadb82ed8a6279fd9a1b0c,,,,,,,964127223874859,0x96f808e58DB36e39fe20e40A30eA94A15fAC2FE8
0x16028f81145cd5174e2a4389f203921d9048c6d7,,,,,,,51702385919890880000,0x96f808e58DB36e39fe20e40A30eA94A15fAC2FE8
0x1619fea9581f747afa42aaadfab55226482bad7a,,,,,,,51702385919890880000,0x96f808e58DB36e39fe20e40A30eA94A15fAC2FE8
0x16909b6fc85c5fd4275d4a34a30b4ce9a79b6b56,,,,,,,1759257390474163,0x96f808e58DB36e39fe20e40A30eA94A15fAC2FE8
0x16b3fbd04c42c47ceebf1202e31731f137affa36,,,,,,,2481297336943592,0x96f808e58DB36e39fe20e40A30eA94A15fAC2FE8
0x16d718bda864f0f48b67943859a7f26dfd7fbebb,,,,,,,1989922723777767,0x96f808e58DB36e39fe20e40A30eA94A15fAC2FE8
0x17552381560d231eb371cbc3766595e5f4d21292,,,,,,,1077019699500506,0x96f808e58DB36e39fe20e40A30eA94A15fAC2FE8
0x1788875a43a8327959be225502354b449b425980,,,,,,,81908078649389,0x96f808e58DB36e39fe20e40A30eA94A15fAC2FE8
0x17932df691a7d2cfd7c9befd4cc9d2519cae8d4c,,,,,,,2166619102563525,0x96f808e58DB36e39fe20e40A30eA94A15fAC2FE8
0x1793e42a910d91b8625bd138a6cfc4d918a2820c,,,,,,,21446608903285,0x96f808e58DB36e39fe20e40A30eA94A15fAC2FE8
0x17e4a4f30d24956cdb1319854d851707794065d2,,,,,,,1668233800428025,0x96f808e58DB36e39fe20e40A30eA94A15fAC2FE8
0x17ec551be0f5422eb3d63b075f8b8619593b68b5,,,,,,,51702385919890880000,0x96f808e58DB36e39fe20e40A30eA94A15fAC2FE8
0x181fd03634a36cfccfea6b8c75e255672715de60,,,,,,,828197039333122,0x96f808e58DB36e39fe20e40A30eA94A15fAC2FE8
0x1828272f03a821bd28195ab97dd9c9cb4780e0f7,,,,,,,1830270743251462,0x96f808e58DB36e39fe20e40A30eA94A15fAC2FE8
0x18313412fdde30f42c385133907a9c22fdd7fbf8,,,,,,,51702385919890880000,0x96f808e58DB36e39fe20e40A30eA94A15fAC2FE8
0x186d825535a99c1ea2bf7d220ec6f60ba716da08,,,,,,,871535361076650,0x96f808e58DB36e39fe20e40A30eA94A15fAC2FE8
0x18df113bec684c81b75144f647a63fe7a754c4f2,,,,,,,928872780484781,0x96f808e58DB36e39fe20e40A30eA94A15fAC2FE8
0x193dc94e360f2f20a0ddbdd1853b641335e9f7da,,,,,,,2574692886601563,0x96f808e58DB36e39fe20e40A30eA94A15fAC2FE8
0x19460b640ea9d3cc0e545d6a86e3fd9ee08872c3,,,,,,,51702385919890880000,0x96f808e58DB36e39fe20e40A30eA94A15fAC2FE8
0x19702324510616997d7bece2a557b6975b17ca14,,,,,,,667929696899499,0x96f808e58DB36e39fe20e40A30eA94A15fAC2FE8
0x19b2ad9e6ff56e5e4b6bcafe683deb5dd4b8a94e,,,,,,,2219857148341319,0x96f808e58DB36e39fe20e40A30eA94A15fAC2FE8
0x1a42c1c952913cde8c3725f8279b3f60453deefb,,,,,,,830832115032433,0x96f808e58DB36e39fe20e40A30eA94A15fAC2FE8
0x1b4b3008727bbdb65da8d904f8b1e5a044694411,,,,,,,695088053521349,0x96f808e58DB36e39fe20e40A30eA94A15fAC2FE8
0x1b7b420b9d9d4f099233bc4e37a998e9263cfa17,,,,,,,833999062967389,0x96f808e58DB36e39fe20e40A30eA94A15fAC2FE8
0x1bf7133fc3758c223f5188b87dbbfde913394360,,,,,,,189994379371590,0x96f808e58DB36e39fe20e40A30eA94A15fAC2FE8
0x1cf4c7ddaa5d28c22667d6b50402bb1a9ecfafb4,,,,,,,744562084812285,0x96f808e58DB36e39fe20e40A30eA94A15fAC2FE8
0x1d1a7b1ca3c1b326d742bad93dce27fba380a0ac,,,,,,,302181722021110,0x96f808e58DB36e39fe20e40A30eA94A15fAC2FE8
0x1d2ce05cd6335691597925cf6d1ee1883ba210a2,,,,,,,51702385919890880000,0x96f808e58DB36e39fe20e40A30eA94A15fAC2FE8
0x1d3f4401350e1397f30835ba699a516f9316d815,,,,,,,49346148598360,0x96f808e58DB36e39fe20e40A30eA94A15fAC2FE8
0x1d4685273dd7788dd3afcdc4bb7e7f080ccb8bee,,,,,,,1460540522922030,0x96f808e58DB36e39fe20e40A30eA94A15fAC2FE8
0x1d5296d41266ac89f9f7710feef373bff21db5a8,,,,,,,572289309351912,0x96f808e58DB36e39fe20e40A30eA94A15fAC2FE8
0x1d82f946acc900fc81c3ae677bb7cfef0eb1d98a,,,,,,,264668256928167,0x96f808e58DB36e39fe20e40A30eA94A15fAC2FE8
0x1e41887ddbd9887ded33443cbe8d48b8c3e014c5,,,,,,,974701538470424,0x96f808e58DB36e39fe20e40A30eA94A15fAC2FE8
0x1e6717e6cb9d6d5d39e3285495bfc735b087436e,,,,,,,861493572797681,0x96f808e58DB36e39fe20e40A30eA94A15fAC2FE8
0x1e79ac92f72bb10062fc785703cc3d96f05f7c20,,,,,,,2434238183211572,0x96f808e58DB36e39fe20e40A30eA94A15fAC2FE8
0x1e8eafa8de42f627cb138e1fd649d4bb0d6f7d03,,,,,,,767387627299164,0x96f808e58DB36e39fe20e40A30eA94A15fAC2FE8
0x1ec3cbe8fb1d8019092500cca2111c158a35bc82,,,,,,,155107157774511240000,0x96f808e58DB36e39fe20e40A30eA94A15fAC2FE8
0x1f0ed6499447ae8340cdedbb987ad768a4497891,,,,,,,748654619987227,0x96f808e58DB36e39fe20e40A30eA94A15fAC2FE8
0x1f4fb6e375f6a58bf2e87152fc4a3b478bed3208,,,,,,,11213925999840400000,0x96f808e58DB36e39fe20e40A30eA94A15fAC2FE8
0x2012e29dffd2f8a90d3ead08d37afdfb33d7c401,,,,,,,840470319331410,0x96f808e58DB36e39fe20e40A30eA94A15fAC2FE8
0x201c0ac3f6899705a9068c3215baf7d294a85de4,,,,,,,51702385919890880000,0x96f808e58DB36e39fe20e40A30eA94A15fAC2FE8
0x208a9bb512029239acb4cc7834824c8badbad316,,,,,,,677636024078938,0x96f808e58DB36e39fe20e40A30eA94A15fAC2FE8
0x20a6f5f32f20b5e03a1bee5f7ca4866d68cede6c,,,,,,,835344818078925,0x96f808e58DB36e39fe20e40A30eA94A15fAC2FE8
0x20d389af10c039836387943dde11abd7ccd30817,,,,,,,21018162858244,0x96f808e58DB36e39fe20e40A30eA94A15fAC2FE8
0x211d158941829c694060b6016d69c4568cd4a771,,,,,,,327917312796736,0x96f808e58DB36e39fe20e40A30eA94A15fAC2FE8
0x2182e01627dc99e5acb0ea04206e9990c69cebb8,,,,,,,51702385919890880000,0x96f808e58DB36e39fe20e40A30eA94A15fAC2FE8
0x21bfc392d17780da8e6e27bb91dc1d28925d75e2,,,,,,,5148722742983456800,0x96f808e58DB36e39fe20e40A30eA94A15fAC2FE8
0x21de35acd9b19c6f9cc6a98fc7151a54e4a30421,,,,,,,2623390463164839,0x96f808e58DB36e39fe20e40A30eA94A15fAC2FE8
0x226e85800d93eafd967e5e0c0937f2c4b4e0f645,,,,,,,2478929179716870,0x96f808e58DB36e39fe20e40A30eA94A15fAC2FE8
0x22b60248c77fb0cdf3f442b328dd5dedf3cbc70c,,,,,,,4962850256121447,0x96f808e58DB36e39fe20e40A30eA94A15fAC2FE8
0x22c2d08063a9e31de3b8b47d33b7ca90400f6de9,,,,,,,914149725180512,0x96f808e58DB36e39fe20e40A30eA94A15fAC2FE8
0x22f40f31b3d8c007aac17b8c1f7bc44de6402cbe,,,,,,,3242790980156837,0x96f808e58DB36e39fe20e40A30eA94A15fAC2FE8
0x22ff9a5afa2b3e294154c561342c04f6293ccc99,,,,,,,320077413421262,0x96f808e58DB36e39fe20e40A30eA94A15fAC2FE8
0x23461e24f1d7601a674ab672adee0b4459302214,,,,,,,51702385919890880000,0x96f808e58DB36e39fe20e40A30eA94A15fAC2FE8
0x2364963e6b99281def39aeda6a8acee790d93af4,38554061.953680016,1.0,1.0,2026-06-01 00:00:00,2026-06-01 00:00:00,0.88,8913738971950409000000,0x96f808e58DB36e39fe20e40A30eA94A15fAC2FE8
0x2414b45d2ad6d36cc43c2f6f0db9e13b933cf8d3,,,,,,,797760091462517,0x96f808e58DB36e39fe20e40A30eA94A15fAC2FE8
0x242c49ed7d519b4cabb734be68cb297cd62af109,,,,,,,51702385919890880000,0x96f808e58DB36e39fe20e40A30eA94A15fAC2FE8
0x2462c818b7f8a075babc1d1188cb127c8121b2d3,,,,,,,51702385919890880000,0x96f808e58DB36e39fe20e40A30eA94A15fAC2FE8
0x24e045efaaaa10f72fa6104792ba8b5c2a9209ff,,,,,,,49732640345438,0x96f808e58DB36e39fe20e40A30eA94A15fAC2FE8
0x250376c283a38355687315fdc567113009016f22,,,,,,,2413247313535726,0x96f808e58DB36e39fe20e40A30eA94A15fAC2FE8
0x25109b421f7df83dcf025025c56358263189d347,,,,,,,51702385919890880000,0x96f808e58DB36e39fe20e40A30eA94A15fAC2FE8
0x255c4e62086103d09b4e8661b8f8197e9b6b07b0,,,,,,,786323020042865,0x96f808e58DB36e39fe20e40A30eA94A15fAC2FE8
0x25716f07abe9d539de0517103a584840cda112b4,,,,,,,97653868864903,0x96f808e58DB36e39fe20e40A30eA94A15fAC2FE8
0x258cb32b1875168858e57bb31482054e008d344e,,,,,,,51702385919890880000,0x96f808e58DB36e39fe20e40A30eA94A15fAC2FE8
0x26c8f09d794fb1b0333a5ef3123d523957bab6c8,,,,,,,51702385919890880000,0x96f808e58DB36e39fe20e40A30eA94A15fAC2FE8
0x2761c535003dcd51443666df97b3dba06781c878,,,,,,,4962722641474615,0x96f808e58DB36e39fe20e40A30eA94A15fAC2FE8
0x276c8e5361932d400bbd0efa92b08ecabaab4cd7,,,,,,,354802770483653,0x96f808e58DB36e39fe20e40A30eA94A15fAC2FE8
0x27bcb3955ce6a0097d93e76d92599854198a269f,,,,,,,937823485270949,0x96f808e58DB36e39fe20e40A30eA94A15fAC2FE8
0x28672e1e88061594b76b9d4105669748f9cb0254,,,,,,,197967019152093,0x96f808e58DB36e39fe20e40A30eA94A15fAC2FE8
0x289d1d837fd13a69d40e1f343c30a7f0aa96213a,,,,,,,1118876964287265,0x96f808e58DB36e39fe20e40A30eA94A15fAC2FE8
0x28af2578c2e645a8fb857982e49760f52f2c8333,,,,,,,818513988144372,0x96f808e58DB36e39fe20e40A30eA94A15fAC2FE8
0x28c5c8e7877c51922e95fa6f20bf97f243b68405,,,,,,,1074705950215492,0x96f808e58DB36e39fe20e40A30eA94A15fAC2FE8
0x28ff200afe1404f8c31fa655441e8c278a4b6f90,,,,,,,795421716091376,0x96f808e58DB36e39fe20e40A30eA94A15fAC2FE8
0x292cd9d3664d21ab100b00fbc13a52e3e33a2a61,,,,,,,1481011908227879,0x96f808e58DB36e39fe20e40A30eA94A15fAC2FE8
0x29d8049993582a8ef1619b44c3e855f23f1d1ada,,,,,,,51702385919890880000,0x96f808e58DB36e39fe20e40A30eA94A15fAC2FE8
0x29f72830c5a4da85fce943b8685a536a2af0c107,,,,,,,1423594985095190,0x96f808e58DB36e39fe20e40A30eA94A15fAC2FE8
0x29fc5aacd613410b68c9c08d4e1656e3c890e482,,,,,,,14964517037,0x96f808e58DB36e39fe20e40A30eA94A15fAC2FE8
0x2a6f0adbe5910e0e23b5e541fe82fc66390c865c,,,,,,,621670893227722,0x96f808e58DB36e39fe20e40A30eA94A15fAC2FE8
0x2aaa357a6487fee83039bf6b38972aa02987e8f3,,,,,,,229248070411854,0x96f808e58DB36e39fe20e40A30eA94A15fAC2FE8
0x2b0acf7a618cfa4b6704a4d814c8925690cdc04b,,,,,,,51702385919890880000,0x96f808e58DB36e39fe20e40A30eA94A15fAC2FE8
0x2bbc6277f287b2aa2cac61d9d9f9b7eb6084e87b,,,,,,,166735642072189,0x96f808e58DB36e39fe20e40A30eA94A15fAC2FE8
0x2bff0d5bc65b920806a50c5e27b879b05a6538ae,,,,,,,547512811739918,0x96f808e58DB36e39fe20e40A30eA94A15fAC2FE8
0x2c7c7dc74fb496c8c6881ed146f4a571a783aef4,,,,,,,51702385919890880000,0x96f808e58DB36e39fe20e40A30eA94A15fAC2FE8
0x2c88db9e49f43a7525d693df6605b4fe07672f4a,,,,,,,51702385919890880000,0x96f808e58DB36e39fe20e40A30eA94A15fAC2FE8
0x2cd6ac0018b8412bed323c2895d8c09d77d3bd0e,,,,,,,112819554027463,0x96f808e58DB36e39fe20e40A30eA94A15fAC2FE8
0x2d343899f1f8aad551a545da4a4c5b4776e092e2,,,,,,,2937618072564498,0x96f808e58DB36e39fe20e40A30eA94A15fAC2FE8
0x2d674857986b5c052ca1cb07b1d2ebf304e2ac5c,,,,,,,49110990932870168,0x96f808e58DB36e39fe20e40A30eA94A15fAC2FE8
0x2d7b4766abe9a28a43a1b322083fd692a63edc54,,,,,,,968869574496473,0x96f808e58DB36e39fe20e40A30eA94A15fAC2FE8
0x2d8bc975533bc41cc459ca6cbf48264f3eded5e0,,,,,,,1444109855273093,0x96f808e58DB36e39fe20e40A30eA94A15fAC2FE8
0x2d9e4284144a08c66118321d9050df50946e418e,,,,,,,5107141313871436,0x96f808e58DB36e39fe20e40A30eA94A15fAC2FE8
0x2dde4eefe48b040c2db25617f7da204c2fcac1d2,,,,,,,51702385919890880000,0x96f808e58DB36e39fe20e40A30eA94A15fAC2FE8
0x2df90b5aae9bf29bccc51b2c1d6a851ec46280cf,,,,,,,51103851374904,0x96f808e58DB36e39fe20e40A30eA94A15fAC2FE8
0x2dfc234c940bb25c44d3793935c21b332ef23aa4,,,,,,,2791214425433091,0x96f808e58DB36e39fe20e40A30eA94A15fAC2FE8
0x2eec81f61dc62ec3b4bbe759616ce9b7f4438521,,,,,,,138664671501065,0x96f808e58DB36e39fe20e40A30eA94A15fAC2FE8
0x2f072eab560896528ba175b7358305e6e45def1a,,,,,,,2551144898754576,0x96f808e58DB36e39fe20e40A30eA94A15fAC2FE8
0x2fc97e60d48c3e97fd21ad6103ed231c5189974b,,,,,,,820022889586213,0x96f808e58DB36e39fe20e40A30eA94A15fAC2FE8
0x30432355e26165929ebcc381f198ac7d9fe0b6d6,,,,,,,839302992240976,0x96f808e58DB36e39fe20e40A30eA94A15fAC2FE8
0x3081795c665076c289e028ac14233aa2ce1cdb70,,,,,,,4214649925160180,0x96f808e58DB36e39fe20e40A30eA94A15fAC2FE8
0x3085dcaf2af3a86921bd2cfa08b7cf24d63424dd,,,,,,,761057673181706,0x96f808e58DB36e39fe20e40A30eA94A15fAC2FE8
0x3106c024b3e1d77ac8708befd003d230c9a51e31,,,,,,,51702385919890880000,0x96f808e58DB36e39fe20e40A30eA94A15fAC2FE8
0x314a5ad6c5f36eed1fe6cee59ce3ba9ad15833e3,,,,,,,3894264502717000,0x96f808e58DB36e39fe20e40A30eA94A15fAC2FE8
0x317c422ebf202211ba95e25f8cfeb2e04ebb19ef,,,,,,,103404771854620360000,0x96f808e58DB36e39fe20e40A30eA94A15fAC2FE8
0x318d61847439855744987bec073dd98fe425ab91,,,,,,,51702385919890880000,0x96f808e58DB36e39fe20e40A30eA94A15fAC2FE8
0x318e706186a91ee084052789b5176ffb63135a21,,,,,,,1780119746,0x96f808e58DB36e39fe20e40A30eA94A15fAC2FE8
0x31b33f4aba5db939932e5cfebb71077107d5db57,,,,,,,51702385919890880000,0x96f808e58DB36e39fe20e40A30eA94A15fAC2FE8
0x31b6c62795dec9940e4014577b9d75cb829723d9,,,,,,,3782577210915428,0x96f808e58DB36e39fe20e40A30eA94A15fAC2FE8
0x31c79b1dff220eac323a92151b02626fa6187477,,,,,,,1724539573842795,0x96f808e58DB36e39fe20e40A30eA94A15fAC2FE8
0x31fd90a94ec4ef0a4a88d7a46db4bde6979ee5f9,,,,,,,333651170794779,0x96f808e58DB36e39fe20e40A30eA94A15fAC2FE8
0x32044f642d465498907e52ca508b4e3baee7dc35,,,,,,,986552859377361,0x96f808e58DB36e39fe20e40A30eA94A15fAC2FE8
0x3241e987a5e336401cc4e08ead3959cfa16d8749,,,,,,,858221562647517,0x96f808e58DB36e39fe20e40A30eA94A15fAC2FE8
0x324e6555a14758bb968ec0b4066454cd030e609b,,,,,,,138013693632087,0x96f808e58DB36e39fe20e40A30eA94A15fAC2FE8
0x325764d741b33a66f86822229e5bdc0be29cfa7a,,,,,,,898539146365347,0x96f808e58DB36e39fe20e40A30eA94A15fAC2FE8
0x32e9dbe758a92ace68acf2dc59117ce827c32200,,,,,,,2753588055114671,0x96f808e58DB36e39fe20e40A30eA94A15fAC2FE8
0x32fb8d16d0871450ffec17afb85b88c0c51055dc,,,,,,,705574903803739,0x96f808e58DB36e39fe20e40A30eA94A15fAC2FE8
0x334c13e486ac1e3d834b648d6647317b8eaa7fc7,,,,,,,1008501207981231,0x96f808e58DB36e39fe20e40A30eA94A15fAC2FE8
0x33de883c41a2d608e88fa1abe3d4c45f15216f2b,,,,,,,3010505018436075,0x96f808e58DB36e39fe20e40A30eA94A15fAC2FE8
0x33e8581f812585cd2f277b6e40c26f7d08a5f2a9,,,,,,,213032931275102,0x96f808e58DB36e39fe20e40A30eA94A15fAC2FE8
0x346d827a75f98f0a7a324ff80b7c3f90252e8bac,7801607.109999999,1.0,1.0,2026-06-01 00:00:00,2026-06-01 00:00:00,0.76,1855442013246360000000,0x96f808e58DB36e39fe20e40A30eA94A15fAC2FE8
0x34746d9a2f883bf6f1184d98aea454c06e65e103,,,,,,,51702385919890880000,0x96f808e58DB36e39fe20e40A30eA94A15fAC2FE8
0x347d00dbb5f520f719af89d58a46f3655e48cd1b,,,,,,,766158691620981,0x96f808e58DB36e39fe20e40A30eA94A15fAC2FE8
0x3496cc53d6d8650ec936891038e656a85475126b,,,,,,,5409654259649298,0x96f808e58DB36e39fe20e40A30eA94A15fAC2FE8
0x349f22494ad7a85bd312a8856395791003d0a483,,,,,,,354892802403727,0x96f808e58DB36e39fe20e40A30eA94A15fAC2FE8
0x34af4bdee0e501c822cff52780e2bc9857f41a3d,,,,,,,1152848995845305,0x96f808e58DB36e39fe20e40A30eA94A15fAC2FE8
0x34c70805ca93a25ab71eb2d108c953b1cb44b5d6,,,,,,,820751497737328,0x96f808e58DB36e39fe20e40A30eA94A15fAC2FE8
0x3511234945e71c792b053a6f1fb5458fb28691e6,,,,,,,236757056215413,0x96f808e58DB36e39fe20e40A30eA94A15fAC2FE8
0x353ba7829f4002800112ba6214dabcd51e82e078,15431.753387499999,1.0,1.0,2026-06-01 00:00:00,2026-06-01 00:00:00,0.16,3567837332962442800,0x96f808e58DB36e39fe20e40A30eA94A15fAC2FE8
0x35912c886c7b8d6e151d6db28f32595e89d75d72,,,,,,,343525094192776,0x96f808e58DB36e39fe20e40A30eA94A15fAC2FE8
0x35921fb43cb92f5bfef7cba1e97eb5a21fc2d353,,,,,,,103404771854620360000,0x96f808e58DB36e39fe20e40A30eA94A15fAC2FE8
0x36ba23241ff9ed173ac2c384d0e4760536d4b435,,,,,,,169248564556717,0x96f808e58DB36e39fe20e40A30eA94A15fAC2FE8
0x36c4feac438c17726f9c253f8ee618f5fec83182,,,,,,,2779604468619223,0x96f808e58DB36e39fe20e40A30eA94A15fAC2FE8
0x374ef35eb9811890b2f38f1403a4399ae7ef176a,,,,,,,774078217438275,0x96f808e58DB36e39fe20e40A30eA94A15fAC2FE8
0x37ea78946273e1b8061bd0804aee30b6fbe6c349,,,,,,,980965031221037,0x96f808e58DB36e39fe20e40A30eA94A15fAC2FE8
0x37f5c6840719b7d41f0705626caf6f1b58306dc0,,,,,,,808245566777127,0x96f808e58DB36e39fe20e40A30eA94A15fAC2FE8
0x37fe376f51585e5074e1373659453ffd56c5b9f7,,,,,,,51702385919890880000,0x96f808e58DB36e39fe20e40A30eA94A15fAC2FE8
0x37ff1e6ad66c50ce38c7fbf8304fa0f3aa416f84,,,,,,,792165729896721,0x96f808e58DB36e39fe20e40A30eA94A15fAC2FE8
0x388c818ca8b9251b393131c08a736a67ccb19297,794255939.2400739,46.0,46.0,2026-06-01 00:00:00,2026-06-01 00:00:00,1.0,,
0x388e3c2774aa8c5d73bc5555aa6417e536ff40a1,,,,,,,959528547622425,0x96f808e58DB36e39fe20e40A30eA94A15fAC2FE8
0x393b5f397d53f44333b4c7d2af3b6388194767b4,,,,,,,2734809705727226,0x96f808e58DB36e39fe20e40A30eA94A15fAC2FE8
0x396f95d20defc8be60401690ba6c822e6d2b38e3,,,,,,,1865867187728351,0x96f808e58DB36e39fe20e40A30eA94A15fAC2FE8
0x3981cb6c511aa79d18b92c2fde4550cc188fbd2f,,,,,,,94677718933278,0x96f808e58DB36e39fe20e40A30eA94A15fAC2FE8
0x39e8a0a743f431a3d72ecea9261bfa090cfd1433,,,,,,,875795771821505,0x96f808e58DB36e39fe20e40A30eA94A15fAC2FE8
0x3a72acfc5b9d4b078f870a02c2417488df60d9b0,,,,,,,51267098633477,0x96f808e58DB36e39fe20e40A30eA94A15fAC2FE8
0x3ada85d4f516b241a9e80e50fd3599a08dac54db,15431.753387499999,1.0,1.0,2026-06-01 00:00:00,2026-06-01 00:00:00,0.16,3567837332962442800,0x96f808e58DB36e39fe20e40A30eA94A15fAC2FE8
0x3b0301595d4a38c2b9c318bc019ac74b6de015db,,,,,,,1401523810284384,0x96f808e58DB36e39fe20e40A30eA94A15fAC2FE8
0x3b05adac024d16fe44adc59d7afd1aae5f31bed4,,,,,,,1337941034791398,0x96f808e58DB36e39fe20e40A30eA94A15fAC2FE8
0x3b9988e318874e5a2fbf32e3521951756d4f43af,,,,,,,51702385919890880000,0x96f808e58DB36e39fe20e40A30eA94A15fAC2FE8
0x3c2a60ba857e045036e39b0930fd048cde758148,,,,,,,2905416387566559,0x96f808e58DB36e39fe20e40A30eA94A15fAC2FE8
0x3c7066e72008318a6473f4dbd6103bde88c9e577,,,,,,,193184005408456864,0x96f808e58DB36e39fe20e40A30eA94A15fAC2FE8
0x3c8093c70f58586962dd6b3ab2f1f2dae2dad707,,,,,,,160404754893043584,0x96f808e58DB36e39fe20e40A30eA94A15fAC2FE8
0x3c8d07109a9c8c9009488bbc4942aa008d686932,,,,,,,1049757752448366,0x96f808e58DB36e39fe20e40A30eA94A15fAC2FE8
0x3cc04875e98edf01065a4b27e00bcfeddb76cba8,,,,,,,51702385919890880000,0x96f808e58DB36e39fe20e40A30eA94A15fAC2FE8
0x3d066686d6450aad57e3636dcc9186729a51c308,,,,,,,2559478777659658,0x96f808e58DB36e39fe20e40A30eA94A15fAC2FE8
0x3d2f68f4e2112fe3f2bfd08ae8cbcdb3a802812a,,,,,,,382883667175150,0x96f808e58DB36e39fe20e40A30eA94A15fAC2FE8
0x3d30be069dca6f4a76aed68482daee0727cc2407,,,,,,,2842756226965807,0x96f808e58DB36e39fe20e40A30eA94A15fAC2FE8
0x3db95fb6ce4fe7700fad8d59ce7bd1cddb4f5dd2,,,,,,,191250016845969,0x96f808e58DB36e39fe20e40A30eA94A15fAC2FE8
0x3e87de120ef5d9d3fcda1cda0c49bdd51a57812a,,,,,,,74390448370562,0x96f808e58DB36e39fe20e40A30eA94A15fAC2FE8
0x3eab5a7648db96a28e9d8ddf5356b1e600fb731d,,,,,,,51702385919890880000,0x96f808e58DB36e39fe20e40A30eA94A15fAC2FE8
0x3f007863257846a76071cbc65586e4527051e8c1,,,,,,,51702385919890880000,0x96f808e58DB36e39fe20e40A30eA94A15fAC2FE8
0x3fb80901e16924da6e3be1ae39d181a52ec9af90,,,,,,,2176546616199263,0x96f808e58DB36e39fe20e40A30eA94A15fAC2FE8
0x3fbf669c9a72f06c125032c6dd7aa1d1d51c5eb8,,,,,,,103404771854620360000,0x96f808e58DB36e39fe20e40A30eA94A15fAC2FE8
0x405202c2686dae017b2c3dc917512fde0e06833b,,,,,,,168949057148264,0x96f808e58DB36e39fe20e40A30eA94A15fAC2FE8
0x405478248bfb0b5a74b68ddd241e13fa22c7424b,,,,,,,2754108738701597,0x96f808e58DB36e39fe20e40A30eA94A15fAC2FE8
0x409bdde1bbc00bb071fe0225383ab4e85cc7e8db,,,,,,,808735214613499,0x96f808e58DB36e39fe20e40A30eA94A15fAC2FE8
0x413533fcb1051524239db3a120ba424d62270e9a,,,,,,,4263993287028356,0x96f808e58DB36e39fe20e40A30eA94A15fAC2FE8
0x4151e640507727da497eb3997b020d3f9fe6b6ea,,,,,,,9782152633109144,0x96f808e58DB36e39fe20e40A30eA94A15fAC2FE8
0x41727144b46c556e8bf2c009ebe0111bb23b6874,,,,,,,1267073859650978,0x96f808e58DB36e39fe20e40A30eA94A15fAC2FE8
0x41736fe61ccdf0ff31310b736d80284d80bda768,,,,,,,134848863720067120000,0x96f808e58DB36e39fe20e40A30eA94A15fAC2FE8
0x41adbe54901c420e9af3988ecc5f2bc85da5f9be,,,,,,,984610340909840,0x96f808e58DB36e39fe20e40A30eA94A15fAC2FE8
0x41d45c3336c6d3f10118b5ea4a2833f99577352a,,,,,,,670230971985113,0x96f808e58DB36e39fe20e40A30eA94A15fAC2FE8
0x4207a529ffc1076e4f59ab8674d86b71b7a7f69b,,,,,,,979627816984265,0x96f808e58DB36e39fe20e40A30eA94A15fAC2FE8
0x4299caecefa01fc58b229572d4a527b2285139bf,,,,,,,711005570408791,0x96f808e58DB36e39fe20e40A30eA94A15fAC2FE8
0x42ef2b43aeb6e371a24866514a461b12419d9517,,,,,,,2641323905025895,0x96f808e58DB36e39fe20e40A30eA94A15fAC2FE8
0x431cc95f92a7cec50011bb22ad45a62739b3a894,,,,,,,11133265412568,0x96f808e58DB36e39fe20e40A30eA94A15fAC2FE8
0x435a631494289d4fd415cd963a4f38b445dafe8a,,,,,,,81516826829220,0x96f808e58DB36e39fe20e40A30eA94A15fAC2FE8
0x43b6b231abb536bbfe48409803b61f3edeebd99d,,,,,,,1557907684796130,0x96f808e58DB36e39fe20e40A30eA94A15fAC2FE8
0x43b7d6b49ced76814e910d1a6d18c07b20b429b6,,,,,,,2071899728211512,0x96f808e58DB36e39fe20e40A30eA94A15fAC2FE8
0x43b9eb6beecd92ba8342eb25017ecc437806f6d5,,,,,,,1247616542786557,0x96f808e58DB36e39fe20e40A30eA94A15fAC2FE8
0x43c80a17558604f8e2dc807e98948823b4d6185c,,,,,,,1129839344987546,0x96f808e58DB36e39fe20e40A30eA94A15fAC2FE8
0x43e736b115e629df4950ba07baaefffe0bbbe486,,,,,,,695734182105692,0x96f808e58DB36e39fe20e40A30eA94A15fAC2FE8
0x4420559d41b04cc68f91ef8b6cc7842a8384c203,,,,,,,51702385919890880000,0x96f808e58DB36e39fe20e40A30eA94A15fAC2FE8
0x4423e1aa29f8fa79701fc0fdd4cb9b83d2a2b97a,,,,,,,3407053021685247,0x96f808e58DB36e39fe20e40A30eA94A15fAC2FE8
0x44424b581f8d2612ff603ae4e8c6e8746bd262d7,,,,,,,269912721568849,0x96f808e58DB36e39fe20e40A30eA94A15fAC2FE8
0x4491172eecc4bef5659b0ed33459a1a7b848d447,,,,,,,51702385919890880000,0x96f808e58DB36e39fe20e40A30eA94A15fAC2FE8
0x44d310e12e9e309651dc3c8bcc9d3b459bbd0ca3,,,,,,,76877875675859,0x96f808e58DB36e39fe20e40A30eA94A15fAC2FE8
0x44f4c27cda69f1b683f458b25564a4c555342255,,,,,,,15889718241481,0x96f808e58DB36e39fe20e40A30eA94A15fAC2FE8
0x4559d6b52b6a736684345b42d5e3ee8405991466,,,,,,,7418170041678215200,0x96f808e58DB36e39fe20e40A30eA94A15fAC2FE8
0x4578605337fd4975db63a692882065ba45c0b10f,,,,,,,2846046050235716,0x96f808e58DB36e39fe20e40A30eA94A15fAC2FE8
0x4582985c66cc83f8333e99dcfe8461872499e1a2,,,,,,,800024806670780,0x96f808e58DB36e39fe20e40A30eA94A15fAC2FE8
0x45fbfa2c2d78632fcdf6f5edb3c693c7bfb6bcde,,,,,,,51702385919890880000,0x96f808e58DB36e39fe20e40A30eA94A15fAC2FE8
0x462f0560e473e1545fd4d0680c02c499aaf01711,,,,,,,51702385919890880000,0x96f808e58DB36e39fe20e40A30eA94A15fAC2FE8
0x463ba5667ac4aabd51e64f4f09963c81366bf3ac,,,,,,,310025826672539,0x96f808e58DB36e39fe20e40A30eA94A15fAC2FE8
0x466e55b2745df2dcf015bb5641d11f4a9a2cf50f,,,,,,,798718723357245,0x96f808e58DB36e39fe20e40A30eA94A15fAC2FE8
0x4686b28928b64440c8282aac3870e5121db35018,,,,,,,961203393635923,0x96f808e58DB36e39fe20e40A30eA94A15fAC2FE8
0x46aa454e92d00e4b944ca12004bd54d0e8cdc379,,,,,,,289460552589018,0x96f808e58DB36e39fe20e40A30eA94A15fAC2FE8
0x46d36b19086c7456a6fcf364bfe5e5fcc024190e,,,,,,,777603876357768,0x96f808e58DB36e39fe20e40A30eA94A15fAC2FE8
0x46d63ccb21c2da65d9d144bf504a47a3f0f256a2,,,,,,,1434828150581258,0x96f808e58DB36e39fe20e40A30eA94A15fAC2FE8
0x473a0d1ddc0e35ec37010a22bb0d4c69e359ce06,,,,,,,73499039840821,0x96f808e58DB36e39fe20e40A30eA94A15fAC2FE8
0x474ea54efec898a3cbb6c41e52ccd9626d003f7d,,,,,,,3928988967252840,0x96f808e58DB36e39fe20e40A30eA94A15fAC2FE8
0x476a7c1d6ff8fbb15d1688b6895285e08bf856ff,,,,,,,869070565136693,0x96f808e58DB36e39fe20e40A30eA94A15fAC2FE8
0x479a87455f5bbd3038dfef07ab6d2c7e355d80e1,,,,,,,2696357727587149,0x96f808e58DB36e39fe20e40A30eA94A15fAC2FE8
0x47ab19ad14faf69e67bca1e79370d808a3b9525f,,,,,,,51702385919890880000,0x96f808e58DB36e39fe20e40A30eA94A15fAC2FE8
0x4827ea83570339eb8ee2396d9f8dccb57257d82a,,,,,,,233914578271114,0x96f808e58DB36e39fe20e40A30eA94A15fAC2FE8
0x486ecf3e0c3e6335fdefef79542f05eb495e541e,,,,,,,4580581040238085,0x96f808e58DB36e39fe20e40A30eA94A15fAC2FE8
0x4898a6bf1921599d04cb00ba82b8d512573654d5,,,,,,,941195422422522,0x96f808e58DB36e39fe20e40A30eA94A15fAC2FE8
0x48ae08b8ee201da2bc3c52d2ab22eed081bf502f,,,,,,,934513198435106,0x96f808e58DB36e39fe20e40A30eA94A15fAC2FE8
0x48e871fbb055d50dc1477e18950d06437263756f,,,,,,,112595363362145,0x96f808e58DB36e39fe20e40A30eA94A15fAC2FE8
0x49ae533c9d5796a4bb5d26d8ad7d82f0666ca934,,,,,,,9885216362761504,0x96f808e58DB36e39fe20e40A30eA94A15fAC2FE8
0x49ccc4a0e122ce38bc0f9fdeb387491d4741fe91,,,,,,,198807859947644,0x96f808e58DB36e39fe20e40A30eA94A15fAC2FE8
0x4a23a25ac6cf545287fe463d7141479d6f155f2c,,,,,,,1958052789172469,0x96f808e58DB36e39fe20e40A30eA94A15fAC2FE8
0x4a7670395b62a78a31935fd6f3925e1aaee1b123,,,,,,,103404771854620360000,0x96f808e58DB36e39fe20e40A30eA94A15fAC2FE8
0x4a77bd25239a035774ae2fd59283aaab96108b0b,,,,,,,135365827792954,0x96f808e58DB36e39fe20e40A30eA94A15fAC2FE8
0x4a8d53f9c3dcacc05b5a1923fa2bc41ea7cc64cd,,,,,,,51702385919890880000,0x96f808e58DB36e39fe20e40A30eA94A15fAC2FE8
0x4a8f3bbfa6023220155aaa42c7be7f9b051d9229,,,,,,,1230653716561695,0x96f808e58DB36e39fe20e40A30eA94A15fAC2FE8
0x4aaea82303c840b75dcc2617feeee6f53bf2ef46,,,,,,,75886041875625,0x96f808e58DB36e39fe20e40A30eA94A15fAC2FE8
0x4b578f41a3087ccf764f8d5d1122642cfa533430,,,,,,,14712357319040,0x96f808e58DB36e39fe20e40A30eA94A15fAC2FE8
0x4b6937f94113e72636b149d711a8dfd722110be6,,,,,,,166131504374875,0x96f808e58DB36e39fe20e40A30eA94A15fAC2FE8
0x4b86a4b076ed3fc11ad46b5be100205b784a5083,,,,,,,937895632743155,0x96f808e58DB36e39fe20e40A30eA94A15fAC2FE8
0x4b8a85b93ef305987851b607cfdf29099cd667b6,,,,,,,834706174630892,0x96f808e58DB36e39fe20e40A30eA94A15fAC2FE8
0x4bee17df44fecf49d7f7f5d27234b1a5357954b3,,,,,,,982597504217874,0x96f808e58DB36e39fe20e40A30eA94A15fAC2FE8
0x4c0a73b2bc7595c99986c39a39bc92fc720af95e,,,,,,,653367078690171,0x96f808e58DB36e39fe20e40A30eA94A15fAC2FE8
0x4c248c9e22ef8d56bca46a08e62aec654e1dff53,,,,,,,51702385919890880000,0x96f808e58DB36e39fe20e40A30eA94A15fAC2FE8
0x4c343ab17ab6c4512c86a7b59bcecca76b06f669,,,,,,,841688039021851,0x96f808e58DB36e39fe20e40A30eA94A15fAC2FE8
0x4c84febc6434febcaa7bcf5b6cc2bc4f724fed82,,,,,,,871380223640752,0x96f808e58DB36e39fe20e40A30eA94A15fAC2FE8
0x4c993674c028fbbb1a6223853df7d012e9f9292e,,,,,,,1120111432520064,0x96f808e58DB36e39fe20e40A30eA94A15fAC2FE8
0x4c9ad6814893a01e95941d478f215732e314c187,,,,,,,781879408253753,0x96f808e58DB36e39fe20e40A30eA94A15fAC2FE8
0x4cee688d05cb25f0903552f2891367b40a759a8e,,,,,,,2086613813027822,0x96f808e58DB36e39fe20e40A30eA94A15fAC2FE8
0x4d23576b2330a96d82f51bff32b71ba41ad117ae,,,,,,,345366601553630,0x96f808e58DB36e39fe20e40A30eA94A15fAC2FE8
0x4d408d799da66f914c678450d6490b47adaba545,,,,,,,179005768010732,0x96f808e58DB36e39fe20e40A30eA94A15fAC2FE8
0x4d48a074b816335558b58a0de92dbce594a7e4ae,,,,,,,2836509330440147,0x96f808e58DB36e39fe20e40A30eA94A15fAC2FE8
0x4e0c70d0582d81f05b977aa0d677b6ccc66d0353,,,,,,,3673911235575694,0x96f808e58DB36e39fe20e40A30eA94A15fAC2FE8
0x4e535455d23135c1114a79700d48b2b9ed7f1995,,,,,,,803723082733187,0x96f808e58DB36e39fe20e40A30eA94A15fAC2FE8
0x4e5b250935c847507c3efe64d11d393935bf5416,,,,,,,841630469209249,0x96f808e58DB36e39fe20e40A30eA94A15fAC2FE8
0x4eb9a761885eb383a422067af4f7279dfc204745,,,,,,,51702385919890880000,0x96f808e58DB36e39fe20e40A30eA94A15fAC2FE8
0x4ed9d94c16eb0c7f9d8de868cd2160b5d747489a,,,,,,,16130039546159,0x96f808e58DB36e39fe20e40A30eA94A15fAC2FE8
0x4eeb252ea907a972688ec0bba7d68327e9869285,,,,,,,51702385919890880000,0x96f808e58DB36e39fe20e40A30eA94A15fAC2FE8
0x4f1eea37ebe13b68ee8db24f7aa9a7fba12bceb6,,,,,,,1325668800870407,0x96f808e58DB36e39fe20e40A30eA94A15fAC2FE8
0x4f2bc6a460307581aef099d11f2be8c5626c81b9,,,,,,,745276301332475,0x96f808e58DB36e39fe20e40A30eA94A15fAC2FE8
0x4f8f32bd0f6773c0ba59c326c88d0412c714dbb5,,,,,,,51702385919890880000,0x96f808e58DB36e39fe20e40A30eA94A15fAC2FE8
0x4f9be993e7c24151405cb530426a6bbf26c803a0,,,,,,,51702385919890880000,0x96f808e58DB36e39fe20e40A30eA94A15fAC2FE8
0x4ff195da42ea5dfbe11fd9177a67b0f2a70063fe,,,,,,,1080902994960435,0x96f808e58DB36e39fe20e40A30eA94A15fAC2FE8
0x4ff7f22b44ba51936562416c1e8dd130b029b00d,,,,,,,237296361787117,0x96f808e58DB36e39fe20e40A30eA94A15fAC2FE8
0x507e97ac4a3d92aba7ef116e7c85141321fce663,,,,,,,118216052816768,0x96f808e58DB36e39fe20e40A30eA94A15fAC2FE8
0x50bff2e06494db3882f41c5a13f1e74ab30efa5d,,,,,,,1462931564965322,0x96f808e58DB36e39fe20e40A30eA94A15fAC2FE8
0x50d2dec635c48f5e8cede341df87c651c6cd5318,,,,,,,5409654259649298,0x96f808e58DB36e39fe20e40A30eA94A15fAC2FE8
0x50e7f0f389e667ce5699dd419493bc428ed18031,,,,,,,10285282760150,0x96f808e58DB36e39fe20e40A30eA94A15fAC2FE8
0x50ed91f59dfbc117efe0677fd630b5f8d040b19e,,,,,,,1282160737309024,0x96f808e58DB36e39fe20e40A30eA94A15fAC2FE8
0x5120d54e2d477f451ccc0455299d62bff668f74c,,,,,,,715312018832529,0x96f808e58DB36e39fe20e40A30eA94A15fAC2FE8
0x52125406e1619c907e24e0fc1fec4a76ead035c0,,,,,,,757311788166127,0x96f808e58DB36e39fe20e40A30eA94A15fAC2FE8
0x52372a6dd24699cfd9ef227ad5375fa32133dc4c,41042.694264,1.0,1.0,2026-06-01 00:00:00,2026-06-01 00:00:00,0.32,9489113334268070000,0x96f808e58DB36e39fe20e40A30eA94A15fAC2FE8
0x52513b0b365bc5c14a1e607f24e4f5470f5bfe63,,,,,,,857897929066473,0x96f808e58DB36e39fe20e40A30eA94A15fAC2FE8
0x52535eb9615e8b190b04d8ed54506997a55480fd,,,,,,,21035622009604,0x96f808e58DB36e39fe20e40A30eA94A15fAC2FE8
0x52903903d93da6b7b40bceb3fb2a52090dcbebbb,,,,,,,51702385919890880000,0x96f808e58DB36e39fe20e40A30eA94A15fAC2FE8
0x52e7d2dcd4c0599b91f74572cfa290197683de53,,,,,,,264022922614343,0x96f808e58DB36e39fe20e40A30eA94A15fAC2FE8
0x53390590476dc98860316e4b46bb9842af55efc4,,,,,,,51702385919890880000,0x96f808e58DB36e39fe20e40A30eA94A15fAC2FE8
0x53c19d44c88cdd480145bf791c0abbd5a76b80c0,,,,,,,497251578814,0x96f808e58DB36e39fe20e40A30eA94A15fAC2FE8
0x53e8d6744b81e343d0ac47821d203727ccb20068,,,,,,,3572134800751282,0x96f808e58DB36e39fe20e40A30eA94A15fAC2FE8
0x53f692a1a80a585eb36712cf0139ef977931731d,,,,,,,3891032289343222,0x96f808e58DB36e39fe20e40A30eA94A15fAC2FE8
0x545a34946f65731fca501fcddef8971534598402,,,,,,,317540089523919,0x96f808e58DB36e39fe20e40A30eA94A15fAC2FE8
0x54989e023bea8f37b0a5e57b8bfb8a8a282455c8,,,,,,,2406564904059627000,0x96f808e58DB36e39fe20e40A30eA94A15fAC2FE8
0x551eb1e8cdd615ea1fc1c806a16af92d75cbd927,,,,,,,4560135447140688,0x96f808e58DB36e39fe20e40A30eA94A15fAC2FE8
0x5583424727c64539833fdf1a4484a6bfcd753c8c,,,,,,,1242029475600590,0x96f808e58DB36e39fe20e40A30eA94A15fAC2FE8
0x55ad9fb7193b0f23fe32718ce3befe4a90da061c,,,,,,,51702385919890880000,0x96f808e58DB36e39fe20e40A30eA94A15fAC2FE8
0x55bb8f041180addd656177141abbbdedf04203d4,,,,,,,4052727614031706,0x96f808e58DB36e39fe20e40A30eA94A15fAC2FE8
0x563dd04c7b5a690e39e0a4208c76a14998779121,,,,,,,780495959414922,0x96f808e58DB36e39fe20e40A30eA94A15fAC2FE8
0x5643e0b85ac8c3db7d8b098755ab6f64cf65b790,,,,,,,1653777653318517,0x96f808e58DB36e39fe20e40A30eA94A15fAC2FE8
0x5680dd76a439868eac2f31857f119700d079c4ae,,,,,,,3827166324137606,0x96f808e58DB36e39fe20e40A30eA94A15fAC2FE8
0x569cf316c06e033aa2a6036380121ba955b7fd29,,,,,,,3744390647190644,0x96f808e58DB36e39fe20e40A30eA94A15fAC2FE8
0x56a64476be449952fb7cd5915c1ae08d188644c4,,,,,,,51702385919890880000,0x96f808e58DB36e39fe20e40A30eA94A15fAC2FE8
0x5746b903703c1a589cd318bd987a962c37008f49,,,,,,,51702385919890880000,0x96f808e58DB36e39fe20e40A30eA94A15fAC2FE8
0x5771011e035b03a282a2561e3ef1a0a0b5a191e2,,,,,,,1718743506620756,0x96f808e58DB36e39fe20e40A30eA94A15fAC2FE8
0x5816148ffbba3d46660ec167495a092c7d157bae,,,,,,,3582309302096259,0x96f808e58DB36e39fe20e40A30eA94A15fAC2FE8
0x581b6c030fdf983297a16baddaf20c874abd5de9,,,,,,,13327195166343,0x96f808e58DB36e39fe20e40A30eA94A15fAC2FE8
0x581e86115c7f0928b893e67d08cba6737b9d8acb,,,,,,,51702385919890880000,0x96f808e58DB36e39fe20e40A30eA94A15fAC2FE8
0x58612370ec12cc86c8c1f61f578eddef08cf907f,,,,,,,15788518228342,0x96f808e58DB36e39fe20e40A30eA94A15fAC2FE8
0x58d0e256910f4d39e8bed816ce0ab105a54b98e8,,,,,,,800849152786315,0x96f808e58DB36e39fe20e40A30eA94A15fAC2FE8
0x58e2f7d323dcc894d04d7b5d8d6239b59e279a06,,,,,,,886458793114050,0x96f808e58DB36e39fe20e40A30eA94A15fAC2FE8
0x58e56596e056e4691ee9a7b80b4c82ab8166ac9b,,,,,,,267389681796353,0x96f808e58DB36e39fe20e40A30eA94A15fAC2FE8
0x5a2a2758ad3d721cdf165917be05f54e587c1b40,,,,,,,51702385919890880000,0x96f808e58DB36e39fe20e40A30eA94A15fAC2FE8
0x5aa3b5b86f2b0b8921a7dd35ce7d53787849bc3c,,,,,,,253254066213952,0x96f808e58DB36e39fe20e40A30eA94A15fAC2FE8
0x5b32bb63ec92d96efdb29b49a3dc167dc8367b41,,,,,,,435440309219705,0x96f808e58DB36e39fe20e40A30eA94A15fAC2FE8
0x5bb05323427b6646325b34d7602c1de12f79efb3,,,,,,,51702385919890880000,0x96f808e58DB36e39fe20e40A30eA94A15fAC2FE8
0x5bb73e04b810527b14b87c37eff3d62481f2d416,,,,,,,125293436210430176,0x96f808e58DB36e39fe20e40A30eA94A15fAC2FE8
0x5c4c4133a2166ee8a43cbd182db4cadca5366eaf,,,,,,,51702385919890880000,0x96f808e58DB36e39fe20e40A30eA94A15fAC2FE8
0x5c8f1ac2def8f78ae3123c6e38ded525662039d0,,,,,,,15515316714164,0x96f808e58DB36e39fe20e40A30eA94A15fAC2FE8
0x5cbb805a48ea285c0824cba4c3163d1ab062f0e6,,,,,,,161731942956433888,0x96f808e58DB36e39fe20e40A30eA94A15fAC2FE8
0x5cc0f208a769e1aec46256f1cdcc8a89880df81c,,,,,,,4551994040702615,0x96f808e58DB36e39fe20e40A30eA94A15fAC2FE8
0x5ccaa2ac72a48ff15473c6a442f8a3a989d935e1,,,,,,,571889452523334,0x96f808e58DB36e39fe20e40A30eA94A15fAC2FE8
0x5ccdb848b0f771c0ff531b5386471f53fcda73ea,,,,,,,1837431701666755,0x96f808e58DB36e39fe20e40A30eA94A15fAC2FE8
0x5cdf7402cb6a36067f146fc144df95d0aed62e6c,,,,,,,51702385919890880000,0x96f808e58DB36e39fe20e40A30eA94A15fAC2FE8
0x5d2dd2a50526e623f5ef1597d76c29c81b385fb5,,,,,,,1612636997730221,0x96f808e58DB36e39fe20e40A30eA94A15fAC2FE8
0x5dc65dc03e49c854441f4cae1e03673433080f44,,,,,,,1932115822658866,0x96f808e58DB36e39fe20e40A30eA94A15fAC2FE8
0x5dee3232f7d6ba2845d2e007aca6fad8e390b314,,,,,,,51702385919890880000,0x96f808e58DB36e39fe20e40A30eA94A15fAC2FE8
0x5deea49b127ed42dc23dbc968a4cb46ff6e66299,,,,,,,51702385919890880000,0x96f808e58DB36e39fe20e40A30eA94A15fAC2FE8
0x5e279d6858ca0ff084db713ca3f42e2a372e92d1,,,,,,,92997427315585,0x96f808e58DB36e39fe20e40A30eA94A15fAC2FE8
0x5e2b284a659ab1fde36dbd7b78dc8dce9ecdef2c,,,,,,,172404205031266,0x96f808e58DB36e39fe20e40A30eA94A15fAC2FE8
0x5e2cb905eb3bacfcaa45d06c739f7c31ebb9aa7d,,,,,,,975050580485835,0x96f808e58DB36e39fe20e40A30eA94A15fAC2FE8
0x5e2e0a3923422044d0f692c558f0dff49cd2c70b,,,,,,,1244288987350278,0x96f808e58DB36e39fe20e40A30eA94A15fAC2FE8
0x5eb935297f624ad2ce394b4554fedbbb9fb8de53,,,,,,,217892870522690,0x96f808e58DB36e39fe20e40A30eA94A15fAC2FE8
0x5f303640a003d665ccfb76d28176a494469a8ce8,,,,,,,51702385919890880000,0x96f808e58DB36e39fe20e40A30eA94A15fAC2FE8
0x5f8d15178d1801c7be9e5c23210ef4d4058737b1,,,,,,,1132429959832290,0x96f808e58DB36e39fe20e40A30eA94A15fAC2FE8
0x5fa8ae8628e5f96dfd56067dc812b596be092499,,,,,,,872344281611802,0x96f808e58DB36e39fe20e40A30eA94A15fAC2FE8
0x5fae5a45713afbfd497506afda9daf1d23c52424,,,,,,,752879953534146,0x96f808e58DB36e39fe20e40A30eA94A15fAC2FE8
0x5fc6117bab27fe0761a978ffcf98799d59ecf589,,,,,,,560290056063277060,0x96f808e58DB36e39fe20e40A30eA94A15fAC2FE8
0x5fcce3ae2c2b5e565dda81cbb0a2ae4f9fabcf05,,,,,,,54700879940609,0x96f808e58DB36e39fe20e40A30eA94A15fAC2FE8
0x5fdcb78ca9a1164c13428e5fc9582c8c48dab69f,71969783.20499994,1.0,1.0,2026-06-01 00:00:00,2026-06-01 00:00:00,0.96,16639488262688658000000,0x96f808e58DB36e39fe20e40A30eA94A15fAC2FE8
0x5fea759143a4631af2d5591a0e35f9d57b31b751,,,,,,,69243663381498,0x96f808e58DB36e39fe20e40A30eA94A15fAC2FE8
0x60aa666bcef5e9a3393c6b203690abc2ea76f06b,,,,,,,51702385919890880000,0x96f808e58DB36e39fe20e40A30eA94A15fAC2FE8
0x610ba5235115c7f995838b5e214af847bfd80077,,,,,,,143374233180288,0x96f808e58DB36e39fe20e40A30eA94A15fAC2FE8
0x61240080107e22ff8e24ed11b5c5f0bb7844c4af,,,,,,,14817257287022596,0x96f808e58DB36e39fe20e40A30eA94A15fAC2FE8
0x6175ced4e67e44cd73d87d2379d428e9468f579b,,,,,,,51702385919890880000,0x96f808e58DB36e39fe20e40A30eA94A15fAC2FE8
0x6189cb62daa1c6d1cf54b7475455782fe83a11ff,,,,,,,5454228587599753,0x96f808e58DB36e39fe20e40A30eA94A15fAC2FE8
0x61d1085b322c450a40b218423f722de8d612b568,,,,,,,1772508967962576,0x96f808e58DB36e39fe20e40A30eA94A15fAC2FE8
0x61eb49de5bc2f39a86bd613f22537e156e78a9d0,,,,,,,850508434931452,0x96f808e58DB36e39fe20e40A30eA94A15fAC2FE8
0x6263eecb3db6f28f96377786c017623bd53bb2a2,,,,,,,247296873176248128,0x96f808e58DB36e39fe20e40A30eA94A15fAC2FE8
0x626dd8ceb6be6121982d2eef2f772455d841047c,,,,,,,51702385919890880000,0x96f808e58DB36e39fe20e40A30eA94A15fAC2FE8
0x6293a0db64cd1ce72401b81e08861f30429668ac,,,,,,,2272167604141634,0x96f808e58DB36e39fe20e40A30eA94A15fAC2FE8
0x63089e33789a2359a99f76ac5b2519d75b0cff48,,,,,,,4739021878472522,0x96f808e58DB36e39fe20e40A30eA94A15fAC2FE8
0x640efae243358a4ce6497f28ef8b1036e2ee5126,,,,,,,68025496605554,0x96f808e58DB36e39fe20e40A30eA94A15fAC2FE8
0x6454ac71ca260f99cca99a3f4241dfda20cfa965,4471391.988810001,1.0,1.0,2026-06-01 00:00:00,2026-06-01 00:00:00,0.68,1033790449302273500000,0x96f808e58DB36e39fe20e40A30eA94A15fAC2FE8
0x64867f5bb09aea861c6eba9886a45983e76f0e99,,,,,,,51702385919890880000,0x96f808e58DB36e39fe20e40A30eA94A15fAC2FE8
0x64a041c3b1f1bda2396add0c75a4d07124161cbb,,,,,,,51702385919890880000,0x96f808e58DB36e39fe20e40A30eA94A15fAC2FE8
0x64dbb04a68a9cc8ae6544f674051101a135ee706,,,,,,,896769214207257,0x96f808e58DB36e39fe20e40A30eA94A15fAC2FE8
0x64dbe3c702e703d98629f156d034d9e24b684f97,,,,,,,1223609357839801,0x96f808e58DB36e39fe20e40A30eA94A15fAC2FE8
0x65f17d076b7bacbf59618c60febcb8a7cfc2acc9,,,,,,,51702385919890880000,0x96f808e58DB36e39fe20e40A30eA94A15fAC2FE8
0x665157387c1bb1244ac57e02ddf2def48adc219d,,,,,,,51702385919890880000,0x96f808e58DB36e39fe20e40A30eA94A15fAC2FE8
0x66648d2115b96a3fc714a85ef5906ee2d9f00f5e,,,,,,,787206517112006,0x96f808e58DB36e39fe20e40A30eA94A15fAC2FE8
0x6694d1a64a7bf6c2528815e073be7e117c8f2deb,,,,,,,843377633306893,0x96f808e58DB36e39fe20e40A30eA94A15fAC2FE8
0x66efee9389ba5d7251d70fa002e7c09fbc17ca63,,,,,,,1708735435372014,0x96f808e58DB36e39fe20e40A30eA94A15fAC2FE8
0x676f6256f6b8f46f76477d89711cf26fb51a69d9,,,,,,,824911165010147,0x96f808e58DB36e39fe20e40A30eA94A15fAC2FE8
0x67d37b7817f00e5a471ec338db15093e86992a3c,,,,,,,210764204014044,0x96f808e58DB36e39fe20e40A30eA94A15fAC2FE8
0x681de196044eeeaf3f8b9f4d174290b75a2d0794,,,,,,,2703214095797109,0x96f808e58DB36e39fe20e40A30eA94A15fAC2FE8
0x6828057f16244c5cf5523e4d1d0bdaacc471646d,,,,,,,153543039375416,0x96f808e58DB36e39fe20e40A30eA94A15fAC2FE8
0x6897abe0fd62b589260784b21f4ca3f78a0d8017,,,,,,,51702385919890880000,0x96f808e58DB36e39fe20e40A30eA94A15fAC2FE8
0x68ca2b6227fba0b643a937a2be456c43c4317cdd,,,,,,,166226232439953,0x96f808e58DB36e39fe20e40A30eA94A15fAC2FE8
0x68ceeb884c7b378ae0d9928938d99b9b9e1e7803,,,,,,,1891850813112738,0x96f808e58DB36e39fe20e40A30eA94A15fAC2FE8
0x68f06309fab6678389dd9005253e25f6c397bb51,,,,,,,51702385919890880000,0x96f808e58DB36e39fe20e40A30eA94A15fAC2FE8
0x692bb68631a2988c00fe79fe3a13ce27d1bc6b28,,,,,,,1981763853871647,0x96f808e58DB36e39fe20e40A30eA94A15fAC2FE8
0x69302fbe8cdde288225c59075db929e6ab80f3f3,,,,,,,797496102581918,0x96f808e58DB36e39fe20e40A30eA94A15fAC2FE8
0x6931b54b4897106b890cc66e6234c0d136af4a6c,,,,,,,15821922607052,0x96f808e58DB36e39fe20e40A30eA94A15fAC2FE8
0x6942192872784d2c95fa3c58945f11a36cacb29e,,,,,,,69028071352336,0x96f808e58DB36e39fe20e40A30eA94A15fAC2FE8
0x698c9f8017d2940370e63539b044305e6e03e013,,,,,,,51702385919890880000,0x96f808e58DB36e39fe20e40A30eA94A15fAC2FE8
0x69ec594c0ed2130a787cd1419cc4dbbef8426f30,,,,,,,915891940093036,0x96f808e58DB36e39fe20e40A30eA94A15fAC2FE8
0x69f598a514416f237e4d16192b66423a4570d096,,,,,,,308637096469200,0x96f808e58DB36e39fe20e40A30eA94A15fAC2FE8
0x6a1d9515af982ac761207d92eaec13b11069c64d,,,,,,,1397214675647615,0x96f808e58DB36e39fe20e40A30eA94A15fAC2FE8
0x6a6c79d8da4d3b1c8963073529cd026b36817eb6,,,,,,,51702385919890880000,0x96f808e58DB36e39fe20e40A30eA94A15fAC2FE8
0x6a7371210086ee6b5ad6a9291aa8655b6d1d1141,,,,,,,51702385919890880000,0x96f808e58DB36e39fe20e40A30eA94A15fAC2FE8
0x6aa0757bc4ffdc9f0deb5e9fa08173c07ef2afcc,,,,,,,51702385919890880000,0x96f808e58DB36e39fe20e40A30eA94A15fAC2FE8
0x6b6f2578fc60bc05a9f35a3eb00b252c6e6b3f7d,,,,,,,770167586656855,0x96f808e58DB36e39fe20e40A30eA94A15fAC2FE8
0x6b7b9597b9e56408ed7a954c71c10e5b65c9a15a,,,,,,,16274885998803,0x96f808e58DB36e39fe20e40A30eA94A15fAC2FE8
0x6c1816b4c5d577ffc7dd0dc68b449f89b1c5df92,,,,,,,490683473246467,0x96f808e58DB36e39fe20e40A30eA94A15fAC2FE8
0x6c7c332a090c8d2085857cf3220ea01c6d45a723,,,,,,,103404771854620360000,0x96f808e58DB36e39fe20e40A30eA94A15fAC2FE8
0x6c7df43141820633a912693fd5e75b6c11639bb4,,,,,,,2689138904591158,0x96f808e58DB36e39fe20e40A30eA94A15fAC2FE8
0x6ca5213886ea44a3643b9f44357cbcb6590113f7,,,,,,,190986094565693,0x96f808e58DB36e39fe20e40A30eA94A15fAC2FE8
0x6cebfc2dcb0a82a3e210a23944f6ac92ec31d9cf,,,,,,,91883130321288,0x96f808e58DB36e39fe20e40A30eA94A15fAC2FE8
0x6d6c0b6ad29eb897b7a9f87e074b3dd31688f409,,,,,,,827738252729789,0x96f808e58DB36e39fe20e40A30eA94A15fAC2FE8
0x6d7ec5ed2fd11bef70aba154324d931c01072976,,,,,,,990058202732,0x96f808e58DB36e39fe20e40A30eA94A15fAC2FE8
0x6e51f41f0f882b2aff369d84e7a02c1bf0d3ff51,,,,,,,284090608622974,0x96f808e58DB36e39fe20e40A30eA94A15fAC2FE8
0x6e9a41a43351284a13f8449025e736334ed45b39,,,,,,,51702385919890880000,0x96f808e58DB36e39fe20e40A30eA94A15fAC2FE8
0x6eded4c7dc5ca3db455c73af74eaa86ed85184f2,,,,,,,900123009348601,0x96f808e58DB36e39fe20e40A30eA94A15fAC2FE8
0x6ef4397a6552905ee0d5f62d9b48a2a167aa7f43,,,,,,,51702385919890880000,0x96f808e58DB36e39fe20e40A30eA94A15fAC2FE8
0x6f1fc2a9b903fc9f0edef09253b24aef5f50dd62,,,,,,,51702385919890880000,0x96f808e58DB36e39fe20e40A30eA94A15fAC2FE8
0x6f20fd9515b6bf8ea47656e1cd33ecbea294b0ca,,,,,,,1984764020414220,0x96f808e58DB36e39fe20e40A30eA94A15fAC2FE8
0x6f39298afb9475705bc71af21339b669f49766f4,,,,,,,1039478005326180,0x96f808e58DB36e39fe20e40A30eA94A15fAC2FE8
0x6f40aed4eef03a64f6bc82259512a104b964fd91,,,,,,,13581084231281,0x96f808e58DB36e39fe20e40A30eA94A15fAC2FE8
0x6f802a1e8859052eb46ec1d6dee799b303c638e7,,,,,,,51702385919890880000,0x96f808e58DB36e39fe20e40A30eA94A15fAC2FE8
0x6f82a5f08f4ac1eaadadb270e1d53680bd1c520d,,,,,,,1662113445338435,0x96f808e58DB36e39fe20e40A30eA94A15fAC2FE8
0x712d2458d548892729470f473f28d3af7a593a22,,,,,,,26112589304430,0x96f808e58DB36e39fe20e40A30eA94A15fAC2FE8
0x715249e5cc7659ad78e5d65d4917902bc0f40b5e,,,,,,,1355123795016484,0x96f808e58DB36e39fe20e40A30eA94A15fAC2FE8
0x71566461be178f0bca14a74d1a9b3ac0a960c44f,,,,,,,932954132972143,0x96f808e58DB36e39fe20e40A30eA94A15fAC2FE8
0x7163913551b42535d98495b18eacf2ae77a602cf,,,,,,,776778964961713,0x96f808e58DB36e39fe20e40A30eA94A15fAC2FE8
0x719f1ac4ace7880f43742250a8411539fbb2091e,,,,,,,76302052777010,0x96f808e58DB36e39fe20e40A30eA94A15fAC2FE8
0x721e72ebb94982e09ef89fa5a0c96f0810e32298,,,,,,,1784095236028197,0x96f808e58DB36e39fe20e40A30eA94A15fAC2FE8
0x722978be3af20666949d1ea052cfff24f06d9628,,,,,,,862341464182990,0x96f808e58DB36e39fe20e40A30eA94A15fAC2FE8
0x7241d0cbf9d4010e695842876d457e8c4c89716f,,,,,,,370685305756956,0x96f808e58DB36e39fe20e40A30eA94A15fAC2FE8
0x7251e7549431b78cefef000d584c3356982ab0c9,,,,,,,51702385919890880000,0x96f808e58DB36e39fe20e40A30eA94A15fAC2FE8
0x727d8097915d43a07cd18e7658f261246cda8189,,,,,,,773797550521216,0x96f808e58DB36e39fe20e40A30eA94A15fAC2FE8
0x729250be25dc878dd400bf5bef702de77c83493e,,,,,,,51702385919890880000,0x96f808e58DB36e39fe20e40A30eA94A15fAC2FE8
0x72936c991cb0a738728e9d2a8d5875fb5096a0c2,,,,,,,51702385919890880000,0x96f808e58DB36e39fe20e40A30eA94A15fAC2FE8
0x72e1a17486bbc259f91136e0c605da8a22b93360,,,,,,,21198836790241,0x96f808e58DB36e39fe20e40A30eA94A15fAC2FE8
0x72ebc90f0e3457a1ff6b000dc9b1aa152ee82974,,,,,,,51702385919890880000,0x96f808e58DB36e39fe20e40A30eA94A15fAC2FE8
0x72f8089e37ef4bd3ccf77062be9892ae4e8b57a9,,,,,,,944823054042236,0x96f808e58DB36e39fe20e40A30eA94A15fAC2FE8
0x72fa66c195126c3257b287b37dd3bd724baf9e59,,,,,,,51702385919890880000,0x96f808e58DB36e39fe20e40A30eA94A15fAC2FE8
0x73119bcb1fe962d9504aa15e37b5135d54484562,,,,,,,52706208692318,0x96f808e58DB36e39fe20e40A30eA94A15fAC2FE8
0x736226a43f27d2c57d23ff9372eb5aa15cccb9a6,,,,,,,1456998632229353,0x96f808e58DB36e39fe20e40A30eA94A15fAC2FE8
0x73f3adae7fdc38f2cc84075ffad561c2a6e81567,,,,,,,708757390580741,0x96f808e58DB36e39fe20e40A30eA94A15fAC2FE8
0x73fb36ce8b3f578326a1b28a533ff141faefaa5c,,,,,,,127275668659036,0x96f808e58DB36e39fe20e40A30eA94A15fAC2FE8
0x7509e306a6025e8e365fbe59bc7fbe47e6d9c19f,,,,,,,4958389625071998,0x96f808e58DB36e39fe20e40A30eA94A15fAC2FE8
0x75557849930ea2db6dc3c01f0484525db991b94a,,,,,,,1174590468223404,0x96f808e58DB36e39fe20e40A30eA94A15fAC2FE8
0x758c5d8b344b8319a2acdd20c7dbc677a334d7bb,,,,,,,70696027110188,0x96f808e58DB36e39fe20e40A30eA94A15fAC2FE8
0x75d3db08f15eab3a09ab53913ffd23f3f8bcd7aa,,,,,,,794390075442486,0x96f808e58DB36e39fe20e40A30eA94A15fAC2FE8
0x75d3e82e6ee672255cea67eecc12e9dc34cfff69,,,,,,,905712212267150,0x96f808e58DB36e39fe20e40A30eA94A15fAC2FE8
0x75fee38c63f8858a2dd21bd71a3e2c4689ee9086,,,,,,,2445918115175997,0x96f808e58DB36e39fe20e40A30eA94A15fAC2FE8
0x7601c08e68665d88dcf381d215fe877dc46b7d73,,,,,,,1493347753474113,0x96f808e58DB36e39fe20e40A30eA94A15fAC2FE8
0x763d67d060b51d700253322d8e8da80022769504,,,,,,,4972807267328,0x96f808e58DB36e39fe20e40A30eA94A15fAC2FE8
0x764f404047edfd6fa3d3c2111d9d102af29409b5,,,,,,,844081031591271,0x96f808e58DB36e39fe20e40A30eA94A15fAC2FE8
0x765c6a8f20c842e8c826b0d9425015784f982afc,71778698.43500009,1.0,1.0,2026-06-01 00:00:00,2026-06-01 00:00:00,0.92,16698714038220135000000,0x96f808e58DB36e39fe20e40A30eA94A15fAC2FE8
0x767b0ada9bf5c622e261447e4bb6c2c48a2acec6,,,,,,,265829277338007,0x96f808e58DB36e39fe20e40A30eA94A15fAC2FE8
0x76ac35cb454e4841364d98177b0a931624126855,,,,,,,809334155224491,0x96f808e58DB36e39fe20e40A30eA94A15fAC2FE8
0x772213aad4c6b37d2cc0fa3b74f9ace5a028b8c8,,,,,,,51702385919890880000,0x96f808e58DB36e39fe20e40A30eA94A15fAC2FE8
0x7765ffd90db97c2473315063203affce3998d937,,,,,,,51702385919890880000,0x96f808e58DB36e39fe20e40A30eA94A15fAC2FE8
0x7787c9dcd9bb2c3894f71b33dc0ebb5ce46b6d59,,,,,,,51702385919890880000,0x96f808e58DB36e39fe20e40A30eA94A15fAC2FE8
0x77c9ad8c09eee626b126184aebf535d0f60ce1d0,,,,,,,1205330566786803,0x96f808e58DB36e39fe20e40A30eA94A15fAC2FE8
0x77fd77d52e12a30793deb1400bc802df18d3374a,,,,,,,2203242660100674,0x96f808e58DB36e39fe20e40A30eA94A15fAC2FE8
0x7822c5c26c1fea5b0c2abd8c066b5c2469c7d540,,,,,,,847546409407232,0x96f808e58DB36e39fe20e40A30eA94A15fAC2FE8
0x783f126c5c5e8284ed7af7f551781f02369e7d26,,,,,,,73265261606772,0x96f808e58DB36e39fe20e40A30eA94A15fAC2FE8
0x785c0ad5dabab535173b9f0d55d7f3c4da0c0184,,,,,,,2089877085585601,0x96f808e58DB36e39fe20e40A30eA94A15fAC2FE8
0x787719a0f669062157148e4e3a52236c603616b3,,,,,,,985113613856751,0x96f808e58DB36e39fe20e40A30eA94A15fAC2FE8
0x7897a596cb18d366ddc75914191d98a8d5c3c2c9,,,,,,,51702385919890880000,0x96f808e58DB36e39fe20e40A30eA94A15fAC2FE8
0x78b9ff33cfbe1b6b6914e38ada0593cc04d0fe39,,,,,,,51702385919890880000,0x96f808e58DB36e39fe20e40A30eA94A15fAC2FE8
0x78bdef852cb0433e9b88131abaafe60216e3468d,,,,,,,433052395952702,0x96f808e58DB36e39fe20e40A30eA94A15fAC2FE8
0x78edfb0e5e12289781de947aa0cef58fe63ce01f,,,,,,,170272475662557,0x96f808e58DB36e39fe20e40A30eA94A15fAC2FE8
0x78eefb78a6e088ea7bf77eac8e47955dede201ae,,,,,,,838099195101406,0x96f808e58DB36e39fe20e40A30eA94A15fAC2FE8
0x790ef5f5e02a1e3cd7528ea6a4fafd5d01788353,,,,,,,14559494777511,0x96f808e58DB36e39fe20e40A30eA94A15fAC2FE8
0x7910d1456b3e5a1ac0937c9b983b4dcd8eb9400f,,,,,,,165860141358505,0x96f808e58DB36e39fe20e40A30eA94A15fAC2FE8
0x794a4d2a039a1ef36d845bcca152db0ce6e46c2e,,,,,,,4837353612414609,0x96f808e58DB36e39fe20e40A30eA94A15fAC2FE8
0x794fbfe098865642334f9027e911dc04bfef94ec,,,,,,,1049102863865973,0x96f808e58DB36e39fe20e40A30eA94A15fAC2FE8
0x796597a2f7d43515811e40c7aee15bb5fe0fa2d8,,,,,,,653078035960258,0x96f808e58DB36e39fe20e40A30eA94A15fAC2FE8
0x79c1e17404c1a4326a1a6370bbf02a231c3a032c,,,,,,,1302077429490746,0x96f808e58DB36e39fe20e40A30eA94A15fAC2FE8
0x79fc6e3ed1225335c2f09128b2045531fbcac0ec,,,,,,,1240621131396548,0x96f808e58DB36e39fe20e40A30eA94A15fAC2FE8
0x7a42f3fdf3f6565e2aea54225d0f10a4fe8a0cdd,,,,,,,1125644254359556,0x96f808e58DB36e39fe20e40A30eA94A15fAC2FE8
0x7a5306e73786a0fc1c3859a2ed5550e594c67484,,,,,,,4694651910118964,0x96f808e58DB36e39fe20e40A30eA94A15fAC2FE8
0x7a76f571bd900061220b6b39d44dec87f983d743,,,,,,,16120942846475,0x96f808e58DB36e39fe20e40A30eA94A15fAC2FE8
0x7a903615bc1bab30fbdbe5556e58cfb34c69a88a,,,,,,,2067526508030534,0x96f808e58DB36e39fe20e40A30eA94A15fAC2FE8
0x7abb2fef8d610baf489998a2cd468b7a7bfad48f,,,,,,,245886688319549,0x96f808e58DB36e39fe20e40A30eA94A15fAC2FE8
0x7b14f6f2cda46399c4d04741dfe936d299f0276c,,,,,,,2315499442014820,0x96f808e58DB36e39fe20e40A30eA94A15fAC2FE8
0x7b17460e9a26f9cac768e65e8472e6b436432d3d,,,,,,,872569062224425,0x96f808e58DB36e39fe20e40A30eA94A15fAC2FE8
0x7bc43896da0f7ac10ad5123765cc1b81f8911881,,,,,,,760124790534108,0x96f808e58DB36e39fe20e40A30eA94A15fAC2FE8
0x7c0819379c5ff2a0cfae44bcae210934760f9e3f,,,,,,,51702385919890880000,0x96f808e58DB36e39fe20e40A30eA94A15fAC2FE8
0x7c2b118f6d1b962cb7824649dbaacb884379dea7,,,,,,,2899655841955722,0x96f808e58DB36e39fe20e40A30eA94A15fAC2FE8
0x7c56de627822968fc1aaccea760baaa18fb42180,,,,,,,724231978730665,0x96f808e58DB36e39fe20e40A30eA94A15fAC2FE8
0x7c75cb0d1136ebe764208f9a807d35510025b12c,,,,,,,103404771854620360000,0x96f808e58DB36e39fe20e40A30eA94A15fAC2FE8
0x7cb698e45d970fd01150f89e2f1706d4bf804246,,,,,,,51702385919890880000,0x96f808e58DB36e39fe20e40A30eA94A15fAC2FE8
0x7d0f205f4a7f10b7b1c6282193aa202dc16fbbbe,,,,,,,51702385919890880000,0x96f808e58DB36e39fe20e40A30eA94A15fAC2FE8
0x7d2cd67e4a5e73c923b8ed1731d317c91df18ded,,,,,,,1518120477890025,0x96f808e58DB36e39fe20e40A30eA94A15fAC2FE8
0x7d2d64c7fa6c3fc4c6c5179ce986c92224240609,,,,,,,60162047521930232,0x96f808e58DB36e39fe20e40A30eA94A15fAC2FE8
0x7d41aabfc18edd2e6ed08b62f831432c4d65d3b5,,,,,,,14266811229937,0x96f808e58DB36e39fe20e40A30eA94A15fAC2FE8
0x7d7c06957e46c630908483e35167047e52892c94,,,,,,,15716086060310,0x96f808e58DB36e39fe20e40A30eA94A15fAC2FE8
0x7d800a412ca8d1abda9c918accc74ca5ce5b19c8,,,,,,,103404771854620360000,0x96f808e58DB36e39fe20e40A30eA94A15fAC2FE8
0x7d992742d02ad7e5f8c030e28791e6035c438d72,,,,,,,51702385919890880000,0x96f808e58DB36e39fe20e40A30eA94A15fAC2FE8
0x7e3f02de2f15989ec561beef697d928c2ee9edc3,,,,,,,51702385919890880000,0x96f808e58DB36e39fe20e40A30eA94A15fAC2FE8
0x7e8196fe6384119749c8571228db16bb2626bffd,,,,,,,13522539875063,0x96f808e58DB36e39fe20e40A30eA94A15fAC2FE8
0x7ebfbccc0d779c5c9628db8268d00d1ecc79ad6d,,,,,,,51702385919890880000,0x96f808e58DB36e39fe20e40A30eA94A15fAC2FE8
0x7eccb051516f35c0bbedffcfa137ca8a05f8718d,,,,,,,2268530300469445,0x96f808e58DB36e39fe20e40A30eA94A15fAC2FE8
0x7fee68592d92741cbf1bdfe9a16e2272e4f6e8ef,,,,,,,2684190800904777,0x96f808e58DB36e39fe20e40A30eA94A15fAC2FE8
0x7ff1d31103dde4c75de08716813836b628bfdbc9,,,,,,,807703731215371,0x96f808e58DB36e39fe20e40A30eA94A15fAC2FE8
0x802f90d13480e357f5d947ebee956ead24261176,,,,,,,1100463833822698500,0x96f808e58DB36e39fe20e40A30eA94A15fAC2FE8
0x80c6e4d56562a61187587f34ffefc92c5d925088,,,,,,,4972807267328,0x96f808e58DB36e39fe20e40A30eA94A15fAC2FE8
0x813b1d4ff7815f5ecd582ffe664238e00694b588,,,,,,,1094035613171781,0x96f808e58DB36e39fe20e40A30eA94A15fAC2FE8
0x816f57c3a2757ea9313c4043d6946d145bf21794,,,,,,,839412270009967,0x96f808e58DB36e39fe20e40A30eA94A15fAC2FE8
0x81c67bed179f1b657bf40e420d2ec42895e1992c,,,,,,,171371220864747,0x96f808e58DB36e39fe20e40A30eA94A15fAC2FE8
0x81d38529febf3ef9a88b88e7193eec1f245a7ad5,,,,,,,51702385919890880000,0x96f808e58DB36e39fe20e40A30eA94A15fAC2FE8
0x823817c6a6f2e78093341c18231ad28b29ad35e3,,,,,,,51702517055904200000,0x96f808e58DB36e39fe20e40A30eA94A15fAC2FE8
0x82907132791365aa7b50d7ba6bdd2d1d931b121f,,,,,,,103404771854620360000,0x96f808e58DB36e39fe20e40A30eA94A15fAC2FE8
0x82a41ee916e078a7d7fded3b43be4163d8adffde,,,,,,,910738990668512,0x96f808e58DB36e39fe20e40A30eA94A15fAC2FE8
0x82a6665ec0d31e79fc1ba807cc314c49ad1a9013,,,,,,,51702385919890880000,0x96f808e58DB36e39fe20e40A30eA94A15fAC2FE8
0x831d7aaedda775081d5ddc5cf91eef3b557c66ba,,,,,,,4133453794303309,0x96f808e58DB36e39fe20e40A30eA94A15fAC2FE8
0x8439c2d89ab972b520989d42601d9d5ddd81e000,,,,,,,1611518400287284,0x96f808e58DB36e39fe20e40A30eA94A15fAC2FE8
0x843e8785320f2d7b74a6190c9881261e43051499,,,,,,,2474732457997634,0x96f808e58DB36e39fe20e40A30eA94A15fAC2FE8
0x84698c0b87691eebbb4a11ab20c49916e0d7ecd9,,,,,,,587314517166355,0x96f808e58DB36e39fe20e40A30eA94A15fAC2FE8
0x847b695f960d99c99142a835dd686586ad0b4e75,,,,,,,815187658441817,0x96f808e58DB36e39fe20e40A30eA94A15fAC2FE8
0x84f36bd98fed29df05bb50eca3d0ec825feb98e4,,,,,,,788275784271199,0x96f808e58DB36e39fe20e40A30eA94A15fAC2FE8
0x854711f82e1df2dc0278f623e9c66a2dbef5389a,,,,,,,51702385919890880000,0x96f808e58DB36e39fe20e40A30eA94A15fAC2FE8
0x857dc07ac7658544c486bba9602b4f79c5b6d82b,,,,,,,49154308034188528,0x96f808e58DB36e39fe20e40A30eA94A15fAC2FE8
0x8607d264ea59264985b376e7a3d77de93bda597a,,,,,,,51702385919890880000,0x96f808e58DB36e39fe20e40A30eA94A15fAC2FE8
0x862af0bb5bf3535fc0f119cccce0a38f6cc24a1f,,,,,,,135727153045728,0x96f808e58DB36e39fe20e40A30eA94A15fAC2FE8
0x86a325f98647541ddd1e70a0903d2baf69f7423a,,,,,,,880579774984064,0x96f808e58DB36e39fe20e40A30eA94A15fAC2FE8
0x86c795b0c8a1b08bcb4b22b0f8e2e70b7b394589,,,,,,,863501237275668,0x96f808e58DB36e39fe20e40A30eA94A15fAC2FE8
0x86ed5d9883c595678c5cf0e6dd849a10f1f9b1d7,,,,,,,778017035573098,0x96f808e58DB36e39fe20e40A30eA94A15fAC2FE8
0x87138ead456276321663c8cb0b7a5c4ca1278850,,,,,,,51702385919890880000,0x96f808e58DB36e39fe20e40A30eA94A15fAC2FE8
0x875c2aa1b9772fe760e330c2fb18a1853dcce8ec,115779.273339,1.0,1.0,2026-06-01 00:00:00,2026-06-01 00:00:00,0.4,26768287661773484000,0x96f808e58DB36e39fe20e40A30eA94A15fAC2FE8
0x876b66a853b3d233b5c7fad53ec676316124714c,,,,,,,188675699552506,0x96f808e58DB36e39fe20e40A30eA94A15fAC2FE8
0x877a8f5107bac127ca4ac7237591b062c412500b,,,,,,,51702385919890880000,0x96f808e58DB36e39fe20e40A30eA94A15fAC2FE8
0x8843e68f1f1b979a2359a90ed1aab9e3e1b28f54,,,,,,,1186556421853087,0x96f808e58DB36e39fe20e40A30eA94A15fAC2FE8
0x88758b26b8c20ff50a8221938efe59e63a8ff2c3,,,,,,,236756216928008,0x96f808e58DB36e39fe20e40A30eA94A15fAC2FE8
0x888880f5573159e378fdece526f5d73e6f47f595,,,,,,,51702385919890880000,0x96f808e58DB36e39fe20e40A30eA94A15fAC2FE8
0x888a13448567d77ad16d578527a4174cb4be9000,,,,,,,51702385919890880000,0x96f808e58DB36e39fe20e40A30eA94A15fAC2FE8
0x88b3d4785c877543df254db0fa183e9edb4d8280,,,,,,,1045892260652580,0x96f808e58DB36e39fe20e40A30eA94A15fAC2FE8
0x8915e6724ba238bc6a86bffb0c4dd21cce840ae2,,,,,,,31204923596,0x96f808e58DB36e39fe20e40A30eA94A15fAC2FE8
0x89795c1d26d80ee794a0e2063416142add6e80f8,,,,,,,12613948256411,0x96f808e58DB36e39fe20e40A30eA94A15fAC2FE8
0x89d590a991cdea96d4b6549b996cab64f5f70866,,,,,,,9861840024557210000,0x96f808e58DB36e39fe20e40A30eA94A15fAC2FE8
0x89f0a2628835c5deeeb38c6269710c4c117112bc,,,,,,,964591897617861,0x96f808e58DB36e39fe20e40A30eA94A15fAC2FE8
0x8a1b73a88e1854dd3eebee4354bd4dba23861e3a,,,,,,,51702385919890880000,0x96f808e58DB36e39fe20e40A30eA94A15fAC2FE8
0x8a7867f68dc2ae1a1dd47ff654d83f1801e43e2c,,,,,,,847575017740454,0x96f808e58DB36e39fe20e40A30eA94A15fAC2FE8
0x8b51777996a8db2894051aecf697bae71731402a,,,,,,,1975516892390116,0x96f808e58DB36e39fe20e40A30eA94A15fAC2FE8
0x8b5b54634d0f798a9a7f90d57b1e99ac54219149,,,,,,,51702385919890880000,0x96f808e58DB36e39fe20e40A30eA94A15fAC2FE8
0x8b5df58160f46c055f24ea12f4cb1c3ea7203088,,,,,,,3473582397533181,0x96f808e58DB36e39fe20e40A30eA94A15fAC2FE8
0x8c156c6edd2844526d30e73a666c3b814d96326a,,,,,,,30640907454449,0x96f808e58DB36e39fe20e40A30eA94A15fAC2FE8
0x8c2934429c2c0438858e95b9f458a09ab0b6e485,,,,,,,840562942497388,0x96f808e58DB36e39fe20e40A30eA94A15fAC2FE8
0x8c66e5e2be2f8166f97ae041c0187feca369f983,,,,,,,3748085334030085,0x96f808e58DB36e39fe20e40A30eA94A15fAC2FE8
0x8c98c5cdf17ca4db1b2b322adbebea50d55f0fd6,,,,,,,269621996152996,0x96f808e58DB36e39fe20e40A30eA94A15fAC2FE8
0x8cbf63f1ec6d4b86d9e38cd9e846d0e01ed64929,,,,,,,310195401784030,0x96f808e58DB36e39fe20e40A30eA94A15fAC2FE8
0x8cc44e8c9fec826f8e180fa0b7038cbb7381d6c5,,,,,,,760216614496209,0x96f808e58DB36e39fe20e40A30eA94A15fAC2FE8
0x8cd1a96b90d4f00c63f6bfe1cea911f4baf2bc70,,,,,,,173804235706091,0x96f808e58DB36e39fe20e40A30eA94A15fAC2FE8
0x8d006c42c22fe952f8cf6c1cf2934e19c77e2e1e,,,,,,,824551870861671,0x96f808e58DB36e39fe20e40A30eA94A15fAC2FE8
0x8d0689d9d6e61c7d2a8ff4e28f3e08fceb9ad139,,,,,,,48416872004083344,0x96f808e58DB36e39fe20e40A30eA94A15fAC2FE8
0x8d0eefa504af1116b29bfb1bf65e76b830ee3982,,,,,,,51702385919890880000,0x96f808e58DB36e39fe20e40A30eA94A15fAC2FE8
0x8d7900f06b89866bfe14b83fd119a0dbc1b50251,,,,,,,4978710146964852700,0x96f808e58DB36e39fe20e40A30eA94A15fAC2FE8
0x8d7c47b35370667741ce1eccb7ad640b045d3563,,,,,,,320507753875493,0x96f808e58DB36e39fe20e40A30eA94A15fAC2FE8
0x8dc13eb54f389c9ffeb5e8fc8e024ad12a60b1e5,,,,,,,109207095975799,0x96f808e58DB36e39fe20e40A30eA94A15fAC2FE8
0x8e50d6cfce2bb51bb444c46fdbd26e7a23a04175,,,,,,,1237147337067537,0x96f808e58DB36e39fe20e40A30eA94A15fAC2FE8
0x8e57bc446f76b2054089cc5c8fa6f0f5b72fc59a,,,,,,,149546349550053600000,0x96f808e58DB36e39fe20e40A30eA94A15fAC2FE8
0x8ef3fa40a403d4174da03769f3b514e729ff0cd5,,,,,,,51702385919890880000,0x96f808e58DB36e39fe20e40A30eA94A15fAC2FE8
0x8f4b496b95d069d11bb09b4860409170fab49302,,,,,,,53152532196304,0x96f808e58DB36e39fe20e40A30eA94A15fAC2FE8
0x8f97f1cdd060898ad82984c690ec3eaeaebffa45,,,,,,,305669432117626,0x96f808e58DB36e39fe20e40A30eA94A15fAC2FE8
0x8ff598aa597f6b729001b384e44334dcf64319c8,,,,,,,3778287460467137,0x96f808e58DB36e39fe20e40A30eA94A15fAC2FE8
0x90241786f3ee61a3295400dea582c848c171cafb,,,,,,,51702385919890880000,0x96f808e58DB36e39fe20e40A30eA94A15fAC2FE8
0x902ad1f43b75e34c8fbf06ca51ee5a94572abd12,,,,,,,2319265116370840,0x96f808e58DB36e39fe20e40A30eA94A15fAC2FE8
0x909cc7e298a0a3920131cbea25a1267af724dedc,,,,,,,193838620936514,0x96f808e58DB36e39fe20e40A30eA94A15fAC2FE8
0x90f1cfbebaa6e4a52f4e15a026d7f6d9ea2aacc4,,,,,,,51702385919890880000,0x96f808e58DB36e39fe20e40A30eA94A15fAC2FE8
0x913d97ea3f35f5e7426495c32fab629c703b2a26,,,,,,,209274008218499,0x96f808e58DB36e39fe20e40A30eA94A15fAC2FE8
0x914953367d50be14a45aa1069c2469eb4d94e555,,,,,,,21149224482907,0x96f808e58DB36e39fe20e40A30eA94A15fAC2FE8
0x915b13028f00c6b0bef03a88ddf1bfd5bd601b19,,,,,,,51702385919890880000,0x96f808e58DB36e39fe20e40A30eA94A15fAC2FE8
0x916727c5ba43d3f4c96ea7c0b163b3ff59094da2,,,,,,,51702385919890880000,0x96f808e58DB36e39fe20e40A30eA94A15fAC2FE8
0x9191c58dee8593a803901ce8871ef0971e85edb0,,,,,,,4585847202606245,0x96f808e58DB36e39fe20e40A30eA94A15fAC2FE8
0x91ec68005d3114771f158f87224825965230a974,,,,,,,51702385919890880000,0x96f808e58DB36e39fe20e40A30eA94A15fAC2FE8
0x929467bdaa4ed9d1256a4bcf11e0caa3fa0a5ef1,,,,,,,11943481981785,0x96f808e58DB36e39fe20e40A30eA94A15fAC2FE8
0x92c19c1dc5a7d002d0072702d9124dd6aa0a5071,,,,,,,51702385919890880000,0x96f808e58DB36e39fe20e40A30eA94A15fAC2FE8
0x932f5ec1746b41dc9b95a65772db29a2c55a054d,,,,,,,791672495304061,0x96f808e58DB36e39fe20e40A30eA94A15fAC2FE8
0x93695de64071684538ee8337f441695bbb3ddcc2,,,,,,,4178717642593043,0x96f808e58DB36e39fe20e40A30eA94A15fAC2FE8
0x93fed2282936fd43c6a3560ecfcd646864b7290b,,,,,,,818107159454196,0x96f808e58DB36e39fe20e40A30eA94A15fAC2FE8
0x94bf125ef30a7a496657d31216b7fd172929e298,,,,,,,51702385919890880000,0x96f808e58DB36e39fe20e40A30eA94A15fAC2FE8
0x94f783c24036126da37260a613bdcc791a2f0396,,,,,,,154324307620872,0x96f808e58DB36e39fe20e40A30eA94A15fAC2FE8
0x952283c92c8d44f88411977bffc681b9db98c6c4,,,,,,,51702385919890880000,0x96f808e58DB36e39fe20e40A30eA94A15fAC2FE8
0x95555f5c35cd07d7199bb902302aac80071892c5,,,,,,,4473936544626689,0x96f808e58DB36e39fe20e40A30eA94A15fAC2FE8
0x958101e5ba3d6d2154cb5d8d674a971831dede9d,,,,,,,3212566379399653,0x96f808e58DB36e39fe20e40A30eA94A15fAC2FE8
0x95a472bbaf98e62581cf588b31a7243bde25a8af,,,,,,,447607575070389,0x96f808e58DB36e39fe20e40A30eA94A15fAC2FE8
0x95b33c7e5283f4fa12d6a16adc1650e76e6cc01f,,,,,,,1430051018352031,0x96f808e58DB36e39fe20e40A30eA94A15fAC2FE8
0x95f2096be898ea2d9a3bd4daad624351cdc4e43f,,,,,,,1147508191165059,0x96f808e58DB36e39fe20e40A30eA94A15fAC2FE8
0x96e4e2ebbeff1f45bfb678695628fa7a0398de1c,,,,,,,51702385919890880000,0x96f808e58DB36e39fe20e40A30eA94A15fAC2FE8
0x973f8bb0b68e6c240aa47f3e634cdd6404d468a6,,,,,,,51702385919890880000,0x96f808e58DB36e39fe20e40A30eA94A15fAC2FE8
0x97403a22ec3d9d5ef1939f8316e3b9ced35ddca1,,,,,,,51702385919890880000,0x96f808e58DB36e39fe20e40A30eA94A15fAC2FE8
0x97435db5c546c83268cb57f2932e5fa343530e11,,,,,,,51702385919890880000,0x96f808e58DB36e39fe20e40A30eA94A15fAC2FE8
0x97a171f653fe35a296820d6ecbda8363efde8b54,,,,,,,51702385919890880000,0x96f808e58DB36e39fe20e40A30eA94A15fAC2FE8
0x97afbdd6c130083a21bd5c53f0d9245fa07cc9d9,,,,,,,3648958821619409900,0x96f808e58DB36e39fe20e40A30eA94A15fAC2FE8
0x97de5243906035a503f2f1c52513a3e2d5080da5,,,,,,,51702385919890880000,0x96f808e58DB36e39fe20e40A30eA94A15fAC2FE8
0x97f4eeb00bcce640b6d1b276b046b3c8611fa97f,,,,,,,886099360831570,0x96f808e58DB36e39fe20e40A30eA94A15fAC2FE8
0x983363ed612a168e9ed332f194e66fd1b19bdd36,,,,,,,76936388787481,0x96f808e58DB36e39fe20e40A30eA94A15fAC2FE8
0x98cf77c87a43a40c3c2d8e46e341fa5e668ae080,,,,,,,2964957724515803,0x96f808e58DB36e39fe20e40A30eA94A15fAC2FE8
0x98fec4340118206307dbc131abba3eb11617460a,,,,,,,791935877176160,0x96f808e58DB36e39fe20e40A30eA94A15fAC2FE8
0x9905c80db8b26470d6e0c3080b2181329f988086,,,,,,,518760098960173760,0x96f808e58DB36e39fe20e40A30eA94A15fAC2FE8
0x99666fb292c76a78b061c308533a1f8034ba8328,,,,,,,4210050170558071,0x96f808e58DB36e39fe20e40A30eA94A15fAC2FE8
0x99fbfd8f61eef44da9dfe44b97cfca410bf4793d,,,,,,,16287723005519,0x96f808e58DB36e39fe20e40A30eA94A15fAC2FE8
0x9a2b02de5bc65ca76ee899b89c400d5d27f50001,,,,,,,51702385919890880000,0x96f808e58DB36e39fe20e40A30eA94A15fAC2FE8
0x9a415abd31c606abd8859b90dcda498a6d931cdc,,,,,,,103404771854620360000,0x96f808e58DB36e39fe20e40A30eA94A15fAC2FE8
0x9a524f688a87fd8f3f02c901f76008f76c1eb257,,,,,,,240157928740683,0x96f808e58DB36e39fe20e40A30eA94A15fAC2FE8
0x9ad304e7d13e157fb22d90a9acb2259dd48db966,,,,,,,49728072673281,0x96f808e58DB36e39fe20e40A30eA94A15fAC2FE8
0x9b66f2e29e9e48305573b2733306f10caedf30fb,,,,,,,1723986632060497,0x96f808e58DB36e39fe20e40A30eA94A15fAC2FE8
0x9baba4482c3b58b6cc16278ddc158101506ed9b8,,,,,,,25993482437759,0x96f808e58DB36e39fe20e40A30eA94A15fAC2FE8
0x9bc170c20229d26252703c27030d2b535dfa50dd,,,,,,,232334404205754,0x96f808e58DB36e39fe20e40A30eA94A15fAC2FE8
0x9c09926927201527812364cf97aa9bb962a638b5,,,,,,,51702385919890880000,0x96f808e58DB36e39fe20e40A30eA94A15fAC2FE8
0x9ca1cc57d5d6d767f6b759712befb8b8783e534e,,,,,,,82184272244748,0x96f808e58DB36e39fe20e40A30eA94A15fAC2FE8
0x9cec8d78faa35d1c31f4b9cb5863104b493e8feb,,,,,,,4479986774920551,0x96f808e58DB36e39fe20e40A30eA94A15fAC2FE8
0x9d412ef6bfc03c816c780bad7ce3654281ede184,,,,,,,51702385919890880000,0x96f808e58DB36e39fe20e40A30eA94A15fAC2FE8
0x9d816e145e925f52d7fea2be8d56bc07a7002d04,,,,,,,766689401845435,0x96f808e58DB36e39fe20e40A30eA94A15fAC2FE8
0x9da83755e17b576a7d1c923c8f353055afd6188f,,,,,,,2588603498131368,0x96f808e58DB36e39fe20e40A30eA94A15fAC2FE8
0x9dff7476d17c43fc7b33d4ff7637a9b63dc228cb,,,,,,,51702385919890880000,0x96f808e58DB36e39fe20e40A30eA94A15fAC2FE8
0x9e263a4434466b21e6a4e90efcc2374a0ce9581f,,,,,,,51702385919890880000,0x96f808e58DB36e39fe20e40A30eA94A15fAC2FE8
0x9e355cd9e091543bba2aa4796664473341554af6,,,,,,,1324331908329641,0x96f808e58DB36e39fe20e40A30eA94A15fAC2FE8
0x9e418f5a21a7ebefb66190bfcbdd42216ea4a6a7,,,,,,,51702385919890880000,0x96f808e58DB36e39fe20e40A30eA94A15fAC2FE8
0x9e460cc883715d58cc47d49da7307b88dd12c3e4,,,,,,,3172278913005698,0x96f808e58DB36e39fe20e40A30eA94A15fAC2FE8
0x9e96c020579b0d3d0bc6f93c3a6f252a1c08034c,,,,,,,1949611989204273,0x96f808e58DB36e39fe20e40A30eA94A15fAC2FE8
0x9f2bb4f166d77e4f72ce291a3a2654bc014d2a6c,,,,,,,51702385919890880000,0x96f808e58DB36e39fe20e40A30eA94A15fAC2FE8
0x9f33106d97f2490a258f9d0f1c5e58870c70d362,,,,,,,132962879503018,0x96f808e58DB36e39fe20e40A30eA94A15fAC2FE8
0x9f67e303f3b9db44d3e5441fb8fa924217a3b390,,,,,,,67686171248390,0x96f808e58DB36e39fe20e40A30eA94A15fAC2FE8
0x9f6b7f6a018955ae8a98c4f0e6d45f2b3c1d70c4,,,,,,,51702385919890880000,0x96f808e58DB36e39fe20e40A30eA94A15fAC2FE8
0x9f84fcd4528e85301892b7396cb50408ac56e7ee,,,,,,,2702390557929939,0x96f808e58DB36e39fe20e40A30eA94A15fAC2FE8
0x9ffd008ae425bf41fb47e071dc7d57e0c6cc42f4,,,,,,,1318281090144037,0x96f808e58DB36e39fe20e40A30eA94A15fAC2FE8
0x9fffa56eac7c63e79423d9dbdd392b67aa183f60,,,,,,,925658968944713,0x96f808e58DB36e39fe20e40A30eA94A15fAC2FE8
0xa010cf7fab51f9d93e09f3df4ea9f92fdd074cb5,,,,,,,2527965200005255,0x96f808e58DB36e39fe20e40A30eA94A15fAC2FE8
0xa0181758b14efb2dadfec66d58251ae631e2b942,,,,,,,51702385919890880000,0x96f808e58DB36e39fe20e40A30eA94A15fAC2FE8
0xa06ef1e83a4c3594c7ccc9e3cf3b0a24624d31b7,,,,,,,927129607062052,0x96f808e58DB36e39fe20e40A30eA94A15fAC2FE8
0xa132c4edbb42620fddff5918e2e08d01e65b2c27,,,,,,,188634940360340,0x96f808e58DB36e39fe20e40A30eA94A15fAC2FE8
0xa13fda126a650b9faafa2833d7d6395ae1d819ef,,,,,,,1045824800486444,0x96f808e58DB36e39fe20e40A30eA94A15fAC2FE8
0xa1495a31b170dbeaad76cdcc1a2d9e53334f322c,,,,,,,1728186865918992,0x96f808e58DB36e39fe20e40A30eA94A15fAC2FE8
0xa1bff1f10c5a06f957215d23ff7a609efb8055ea,,,,,,,952648538147782,0x96f808e58DB36e39fe20e40A30eA94A15fAC2FE8
0xa2232150141e2e1838bc7b87f7518ef46330bfa5,,,,,,,2329610598423015,0x96f808e58DB36e39fe20e40A30eA94A15fAC2FE8
0xa2538488098e73528e5d1bb7ccb5711a6453458f,,,,,,,191745700644955,0x96f808e58DB36e39fe20e40A30eA94A15fAC2FE8
0xa2cfb4a5e7e501d6bd2d6aa8ecc10893e1dbd624,15431.753387499999,1.0,1.0,2026-06-01 00:00:00,2026-06-01 00:00:00,0.16,3567837332962442800,0x96f808e58DB36e39fe20e40A30eA94A15fAC2FE8
0xa32d9f53162bcc67b97245526dfe71f498e670a1,,,,,,,5007973521406996,0x96f808e58DB36e39fe20e40A30eA94A15fAC2FE8
0xa37869334bdddacea92eabb162530026a855ad51,,,,,,,984273564659485,0x96f808e58DB36e39fe20e40A30eA94A15fAC2FE8
0xa38b76746b076c8a0a75747692ec8445d65e924f,,,,,,,985620315898076,0x96f808e58DB36e39fe20e40A30eA94A15fAC2FE8
0xa3f8167deab5e9d15c26c00631ab4a5a64359dcd,,,,,,,138075357308993,0x96f808e58DB36e39fe20e40A30eA94A15fAC2FE8
0xa481c3da5f4aa619e186c1bcea3d405f6d5484fa,,,,,,,974928043908082,0x96f808e58DB36e39fe20e40A30eA94A15fAC2FE8
0xa49224407bfbcfced35d70657f44041b8e162ef9,,,,,,,51702385919890880000,0x96f808e58DB36e39fe20e40A30eA94A15fAC2FE8
0xa4cd26a567908aac033b3d8a61e8f0fde844d384,,,,,,,51702385919890880000,0x96f808e58DB36e39fe20e40A30eA94A15fAC2FE8
0xa4d373ced1e8a1c4246072c26e782d4bfae518be,,,,,,,20822857185104392000,0x96f808e58DB36e39fe20e40A30eA94A15fAC2FE8
0xa5c6418d1bb26fe336cf5ee32dc203f5c249ce99,,,,,,,51702385919890880000,0x96f808e58DB36e39fe20e40A30eA94A15fAC2FE8
0xa5d9c11c25a97757bd41b665254a432ee6e708df,,,,,,,190915964631051,0x96f808e58DB36e39fe20e40A30eA94A15fAC2FE8
0xa5f3e907ca439d7732e7a6b9ba20610990b65e8c,,,,,,,51702385919890880000,0x96f808e58DB36e39fe20e40A30eA94A15fAC2FE8
0xa60d118dc57f40b465921a03e47d257bb079f87d,,,,,,,1547611335076739,0x96f808e58DB36e39fe20e40A30eA94A15fAC2FE8
0xa629790eb727f3dadb63c7fbeeca7e3433af5568,,,,,,,3765289108507110,0x96f808e58DB36e39fe20e40A30eA94A15fAC2FE8
0xa70222aa0e5a0a7accd9bbf019dc17c2eeed7f90,,,,,,,1199975214252653,0x96f808e58DB36e39fe20e40A30eA94A15fAC2FE8
0xa73a77a692acef1a25c0c128ef87109265bacf04,,,,,,,1438469274316422,0x96f808e58DB36e39fe20e40A30eA94A15fAC2FE8
0xa768f44c537e5b346b3053e1ee37eb0eb4e7a88e,,,,,,,314374358278198,0x96f808e58DB36e39fe20e40A30eA94A15fAC2FE8
0xa77998fd95a2bf4307b385912596b3cfe33937d6,,,,,,,10789958013865,0x96f808e58DB36e39fe20e40A30eA94A15fAC2FE8
0xa7a23c9d8b3c6f471d554749ec1173839cdde4b6,,,,,,,51702385919890880000,0x96f808e58DB36e39fe20e40A30eA94A15fAC2FE8
0xa852c845b0361f8292ad3898c68195a72836eb07,,,,,,,160500571420562,0x96f808e58DB36e39fe20e40A30eA94A15fAC2FE8
0xa8c295a30335748df2b55a86eb124da7a79585dd,,,,,,,15213073142437,0x96f808e58DB36e39fe20e40A30eA94A15fAC2FE8
0xa8dc290ec7ba45000f11ad76c8b93a3ed67e386a,,,,,,,935143931039208,0x96f808e58DB36e39fe20e40A30eA94A15fAC2FE8
0xa8e4386461d948ea06b94c3d1d085f844af946ff,,,,,,,24864036336640,0x96f808e58DB36e39fe20e40A30eA94A15fAC2FE8
0xa9a06d77d55a7a72b59454508e7e88a4f0785053,,,,,,,51702385919890880000,0x96f808e58DB36e39fe20e40A30eA94A15fAC2FE8
0xaa734fa3aa11d2e8fe60d50dde07d5c95b5f928c,,,,,,,2158313688959865860,0x96f808e58DB36e39fe20e40A30eA94A15fAC2FE8
0xaa938607232836de144ceb0e33ccc926bc0c0b96,,,,,,,82011825097103,0x96f808e58DB36e39fe20e40A30eA94A15fAC2FE8
0xaac0f1f7715beb0a2c34eae16afe93fb10c1fb6f,26904904.413210005,1.0,1.0,2026-06-01 00:00:00,2026-06-01 00:00:00,0.84,6220441708392785000000,0x96f808e58DB36e39fe20e40A30eA94A15fAC2FE8
0xaae27ee2fe5976e4173f38254596a2af8525b71b,,,,,,,192202857184825,0x96f808e58DB36e39fe20e40A30eA94A15fAC2FE8
0xaaf33a7e4756d097b2158551a25374daf600c49d,664717.6306800001,1.0,1.0,2026-06-01 00:00:00,2026-06-01 00:00:00,0.52,153683403244344740000,0x96f808e58DB36e39fe20e40A30eA94A15fAC2FE8
0xab402d5f93fdf5ec1ade26e9c295a04ddc522a06,,,,,,,51702385919890880000,0x96f808e58DB36e39fe20e40A30eA94A15fAC2FE8
0xab420847576faca8f228a274d5e1e07d2ae98ac4,,,,,,,51702385919890880000,0x96f808e58DB36e39fe20e40A30eA94A15fAC2FE8
0xabccd387da89ca135597ff188a678ca2ba22f2a4,,,,,,,830988050644425,0x96f808e58DB36e39fe20e40A30eA94A15fAC2FE8
0xabff1e9cfa87ee14fee544c64957392852d9113d,,,,,,,51702385919890880000,0x96f808e58DB36e39fe20e40A30eA94A15fAC2FE8
0xac162fe3a19fdc96eed6da35d6f7fda3902f4b8c,,,,,,,51702385919890880000,0x96f808e58DB36e39fe20e40A30eA94A15fAC2FE8
0xac2bdb872655572f616879eb32e5fb81f336974c,,,,,,,51702385919890880000,0x96f808e58DB36e39fe20e40A30eA94A15fAC2FE8
0xac3f58f6d2d44cccb066e86c04da13f8d9dc4dca,,,,,,,655921223485778,0x96f808e58DB36e39fe20e40A30eA94A15fAC2FE8
0xac44a16c6c5d68d6e747e636bbd12777c908a7ca,,,,,,,1210205986087262,0x96f808e58DB36e39fe20e40A30eA94A15fAC2FE8
0xac7828213593d6cbf293f51c85ea7fec0d2d3cae,,,,,,,187779820167743,0x96f808e58DB36e39fe20e40A30eA94A15fAC2FE8
0xacf1e8f3bfad1413cd6792c3d0dd7277ed10c2c7,,,,,,,182146472129492,0x96f808e58DB36e39fe20e40A30eA94A15fAC2FE8
0xad2e9541ab866c721277e7d37b00bd82de7052d2,,,,,,,108919159551254,0x96f808e58DB36e39fe20e40A30eA94A15fAC2FE8
0xad362d21bf2b8b905342e55e1ae7b5251a06a57f,,,,,,,51702385919890880000,0x96f808e58DB36e39fe20e40A30eA94A15fAC2FE8
0xad7347b91e20faa77937ddb7666190dd23327e7b,,,,,,,2168000414641991,0x96f808e58DB36e39fe20e40A30eA94A15fAC2FE8
0xad7daf8a4d3eff12c0aa6d2791b89ad84ac6c1d3,,,,,,,1871278349277673,0x96f808e58DB36e39fe20e40A30eA94A15fAC2FE8
0xadf3866f273d6d209c31d1244b185b078ff81373,,,,,,,968211669988339,0x96f808e58DB36e39fe20e40A30eA94A15fAC2FE8
0xae0ef3969305b24d17fa5948cc6458d136e573f9,,,,,,,2848568662450581,0x96f808e58DB36e39fe20e40A30eA94A15fAC2FE8
0xae519a6d0c4143fdbea652f0a936ea045d64b8cb,,,,,,,39780121166177,0x96f808e58DB36e39fe20e40A30eA94A15fAC2FE8
0xae80000916925cf8770039959ba7eee0638b31d9,,,,,,,215762368121044,0x96f808e58DB36e39fe20e40A30eA94A15fAC2FE8
0xaefc7371b752b6f04f37b5c74f8aa11e671d153f,,,,,,,3063909853622957,0x96f808e58DB36e39fe20e40A30eA94A15fAC2FE8
0xafbd66706f90bc56d29c39a260930b34b2757ed8,,,,,,,155107157774511240000,0x96f808e58DB36e39fe20e40A30eA94A15fAC2FE8
0xafc1c3936a46f236ff8c5ef5527e9405154119d5,,,,,,,4037669455090751,0x96f808e58DB36e39fe20e40A30eA94A15fAC2FE8
0xb00f775cc37f4b6da3663a62c1db960e358fc431,,,,,,,15566192773416841000,0x96f808e58DB36e39fe20e40A30eA94A15fAC2FE8
0xb0341e5c023c4fa3f506b0a3a0fb8fb67bf6393a,,,,,,,971583487094885,0x96f808e58DB36e39fe20e40A30eA94A15fAC2FE8
0xb0528351c49ca7950c2f8ced526202ff4e69bfe3,,,,,,,51702385919890880000,0x96f808e58DB36e39fe20e40A30eA94A15fAC2FE8
0xb0e249d5c0349d906592506ebd81648f964e90d4,,,,,,,807007431415427,0x96f808e58DB36e39fe20e40A30eA94A15fAC2FE8
0xb0f1d91a60dfe3ee0cf52452720941245f92d087,,,,,,,12545112505825,0x96f808e58DB36e39fe20e40A30eA94A15fAC2FE8
0xb105e97728e6d26d983d7793cec2a110cf54de28,,,,,,,1983355850111022,0x96f808e58DB36e39fe20e40A30eA94A15fAC2FE8
0xb108247a6228b52769440d2852001bc84bdd1fe5,,,,,,,1445469163755931,0x96f808e58DB36e39fe20e40A30eA94A15fAC2FE8
0xb141a1f0996c48d6b2e70fddffd460dc3542ea27,,,,,,,3215407892256,0x96f808e58DB36e39fe20e40A30eA94A15fAC2FE8
0xb18fb662b1923b5571e61aa59a35aebe71ea27dd,,,,,,,2696844055685196,0x96f808e58DB36e39fe20e40A30eA94A15fAC2FE8
0xb1902208340e13c716591e8e626e75e3e30ed113,,,,,,,51702385919890880000,0x96f808e58DB36e39fe20e40A30eA94A15fAC2FE8
0xb197518bee0e0570c86e942b2020551892591fbe,,,,,,,153168216457165,0x96f808e58DB36e39fe20e40A30eA94A15fAC2FE8
0xb19a5c9b0efc14d504bfb182451e22846403db2d,,,,,,,2834936670700128,0x96f808e58DB36e39fe20e40A30eA94A15fAC2FE8
0xb1f2b6afb7570cd6d696fc62736639adea619e5b,,,,,,,122602204766033,0x96f808e58DB36e39fe20e40A30eA94A15fAC2FE8
0xb1f55485d7eba772f0d454ceb0ea9a27586ad86f,,,,,,,2481870501486845400,0x96f808e58DB36e39fe20e40A30eA94A15fAC2FE8
0xb2325daf2a1ecb7414e37c8e39715b7f4f371534,,,,,,,70088001105,0x96f808e58DB36e39fe20e40A30eA94A15fAC2FE8
0xb23bbd9aa7f2dc7e8f2bf93cc4e6ac728b1dcf17,,,,,,,51702385919890880000,0x96f808e58DB36e39fe20e40A30eA94A15fAC2FE8
0xb25632f9b3eff866175d81a7a62243a9e335aefe,,,,,,,9972526759917320,0x96f808e58DB36e39fe20e40A30eA94A15fAC2FE8
0xb2af6e04f8443a2f0ebf5f311cb7d425bb9ca803,,,,,,,4370238216879253,0x96f808e58DB36e39fe20e40A30eA94A15fAC2FE8
0xb2b3d54465a4281e99f76ff354742679c42bad08,,,,,,,51702385919890880000,0x96f808e58DB36e39fe20e40A30eA94A15fAC2FE8
0xb2db644bab191cadc7f240e0e38df836bd7f0cd6,,,,,,,51702385919890880000,0x96f808e58DB36e39fe20e40A30eA94A15fAC2FE8
0xb2f3aed8ef84ad40484fc71ebb1301b8c8b4785f,,,,,,,51702385919890880000,0x96f808e58DB36e39fe20e40A30eA94A15fAC2FE8
0xb331abd0e1e1b6c3ddd2cedf95c19b6a0fba7174,,,,,,,596037059729050,0x96f808e58DB36e39fe20e40A30eA94A15fAC2FE8
0xb39b0cfc24bb5856957244c752c0cf67cc33ea4e,120740.20699400001,1.0,1.0,2026-06-01 00:00:00,2026-06-01 00:00:00,0.44,27915260650273677000,0x96f808e58DB36e39fe20e40A30eA94A15fAC2FE8
0xb3d63596db7704f65551257e2f59ebe4c48b3e15,,,,,,,2127786225253501,0x96f808e58DB36e39fe20e40A30eA94A15fAC2FE8
0xb3daf38b0e8629744cc25351bd4b6a9423a7cbef,,,,,,,51702385919890880000,0x96f808e58DB36e39fe20e40A30eA94A15fAC2FE8
0xb42cc175062a9a327d64bff081fe70e54168f914,,,,,,,1102296935136003,0x96f808e58DB36e39fe20e40A30eA94A15fAC2FE8
0xb498233b3afcb3f211dda0be72217a46db38cf54,,,,,,,773791642620335,0x96f808e58DB36e39fe20e40A30eA94A15fAC2FE8
0xb4b00a9f6a6cc383f7ac3274a5d50fe03613cefd,,,,,,,1155095501209677,0x96f808e58DB36e39fe20e40A30eA94A15fAC2FE8
0xb4b3314d6f44ebc56fc12f50b880700e33d6cda7,,,,,,,4349844677895478,0x96f808e58DB36e39fe20e40A30eA94A15fAC2FE8
0xb4fe0f67f4ece794adfaa37034032f68fff0b974,,,,,,,103404771854620360000,0x96f808e58DB36e39fe20e40A30eA94A15fAC2FE8
0xb568f1adae3f4664b097dc051011b7a35e5f10ca,,,,,,,21219952998231,0x96f808e58DB36e39fe20e40A30eA94A15fAC2FE8
0xb573fac66f47f6279b233cc312e283c412dee47d,,,,,,,14178037110408,0x96f808e58DB36e39fe20e40A30eA94A15fAC2FE8
0xb59091d0195487d0c272800278373ed32c033a5e,,,,,,,2501156335978780,0x96f808e58DB36e39fe20e40A30eA94A15fAC2FE8
0xb592281b6721c61d81dfa554c4bab7449ad71a09,,,,,,,2261395019767604,0x96f808e58DB36e39fe20e40A30eA94A15fAC2FE8
0xb5b08083bd022c6ad41950bdb486fd16817ae509,,,,,,,937625798450867,0x96f808e58DB36e39fe20e40A30eA94A15fAC2FE8
0xb5ba5d17c9207720dbf87fbe8d76759631d2b3c0,,,,,,,873334202913869,0x96f808e58DB36e39fe20e40A30eA94A15fAC2FE8
0xb5ed8849596cf090fad90b0045fe56aff5ecfc54,,,,,,,5967368803016,0x96f808e58DB36e39fe20e40A30eA94A15fAC2FE8
0xb6e69cd90f8c82f5ad1ea848d0db6d9f56d62a01,,,,,,,1164361326452258,0x96f808e58DB36e39fe20e40A30eA94A15fAC2FE8
0xb7034e85366ed253c123505c558f41f4d6236f9b,,,,,,,767116723496132,0x96f808e58DB36e39fe20e40A30eA94A15fAC2FE8
0xb73a511319415a2d86abb7585ea13fc066561108,,,,,,,2109930483974923,0x96f808e58DB36e39fe20e40A30eA94A15fAC2FE8
0xb7c215473e46a61cf6928e02069d1817db9b1712,,,,,,,51702385919890880000,0x96f808e58DB36e39fe20e40A30eA94A15fAC2FE8
0xb7d2f32e0d7a5d2968676529ecd33cb5d4bb5f01,,,,,,,231695907936213,0x96f808e58DB36e39fe20e40A30eA94A15fAC2FE8
0xb7d6e4ad3c3bef48c9e1cb4856b5ddfc98e3466c,,,,,,,15805074439655212,0x96f808e58DB36e39fe20e40A30eA94A15fAC2FE8
0xb81b84bb08dbf3a8f282aa09a0b9b31f4093cc9d,,,,,,,1204017156204392,0x96f808e58DB36e39fe20e40A30eA94A15fAC2FE8
0xb828fa38e1a150a1795539692aced1b19358cd21,,,,,,,302701767560496,0x96f808e58DB36e39fe20e40A30eA94A15fAC2FE8
0xb84848de993b0ecf356036c552eed3abdade6ed3,,,,,,,13380420541203,0x96f808e58DB36e39fe20e40A30eA94A15fAC2FE8
0xb8950c47e8b9e539601cb47a167de8bf4cb1289e,,,,,,,51702385919890880000,0x96f808e58DB36e39fe20e40A30eA94A15fAC2FE8
0xb91d5a05ec5298d69cde53ab688ffab63bf16a0e,,,,,,,103404771854620360000,0x96f808e58DB36e39fe20e40A30eA94A15fAC2FE8
0xb938ace26be1932a8ac464b027e3ae98e1d82109,,,,,,,170646784689426,0x96f808e58DB36e39fe20e40A30eA94A15fAC2FE8
0xb9583576d32d34f5c533ac9d52f3ac2b2fb314b6,,,,,,,1090291740349297,0x96f808e58DB36e39fe20e40A30eA94A15fAC2FE8
0xb986f24a3658b5ee7dd5885c32c7c4ad7b982175,,,,,,,626565723644566,0x96f808e58DB36e39fe20e40A30eA94A15fAC2FE8
0xb9d1ec7913605b2b3db67546a05efad9960e21b9,,,,,,,51702385919890880000,0x96f808e58DB36e39fe20e40A30eA94A15fAC2FE8
0xb9ed56cb5b6c6fe436c77d43b03903f572b052e3,,,,,,,51702385919890880000,0x96f808e58DB36e39fe20e40A30eA94A15fAC2FE8
0xb9f4d99371bda02012b6229c01cd8b846168040e,,,,,,,2489267653113,0x96f808e58DB36e39fe20e40A30eA94A15fAC2FE8
0xba00d14d32a2fec5478162062543e7e84998e0aa,,,,,,,103404771854620360000,0x96f808e58DB36e39fe20e40A30eA94A15fAC2FE8
0xba1cf8a6709a907aa8708b4d05701c1991a7f259,,,,,,,51702385919890880000,0x96f808e58DB36e39fe20e40A30eA94A15fAC2FE8
0xba8cab38a35cee7001e84ba2a4a2be1fd5125c14,,,,,,,9890893388904219000,0x96f808e58DB36e39fe20e40A30eA94A15fAC2FE8
0xbb0b8a93221ce873ab3cae030646537378bbcf6b,,,,,,,1305523489718553,0x96f808e58DB36e39fe20e40A30eA94A15fAC2FE8
0xbb2389247e4ff2c5049854cff0e98c7d56a736db,,,,,,,767354343582151,0x96f808e58DB36e39fe20e40A30eA94A15fAC2FE8
0xbb338d474184297b1f38025cab983bfe9cf7fc12,,,,,,,51702385919890880000,0x96f808e58DB36e39fe20e40A30eA94A15fAC2FE8
0xbb557a02f52e01a5fa4b57573bbe9631a1906df9,,,,,,,51702385919890880000,0x96f808e58DB36e39fe20e40A30eA94A15fAC2FE8
0xbb68707c223f937806c2f96233907656f01ebb82,,,,,,,2321047944941491,0x96f808e58DB36e39fe20e40A30eA94A15fAC2FE8
0xbbbf18a1728abec13e413aea053206c37c4bb1dd,,,,,,,51702385919890880000,0x96f808e58DB36e39fe20e40A30eA94A15fAC2FE8
0xbbec1d91398077d3fb763598c8cd3f2b9742d41e,,,,,,,4570483440888379,0x96f808e58DB36e39fe20e40A30eA94A15fAC2FE8
0xbbfc128b332418969a3fa37d7cf866055401cfa4,,,,,,,51702385919890880000,0x96f808e58DB36e39fe20e40A30eA94A15fAC2FE8
0xbc44ccb8f69032372cb0661480aca53351e468cd,,,,,,,51702385919890880000,0x96f808e58DB36e39fe20e40A30eA94A15fAC2FE8
0xbcbdaab5731aa89e0034804549e8fcd966b127d1,,,,,,,951192253838962,0x96f808e58DB36e39fe20e40A30eA94A15fAC2FE8
0xbcd4a7c5d37f26b872b8c0c808b0be038d63d084,,,,,,,918803697995631,0x96f808e58DB36e39fe20e40A30eA94A15fAC2FE8
0xbcf3e665c04e9cad40ffdabe4eb665af1b1ccd39,,,,,,,42266378854688,0x96f808e58DB36e39fe20e40A30eA94A15fAC2FE8
0xbcfb4414c471109315bc4be1413b38d56d74300e,,,,,,,185255422077547,0x96f808e58DB36e39fe20e40A30eA94A15fAC2FE8
0xbcfe7e7d2d7ff23844a0de610efa1eb26b787f7e,,,,,,,79105065713199,0x96f808e58DB36e39fe20e40A30eA94A15fAC2FE8
0xbd286ac236fa0752ae4bea89a8b6936ea197fc56,,,,,,,51702385919890880000,0x96f808e58DB36e39fe20e40A30eA94A15fAC2FE8
0xbdf21a89ac93b778b416d812f2521d3dcaac9114,,,,,,,2543704433994520,0x96f808e58DB36e39fe20e40A30eA94A15fAC2FE8
0xbdfe0e381933666ac1417189495be2ac6921ced1,,,,,,,51702385919890880000,0x96f808e58DB36e39fe20e40A30eA94A15fAC2FE8
0xbe09a9497476014febb99b53d6ab42769b5695fd,,,,,,,2639344034466068,0x96f808e58DB36e39fe20e40A30eA94A15fAC2FE8
0xbe5955ba42c678d91742985a2e6e19e9e90f4759,,,,,,,5519816070845,0x96f808e58DB36e39fe20e40A30eA94A15fAC2FE8
0xbe6264811079a938c42c95f4782c5d6ffee9a3e9,,,,,,,1191252910341115,0x96f808e58DB36e39fe20e40A30eA94A15fAC2FE8
0xbe6d84a503908f7ade8471d4f4b5bed5ecca4643,,,,,,,51702385919890880000,0x96f808e58DB36e39fe20e40A30eA94A15fAC2FE8
0xbe6e0481e9fce3145977da0fa41d10269138d2a6,,,,,,,220000683592049,0x96f808e58DB36e39fe20e40A30eA94A15fAC2FE8
0xbeb6350757fb9048cf517c540329d665a8960d4d,,,,,,,103404771854620360000,0x96f808e58DB36e39fe20e40A30eA94A15fAC2FE8
0xbec014cc4e0c131dfe70f7dd1f0949cce901b26e,,,,,,,1079861449157939,0x96f808e58DB36e39fe20e40A30eA94A15fAC2FE8
0xbf00649d46e93b46f493505de79a2e5e48c89e68,,,,,,,1023606950180788,0x96f808e58DB36e39fe20e40A30eA94A15fAC2FE8
0xbf405161a52a63e8c069931097a7a599e8bbe200,,,,,,,925704957084467,0x96f808e58DB36e39fe20e40A30eA94A15fAC2FE8
0xbf4d1e84c85f738bf3cea5d426a17809687124bb,,,,,,,697974774635825,0x96f808e58DB36e39fe20e40A30eA94A15fAC2FE8
0xbf54a6f732cb062a2ddc177dc385685812b53ec2,,,,,,,834821149605297,0x96f808e58DB36e39fe20e40A30eA94A15fAC2FE8
0xbf67e0e425ccb09f192d73bcefc9b5edda5f3352,,,,,,,122165736465410,0x96f808e58DB36e39fe20e40A30eA94A15fAC2FE8
0xc007e37b4d85a24669f7784f26712739586c5a4c,,,,,,,103404771854620360000,0x96f808e58DB36e39fe20e40A30eA94A15fAC2FE8
0xc11b75d7856eb08044f6af3b622deb4ea007dff2,,,,,,,720546665886697,0x96f808e58DB36e39fe20e40A30eA94A15fAC2FE8
0xc1328745ee9a2a5d2ad735a06deb0f77209a9cdc,,,,,,,911975564211524,0x96f808e58DB36e39fe20e40A30eA94A15fAC2FE8
0xc14b673b8a5353557938375937535a6f655aa852,,,,,,,16013815067469638,0x96f808e58DB36e39fe20e40A30eA94A15fAC2FE8
0xc1bb5aa56c8db9aeba0eeb89889e5265ebd6bfa5,,,,,,,919183164230851,0x96f808e58DB36e39fe20e40A30eA94A15fAC2FE8
0xc1e8bcd06f0336bdae77bafe980d6c67c07ebb3c,,,,,,,590499815545884,0x96f808e58DB36e39fe20e40A30eA94A15fAC2FE8
0xc1f420a783810fd23d3e501b4798ce6bc83b1bc9,,,,,,,4329870111677456,0x96f808e58DB36e39fe20e40A30eA94A15fAC2FE8
0xc228dc9344567c2119e0ad8bccea9bbdc86e7f63,,,,,,,768780329471772,0x96f808e58DB36e39fe20e40A30eA94A15fAC2FE8
0xc22c2b5b6acd37561203198d07d7e09b4dc0d1b2,,,,,,,1167644977270003,0x96f808e58DB36e39fe20e40A30eA94A15fAC2FE8
0xc23ed3f9141304e3e618de32eb42681e4e75fcee,,,,,,,585047225407220990,0x96f808e58DB36e39fe20e40A30eA94A15fAC2FE8
0xc2ae169de09bdb093d12b36d14479bbad692e509,,,,,,,2125717861775510,0x96f808e58DB36e39fe20e40A30eA94A15fAC2FE8
0xc2ba670fae96628892df92272ed90a3ffe259592,,,,,,,2866453463670128,0x96f808e58DB36e39fe20e40A30eA94A15fAC2FE8
0xc313d664353f5f3d8333e9ede3d7d76390d672b2,,,,,,,2190247574228714,0x96f808e58DB36e39fe20e40A30eA94A15fAC2FE8
0xc31f11c815ea6d75ce6d2289e51e552e34618b31,,,,,,,837677011131187,0x96f808e58DB36e39fe20e40A30eA94A15fAC2FE8
0xc425de73a1861ce0e65cc18531fbb185aaf24e46,,,,,,,51702385919890880000,0x96f808e58DB36e39fe20e40A30eA94A15fAC2FE8
0xc42ae9062fba871ecd7e65cc32a4a4c0651036aa,,,,,,,808642597203105,0x96f808e58DB36e39fe20e40A30eA94A15fAC2FE8
0xc4456a785044d94a0324d4206d18d89c806ddf42,,,,,,,1776318435731037,0x96f808e58DB36e39fe20e40A30eA94A15fAC2FE8
0xc49652b682f72b46c44279b42a539f69c5f7efcd,,,,,,,732478109243416,0x96f808e58DB36e39fe20e40A30eA94A15fAC2FE8
0xc4e5b1153b8c334d60ef83226b83a1a0ba811543,,,,,,,11351034491179,0x96f808e58DB36e39fe20e40A30eA94A15fAC2FE8
0xc4e6c10acb2b10cc320c5e963978e8023da93e9c,,,,,,,952467515386315,0x96f808e58DB36e39fe20e40A30eA94A15fAC2FE8
0xc55201a231d405182785efeccaf7babaa77fb70d,,,,,,,4227399944454443,0x96f808e58DB36e39fe20e40A30eA94A15fAC2FE8
0xc5e7e12416fe85facac78b26cf207a1f20c4a916,,,,,,,21106289269075,0x96f808e58DB36e39fe20e40A30eA94A15fAC2FE8
0xc62188bdb24d2685aed8fa491e33efba47db63c2,115719.139353,1.0,1.0,2026-06-01 00:00:00,2026-06-01 00:00:00,0.36,26754384622057697000,0x96f808e58DB36e39fe20e40A30eA94A15fAC2FE8
0xc62fc063bb46bd5e3e6e53de7e9e523dc036964c,,,,,,,49461436282249480,0x96f808e58DB36e39fe20e40A30eA94A15fAC2FE8
0xc653e9188532238a36dd2c02d63ee1931f3e46f0,,,,,,,51702385919890880000,0x96f808e58DB36e39fe20e40A30eA94A15fAC2FE8
0xc67d9d48243cdbbfb87c75e0e32fd8ccc6b81fb2,,,,,,,110586307266297,0x96f808e58DB36e39fe20e40A30eA94A15fAC2FE8
0xc73d1f2de4b17be53cb4792ca56e7716cd070495,,,,,,,51702385919890880000,0x96f808e58DB36e39fe20e40A30eA94A15fAC2FE8
0xc7480bff1850ad8dbd8ad22b3948cf34b58e2cca,,,,,,,15922381177705,0x96f808e58DB36e39fe20e40A30eA94A15fAC2FE8
0xc7633c8da4783ed7f08802dea2c0eebaedd40010,,,,,,,268928543105751,0x96f808e58DB36e39fe20e40A30eA94A15fAC2FE8
0xc771a77617fba4403e70e1fe0b1d4131e00ae273,,,,,,,51702385919890880000,0x96f808e58DB36e39fe20e40A30eA94A15fAC2FE8
0xc7da7629753d4fc5c97aa3d87abb89cb53dcf39c,,,,,,,2607508506944344,0x96f808e58DB36e39fe20e40A30eA94A15fAC2FE8
0xc7f8f0838229d92cdc3630ecd9e5279173f7dd6e,,,,,,,3493995946419579,0x96f808e58DB36e39fe20e40A30eA94A15fAC2FE8
0xc803873e46b09d6233ad8080bc94633de39ae308,,,,,,,903292017165772,0x96f808e58DB36e39fe20e40A30eA94A15fAC2FE8
0xc8bd837f3e2c3923db1415def0bb8c17f6fe3ec9,,,,,,,1945431069028357,0x96f808e58DB36e39fe20e40A30eA94A15fAC2FE8
0xc9611e0c3108faec9f75b31aca8658e564a2de36,,,,,,,818149642032500,0x96f808e58DB36e39fe20e40A30eA94A15fAC2FE8
0xc990ca8ec9bb0a5f38cea6c2e8447e454ddbda6e,,,,,,,828591339556967,0x96f808e58DB36e39fe20e40A30eA94A15fAC2FE8
0xc9c4c1001d52ec8fe480bf9952c58b3f3839bf20,,,,,,,10506271265490,0x96f808e58DB36e39fe20e40A30eA94A15fAC2FE8
0xc9d41f7f849e4b760626dbab2d942de33d75bf41,,,,,,,1620510337045689,0x96f808e58DB36e39fe20e40A30eA94A15fAC2FE8
0xc9e33704edf94a3ab57b25677ececd7fad9f83f0,,,,,,,824930843350051,0x96f808e58DB36e39fe20e40A30eA94A15fAC2FE8
0xca4157455a6e4fa063cc17389e44ed4d18cf9324,,,,,,,166687239259611,0x96f808e58DB36e39fe20e40A30eA94A15fAC2FE8
0xca6817dab36850d58375a10c78703ce49d41d25a,,,,,,,103404771854620360000,0x96f808e58DB36e39fe20e40A30eA94A15fAC2FE8
0xcaa911b9900e2d7928baf991bb349dc0e8d443b5,,,,,,,1345797029861618,0x96f808e58DB36e39fe20e40A30eA94A15fAC2FE8
0xcadb094f8711df4ce2ae4bdf41e3e19d7a521266,,,,,,,51702385919890880000,0x96f808e58DB36e39fe20e40A30eA94A15fAC2FE8
0xcae2fda51a1116c6a3025d55fd08a8a704e91dc9,,,,,,,752811600841459,0x96f808e58DB36e39fe20e40A30eA94A15fAC2FE8
0xcb0846eb4d89fa6d801bd219066ed55e3638abae,,,,,,,879032666334659,0x96f808e58DB36e39fe20e40A30eA94A15fAC2FE8
0xcb825c63bdd48f46c8ed2559fc32dd8890876b39,,,,,,,714402817122028,0x96f808e58DB36e39fe20e40A30eA94A15fAC2FE8
0xcb9592d22f8741186b6a138ed9eadb3760b7c021,,,,,,,9945614534656,0x96f808e58DB36e39fe20e40A30eA94A15fAC2FE8
0xcbe4a1d4e98d8c330dfdb461001e7dc2c458f4ff,,,,,,,51702385919890880000,0x96f808e58DB36e39fe20e40A30eA94A15fAC2FE8
0xcbedbbbfc5719919f641210e4421d41b231e158c,,,,,,,13331369814371,0x96f808e58DB36e39fe20e40A30eA94A15fAC2FE8
0xcc165987007ada429807b7c7f29b050683bc8cb7,,,,,,,51702385919890880000,0x96f808e58DB36e39fe20e40A30eA94A15fAC2FE8
0xcca8e5beece02affa32e6267835221f35bb7cb23,,,,,,,908535276217273,0x96f808e58DB36e39fe20e40A30eA94A15fAC2FE8
0xccc7f9ac1d3794a6a28d08710caad016710208b2,20650.083882,1.0,1.0,2026-06-01 00:00:00,2026-06-01 00:00:00,0.28,4774320736792269800,0x96f808e58DB36e39fe20e40A30eA94A15fAC2FE8
0xccf2daba8bb04a232a2fda0d01010d4ef6c69b85,,,,,,,168794209309033400000000,0x96f808e58DB36e39fe20e40A30eA94A15fAC2FE8
0xcda5da14611dc814936629d97299a9404247995d,,,,,,,809135393549195,0x96f808e58DB36e39fe20e40A30eA94A15fAC2FE8
0xcda7a5a824f5d71d5e4d48debfd7d2ff5dd1b604,,,,,,,767009918161357,0x96f808e58DB36e39fe20e40A30eA94A15fAC2FE8
0xcdaa63e7762d078c07f344eb05b1d6c792fff2e5,,,,,,,635783128602,0x96f808e58DB36e39fe20e40A30eA94A15fAC2FE8
0xcddc34edcff235ed94cc79c559a540962da0af45,,,,,,,12444757124561,0x96f808e58DB36e39fe20e40A30eA94A15fAC2FE8
0xce098865d5584a9e22dd6318cca410b5f46cb38a,,,,,,,900165622660872,0x96f808e58DB36e39fe20e40A30eA94A15fAC2FE8
0xce3f9384e107c37b70d7ce9aae3d6972cf071679,,,,,,,1293407856796116,0x96f808e58DB36e39fe20e40A30eA94A15fAC2FE8
0xceb79934f00bd41a8749965b78824fb157bd2e9f,,,,,,,51702385919890880000,0x96f808e58DB36e39fe20e40A30eA94A15fAC2FE8
0xcef78991df18b131eed7bbf91c3c7da2e78338e5,,,,,,,155107157774511240000,0x96f808e58DB36e39fe20e40A30eA94A15fAC2FE8
0xcf106c310c9011cd9f00651f54ba98736f9c807a,,,,,,,201417184138702,0x96f808e58DB36e39fe20e40A30eA94A15fAC2FE8
0xcf2e5db58db8d9ece60d1b4e2667c3f84ee21516,,,,,,,51702385919890880000,0x96f808e58DB36e39fe20e40A30eA94A15fAC2FE8
0xcfd2952da039d3ab9f185dfdb122bf27aa742152,,,,,,,816063911081371,0x96f808e58DB36e39fe20e40A30eA94A15fAC2FE8
0xd061f0863caa6d5af96781789da8bda834bf1db4,,,,,,,3809730192027868,0x96f808e58DB36e39fe20e40A30eA94A15fAC2FE8
0xd0de469a46c463cd6af6904fc1a0d1a624aebb4e,,,,,,,921495392191818,0x96f808e58DB36e39fe20e40A30eA94A15fAC2FE8
0xd0eac4ff30b0589e2d379ddf827d8f2706666c5f,,,,,,,2492808878248944100,0x96f808e58DB36e39fe20e40A30eA94A15fAC2FE8
0xd0ebcf4b49a1dfebec5e2dd9e84a523e84e7cdb4,,,,,,,51702385919890880000,0x96f808e58DB36e39fe20e40A30eA94A15fAC2FE8
0xd114b0fc5bcd540cd8a6627705103fb530a4db16,,,,,,,51702385919890880000,0x96f808e58DB36e39fe20e40A30eA94A15fAC2FE8
0xd179f69b181b8630642b60b0f1a70fa722e41859,,,,,,,1247396890604367,0x96f808e58DB36e39fe20e40A30eA94A15fAC2FE8
0xd1974322bf4fd3b92c1f01215b22d1182c960227,,,,,,,750604346706382,0x96f808e58DB36e39fe20e40A30eA94A15fAC2FE8
0xd248e620bf3d9e915e789714ec2bc38461cecfab,,,,,,,51702385919890880000,0x96f808e58DB36e39fe20e40A30eA94A15fAC2FE8
0xd2ab7f82cf50a1c201730069f8adc939e7111fcf,,,,,,,11131729494007,0x96f808e58DB36e39fe20e40A30eA94A15fAC2FE8
0xd2dd2307383b392fe36908fb58bc0258ef560b26,,,,,,,103404771854620360000,0x96f808e58DB36e39fe20e40A30eA94A15fAC2FE8
0xd2eedf128a46e5cf2ed9f7ad60d7cdfc828abdef,,,,,,,182388255557929,0x96f808e58DB36e39fe20e40A30eA94A15fAC2FE8
0xd2f0f0980eb5f426eb92a9b4d053be06c6117f63,,,,,,,85091762793310,0x96f808e58DB36e39fe20e40A30eA94A15fAC2FE8
0xd2f931fbaaa5b39f14c147f843bbf1a13186399c,,,,,,,215447636783184,0x96f808e58DB36e39fe20e40A30eA94A15fAC2FE8
0xd3c5ddb7d775cc0fee00a3da03241535aa548850,,,,,,,1450175310318588,0x96f808e58DB36e39fe20e40A30eA94A15fAC2FE8
0xd41fb19bafc0949cfdd8c25675ec4098fef41cb0,,,,,,,155107157774511240000,0x96f808e58DB36e39fe20e40A30eA94A15fAC2FE8
0xd42f7e082ce42d89797775b5b328c54df7a22726,,,,,,,155107157774511240000,0x96f808e58DB36e39fe20e40A30eA94A15fAC2FE8
0xd495331b106324f41b5d824f8f3ce1fa87a133aa,,,,,,,992351107348868,0x96f808e58DB36e39fe20e40A30eA94A15fAC2FE8
0xd495daac3bc1895912e3a68cab70cc827e48f1e4,,,,,,,2026493471986519,0x96f808e58DB36e39fe20e40A30eA94A15fAC2FE8
0xd4bb555d3b0d7ff17c606161b44e372689c14f4b,,,,,,,9286904267035240,0x96f808e58DB36e39fe20e40A30eA94A15fAC2FE8
0xd4cf93ae2ace6653c8451f8701052a0ef7ba713b,,,,,,,16346740758478,0x96f808e58DB36e39fe20e40A30eA94A15fAC2FE8
0xd4d3bc8f7bcf818751fedbf27950952bf9178c74,,,,,,,949153119680539,0x96f808e58DB36e39fe20e40A30eA94A15fAC2FE8
0xd5281b0011eb37ab391e59add92ccb33a6870816,1237741.2115858127,1.0,1.0,2026-06-01 00:00:00,2026-06-01 00:00:00,0.56,286167047408826320000,0x96f808e58DB36e39fe20e40A30eA94A15fAC2FE8
0xd5ee523e537e3e01540e5a330589b007534109e6,,,,,,,103404771854620360000,0x96f808e58DB36e39fe20e40A30eA94A15fAC2FE8
0xd629cd5bb273ac1a43ec82b8b4e60aa1e91b954f,,,,,,,51702385919890880000,0x96f808e58DB36e39fe20e40A30eA94A15fAC2FE8
0xd62d50749d5216a403ba24a76fed82231f120774,,,,,,,26327096102284698000,0x96f808e58DB36e39fe20e40A30eA94A15fAC2FE8
0xd6365f8efa0039923983355ee12b1d0694e7b468,,,,,,,263393495294350,0x96f808e58DB36e39fe20e40A30eA94A15fAC2FE8
0xd6368d2e97695a30678e5ec2668f23c05320522e,,,,,,,275243124265302,0x96f808e58DB36e39fe20e40A30eA94A15fAC2FE8
0xd6adc9883d42aa2bc819eb78f8c93d0ffac8f4dc,,,,,,,90368526535118,0x96f808e58DB36e39fe20e40A30eA94A15fAC2FE8
0xd6f522adce56f97b2ccea1031dee88f32400d90f,,,,,,,2181814867228,0x96f808e58DB36e39fe20e40A30eA94A15fAC2FE8
0xd75cb066fa6dca808d14b3c3f111576e6dda4d00,,,,,,,991929028006934,0x96f808e58DB36e39fe20e40A30eA94A15fAC2FE8
0xd7f5b619441fafe525ea3abebcd4a961c1227426,,,,,,,51702385919890880000,0x96f808e58DB36e39fe20e40A30eA94A15fAC2FE8
0xd820c5a05e79fc06ef7e54377f902d5d6fa1a0c4,,,,,,,103404771854620360000,0x96f808e58DB36e39fe20e40A30eA94A15fAC2FE8
0xd82e9fbad52d6ca5596d6b75a20f3cb9a30ffed1,,,,,,,826922337105149,0x96f808e58DB36e39fe20e40A30eA94A15fAC2FE8
0xd84e19e2c0819573859bacabff974f13b6296676,,,,,,,198822495368640,0x96f808e58DB36e39fe20e40A30eA94A15fAC2FE8
0xd861415f6703ab50ce101c7e6f6a80ada1fc2b1c,,,,,,,190639399606306528,0x96f808e58DB36e39fe20e40A30eA94A15fAC2FE8
0xd87319234b60166651fb69f8a5e660f0e30df6ba,,,,,,,145156504898238,0x96f808e58DB36e39fe20e40A30eA94A15fAC2FE8
0xd8a3daf192c9aee9cbacf04e28f0762ce8941ac8,,,,,,,3129830575490559,0x96f808e58DB36e39fe20e40A30eA94A15fAC2FE8
0xd8d93e91ea5f24d0e2a328bc242055d40f00be1a,,,,,,,51702385919890880000,0x96f808e58DB36e39fe20e40A30eA94A15fAC2FE8
0xd8df9a3920b1a4f22f02e909b84f806db787657f,,,,,,,2739335829972158,0x96f808e58DB36e39fe20e40A30eA94A15fAC2FE8
0xd8f84c7a76d1b16ebf88cc70805234f06e44c214,,,,,,,114226378551911,0x96f808e58DB36e39fe20e40A30eA94A15fAC2FE8
0xd9004af638f129ba76c1d0c17b9d2c2b17bd4748,,,,,,,850010571205224,0x96f808e58DB36e39fe20e40A30eA94A15fAC2FE8
0xd9574b34f42874d33b040548548fc2249bde649d,,,,,,,1853573900088562,0x96f808e58DB36e39fe20e40A30eA94A15fAC2FE8
0xd97cc9f16b5a09312f65076871d199022374e7f3,,,,,,,179572117424737,0x96f808e58DB36e39fe20e40A30eA94A15fAC2FE8
0xd9995dabb781dcc8ec408fea5f293712febf17db,,,,,,,253669464145697,0x96f808e58DB36e39fe20e40A30eA94A15fAC2FE8
0xd9d651fe1b9b930e94e01b30de834863f051d770,,,,,,,3966711700016487,0x96f808e58DB36e39fe20e40A30eA94A15fAC2FE8
0xda5bad74ece4cc5a2b3eb1d7fcaee26d35fda890,,,,,,,51702385919890880000,0x96f808e58DB36e39fe20e40A30eA94A15fAC2FE8
0xda752a97a4972a0fb6b977d75759343096fabb5d,,,,,,,51702385919890880000,0x96f808e58DB36e39fe20e40A30eA94A15fAC2FE8
0xdaac4d9ebd8f2b3466ff70d0d0f5239910ee88a0,,,,,,,810082039646892,0x96f808e58DB36e39fe20e40A30eA94A15fAC2FE8
0xdaaf3c8f3d6accdef64b814e4267d861cf546391,,,,,,,51702385919890880000,0x96f808e58DB36e39fe20e40A30eA94A15fAC2FE8
0xdad15c110d63911fc53cd3c185f0a48fc5fe81f9,,,,,,,2008893549332240,0x96f808e58DB36e39fe20e40A30eA94A15fAC2FE8
0xdae261031bef3eba808a1eff4ce038e10cbb25b8,,,,,,,902999181917463,0x96f808e58DB36e39fe20e40A30eA94A15fAC2FE8
0xdaed8b30893ddc9df16dff5a863efcf6f9380fc1,,,,,,,728187180544964,0x96f808e58DB36e39fe20e40A30eA94A15fAC2FE8
0xdaf0f490d8f8a5fdbbddfa95c89b160093ee831f,,,,,,,1721156159029989,0x96f808e58DB36e39fe20e40A30eA94A15fAC2FE8
0xdb17a35d6c1f617fbbc51d10062e07bd2007750b,,,,,,,73308552022328,0x96f808e58DB36e39fe20e40A30eA94A15fAC2FE8
0xdb5319a63d5117ef98e2875351d988754c1746b5,,,,,,,741782792280051,0x96f808e58DB36e39fe20e40A30eA94A15fAC2FE8
0xdb5dc738a9361ac109e4b9bb8813b35680a2e6b2,,,,,,,51702385919890880000,0x96f808e58DB36e39fe20e40A30eA94A15fAC2FE8
0xdbb8d2a04ff901dc71ba1596fe202b8eb3e10556,,,,,,,760428992237556,0x96f808e58DB36e39fe20e40A30eA94A15fAC2FE8
0xdbc7413d859100eb142bf8515e18b7cf983f3c19,,,,,,,12292819793075,0x96f808e58DB36e39fe20e40A30eA94A15fAC2FE8
0xdbdee04c72a02a740b9f26ada9203582c8a99daf,,,,,,,4985568629,0x96f808e58DB36e39fe20e40A30eA94A15fAC2FE8
0xdd10e84e45b49c08f568b1eaf9b181e564d68c77,,,,,,,16284397717166,0x96f808e58DB36e39fe20e40A30eA94A15fAC2FE8
0xdd18dcb7df6b324298213b37ef21c5d88f4b353b,,,,,,,818978913488595,0x96f808e58DB36e39fe20e40A30eA94A15fAC2FE8
0xdd1a8f60198500184c05310293078e49df680928,,,,,,,887180162180048,0x96f808e58DB36e39fe20e40A30eA94A15fAC2FE8
0xdd3727362a290757ff6161e102a9b7789b35ad82,,,,,,,920893356,0x96f808e58DB36e39fe20e40A30eA94A15fAC2FE8
0xdd3b7d7dae4ccf333fad0c6365b18c81f8364518,,,,,,,84711091380022,0x96f808e58DB36e39fe20e40A30eA94A15fAC2FE8
0xdd5f3ba39be2612ea4a7d0b5523866a5043af973,,,,,,,87189745942762,0x96f808e58DB36e39fe20e40A30eA94A15fAC2FE8
0xddb884d2b74afff0a414260d996c558dedf7bd26,,,,,,,895406448468758,0x96f808e58DB36e39fe20e40A30eA94A15fAC2FE8
0xde0fd401fa29d92b19a6b910d6cb3da07140ca61,,,,,,,970992335638345,0x96f808e58DB36e39fe20e40A30eA94A15fAC2FE8
0xde2bf4eb1cbf47039b84741b04f1b14e3ebf20e2,,,,,,,185522332738987,0x96f808e58DB36e39fe20e40A30eA94A15fAC2FE8
0xde4a1b2ea88ec03e93aad9d4c5bffeb18687d079,8761873.643190004,1.0,1.0,2026-06-01 00:00:00,2026-06-01 00:00:00,0.8,2025754242301129000000,0x96f808e58DB36e39fe20e40A30eA94A15fAC2FE8
0xde4a35699b172514360e86e365fc0e5bed508b09,,,,,,,3992424451609099,0x96f808e58DB36e39fe20e40A30eA94A15fAC2FE8
0xde505f3bd60274d515308421b9acfdbb9d48cfba,,,,,,,741052704532870,0x96f808e58DB36e39fe20e40A30eA94A15fAC2FE8
0xde569071cce220f29e800ea080940cfcc6e93bb7,,,,,,,370909647917453,0x96f808e58DB36e39fe20e40A30eA94A15fAC2FE8
0xde5ae4de36c966747ea7df13bd9589642e2b1d0d,,,,,,,5519195844247472100,0x96f808e58DB36e39fe20e40A30eA94A15fAC2FE8
0xde621223d04b38179b92e3c98a2f92fdf86efc98,,,,,,,51702385919890880000,0x96f808e58DB36e39fe20e40A30eA94A15fAC2FE8
0xde75e318519c38d205041096385ddb041a9123e4,,,,,,,51702385919890880000,0x96f808e58DB36e39fe20e40A30eA94A15fAC2FE8
0xdf03a7aa5c28cd06cd524542de55865626559212,,,,,,,2602598040868320,0x96f808e58DB36e39fe20e40A30eA94A15fAC2FE8
0xdfb3fb4a6f7aeb73b304359b336109c50662da7a,,,,,,,2323374981402071,0x96f808e58DB36e39fe20e40A30eA94A15fAC2FE8
0xe0df64dfbe7a82c8d02ca2f1bd9601f75b417c81,,,,,,,2561115747206085,0x96f808e58DB36e39fe20e40A30eA94A15fAC2FE8
0xe10a296a7235ac9d278e87d5837aae318823390f,,,,,,,236534788737202,0x96f808e58DB36e39fe20e40A30eA94A15fAC2FE8
0xe12c7bb2ff754988006cac84673ac6b1649fb597,,,,,,,803415219656422,0x96f808e58DB36e39fe20e40A30eA94A15fAC2FE8
0xe191bb75dcd4c3482124a4eaa945026af4bbe5a2,,,,,,,51702385919890880000,0x96f808e58DB36e39fe20e40A30eA94A15fAC2FE8
0xe1c86cb8a38772b8046e018d35561b2b59c7399a,,,,,,,881269718564285,0x96f808e58DB36e39fe20e40A30eA94A15fAC2FE8
0xe2551f91193f127a99af86c5ef6562b4e5a556af,,,,,,,1225127905228434,0x96f808e58DB36e39fe20e40A30eA94A15fAC2FE8
0xe31a3e7c014b180e0eaa4bc083cd8ab6a5a9623e,,,,,,,4962850256121447,0x96f808e58DB36e39fe20e40A30eA94A15fAC2FE8
0xe34818309bdfd0b9951f246e8601e2e6f98480cf,,,,,,,2295919755279009,0x96f808e58DB36e39fe20e40A30eA94A15fAC2FE8
0xe349bd3eaedbdac74b85f8cca774592470e9ee4a,,,,,,,1423708041404732,0x96f808e58DB36e39fe20e40A30eA94A15fAC2FE8
0xe359f340a0ff6d5b535067793773dd31b61187b5,,,,,,,524662692294928,0x96f808e58DB36e39fe20e40A30eA94A15fAC2FE8
0xe37c3d584a476b250dc429073d83a087145c4095,,,,,,,1196407698674559,0x96f808e58DB36e39fe20e40A30eA94A15fAC2FE8
0xe400e558befc3358c2a0f7cca48ac209d0c15656,,,,,,,38848385113030,0x96f808e58DB36e39fe20e40A30eA94A15fAC2FE8
0xe40a2db39b1f23c52d50e1b7436fca3bbb2c3aa7,,,,,,,883438015210381,0x96f808e58DB36e39fe20e40A30eA94A15fAC2FE8
0xe41c917a7608912ffa9262797c8197311ed648ba,,,,,,,314572425172346,0x96f808e58DB36e39fe20e40A30eA94A15fAC2FE8
0xe442f446bb6bd9e4aa13faba1a2e370943753505,,,,,,,21076773198116,0x96f808e58DB36e39fe20e40A30eA94A15fAC2FE8
0xe46827825ad452680e933913b9edbb0c9fb57a09,,,,,,,14818768105895960,0x96f808e58DB36e39fe20e40A30eA94A15fAC2FE8
0xe475e99bc6fbe41f10118c8f5d5ad99e2261c871,,,,,,,133242566326434,0x96f808e58DB36e39fe20e40A30eA94A15fAC2FE8
0xe5235502657a4107f691283654de9bb6c0eb8f3c,,,,,,,2035345214448180,0x96f808e58DB36e39fe20e40A30eA94A15fAC2FE8
0xe556da28015c04f35a52b3111b9f4120e908056e,,,,,,,51702385919890880000,0x96f808e58DB36e39fe20e40A30eA94A15fAC2FE8
0xe58bdf25121b110554e678fd80f42421075bdece,,,,,,,1894487371697020,0x96f808e58DB36e39fe20e40A30eA94A15fAC2FE8
0xe61458094a0be9fa2394427ad688d10b73b5d466,,,,,,,648325336182885,0x96f808e58DB36e39fe20e40A30eA94A15fAC2FE8
0xe6194767f06602683cd10d6385397c7b5a9eeebd,,,,,,,155058724800166,0x96f808e58DB36e39fe20e40A30eA94A15fAC2FE8
0xe64c848df44a22e3e44d0bf1d59c8dfe067959e5,,,,,,,179995315610987,0x96f808e58DB36e39fe20e40A30eA94A15fAC2FE8
0xe6eefb0e8c984a617967ec4234a58e07b4e8ae14,,,,,,,1829863184835524,0x96f808e58DB36e39fe20e40A30eA94A15fAC2FE8
0xe774308562604771318d9486601fd1032fe70b96,,,,,,,25891309936569,0x96f808e58DB36e39fe20e40A30eA94A15fAC2FE8
0xe7f373d652bea36dade8a5ba8bd6689e9b9f6673,,,,,,,51702385919890880000,0x96f808e58DB36e39fe20e40A30eA94A15fAC2FE8
0xe8b3979447d01dda47dafed89be75ca1a7e00f6b,,,,,,,2164423434212428,0x96f808e58DB36e39fe20e40A30eA94A15fAC2FE8
0xe8cce7552236059dd961b39b49f809bed420f3d7,,,,,,,1166400536872162,0x96f808e58DB36e39fe20e40A30eA94A15fAC2FE8
0xe8f5c2570607105cab4cabb65bc56ef509beb0bc,,,,,,,153779141220736,0x96f808e58DB36e39fe20e40A30eA94A15fAC2FE8
0xe8f61256f78e0ca9be6361682713c0f9d250e3d4,,,,,,,757743193814414,0x96f808e58DB36e39fe20e40A30eA94A15fAC2FE8
0xe96b4fa591d7341bd21e3f2e21166837b3b4a458,,,,,,,2563073629175912,0x96f808e58DB36e39fe20e40A30eA94A15fAC2FE8
0xe96d476fb23413b34c848f8fc06bdb0be354121e,,,,,,,1224666143194001,0x96f808e58DB36e39fe20e40A30eA94A15fAC2FE8
0xe98afdd85438000707165da41342885c59fe592e,,,,,,,1293304081159371,0x96f808e58DB36e39fe20e40A30eA94A15fAC2FE8
0xe98e19248b22e9fbd0d06bf0373d2a4f3e1ef027,,,,,,,4627501719770594,0x96f808e58DB36e39fe20e40A30eA94A15fAC2FE8
0xea839fa4c85203d96d989623e335a4d8e86e9f66,,,,,,,51702385919890880000,0x96f808e58DB36e39fe20e40A30eA94A15fAC2FE8
0xea8dd12d029b64e67e8a0dfb5c6e8bbbcdc3eb1e,,,,,,,891330502118732,0x96f808e58DB36e39fe20e40A30eA94A15fAC2FE8
0xead2e001d3f3363fe851b4c141f37271ce9f2cf3,,,,,,,2646364411110516,0x96f808e58DB36e39fe20e40A30eA94A15fAC2FE8
0xeb0489ccf767113df9a70b7d003dc7a36e06be4b,,,,,,,1776321309206087,0x96f808e58DB36e39fe20e40A30eA94A15fAC2FE8
0xeb2e3aebb7224006cf3f16f939a6589302cd8e85,,,,,,,69336454076066,0x96f808e58DB36e39fe20e40A30eA94A15fAC2FE8
0xeb837f4ebae7e35e168bae0fc255dd7df92021cb,,,,,,,801016884055529,0x96f808e58DB36e39fe20e40A30eA94A15fAC2FE8
0xebb9398861309f2ebfa64cc8931f2167f25322e6,,,,,,,4679236255443811,0x96f808e58DB36e39fe20e40A30eA94A15fAC2FE8
0xece4013a2eb2164ac84663a935fe283ca8d56051,,,,,,,4209549547851793,0x96f808e58DB36e39fe20e40A30eA94A15fAC2FE8
0xecf569858fc9bb45a9b46356eded5fc2c4cf6439,,,,,,,865114367606453,0x96f808e58DB36e39fe20e40A30eA94A15fAC2FE8
0xed2223b55e8085fff9c9b3ac964ae2696cd6618b,7403617.185000002,1.0,1.0,2026-06-01 00:00:00,2026-06-01 00:00:00,0.72,1711723945316665500000,0x96f808e58DB36e39fe20e40A30eA94A15fAC2FE8
0xed37bdeca9c187a5e4372295cf03ecb260982dbd,,,,,,,1151590209450095,0x96f808e58DB36e39fe20e40A30eA94A15fAC2FE8
0xee0fddcdbbe6bae1aefae6508efaf58d3c920ce9,,,,,,,60715744435136,0x96f808e58DB36e39fe20e40A30eA94A15fAC2FE8
0xee29cffbed39be9a9142b5f8f3c5cb770c363b88,,,,,,,879414278580288,0x96f808e58DB36e39fe20e40A30eA94A15fAC2FE8
0xee4f045f41a6ede8444af2e33fffc47514c41dd7,,,,,,,1919686982394851,0x96f808e58DB36e39fe20e40A30eA94A15fAC2FE8
0xee730a25ca18b1ba36f5992ba50e562b70391954,,,,,,,49292007610274624,0x96f808e58DB36e39fe20e40A30eA94A15fAC2FE8
0xeed46b612376b0e0da895c0eb355f52493e844c2,,,,,,,798227287384421,0x96f808e58DB36e39fe20e40A30eA94A15fAC2FE8
0xeeda1b827e47ce5994713a305e699e9f812de44a,2552698.93185,1.0,1.0,2026-06-01 00:00:00,2026-06-01 00:00:00,0.64,590186631432635000000,0x96f808e58DB36e39fe20e40A30eA94A15fAC2FE8
0xeee2a8590120a258009359ad4cd52464508e0ce9,,,,,,,819240826248012,0x96f808e58DB36e39fe20e40A30eA94A15fAC2FE8
0xef6ee1ece8664605493e69de51f490c096beeaa7,,,,,,,51702385919890880000,0x96f808e58DB36e39fe20e40A30eA94A15fAC2FE8
0xefa991c978f7129593b851ba9e29aa6794f217f2,,,,,,,105046939717109840000,0x96f808e58DB36e39fe20e40A30eA94A15fAC2FE8
0xefb5f9fe9372bb44ca45f28dd88b7629a30f72fb,,,,,,,4758272413256075,0x96f808e58DB36e39fe20e40A30eA94A15fAC2FE8
0xf0068b0bb48f2fc9f91d39530ef922cc38495742,,,,,,,673662322380452,0x96f808e58DB36e39fe20e40A30eA94A15fAC2FE8
0xf0507043e4ce3cbbd5e015152a190551c605370e,,,,,,,818767632802570,0x96f808e58DB36e39fe20e40A30eA94A15fAC2FE8
0xf08e22139f77506e6aacd84184d92cc1b79a77e4,,,,,,,103404771854620360000,0x96f808e58DB36e39fe20e40A30eA94A15fAC2FE8
0xf1716f4811a4c3dd0f01e597a8702dec49af5cc5,,,,,,,875213273884721,0x96f808e58DB36e39fe20e40A30eA94A15fAC2FE8
0xf1855aa2700349958a9cc27bd9262c444d8d4999,,,,,,,51702385919890880000,0x96f808e58DB36e39fe20e40A30eA94A15fAC2FE8
0xf19104757d9185d1822ff395f010e338f60831e7,,,,,,,3821657353230481,0x96f808e58DB36e39fe20e40A30eA94A15fAC2FE8
0xf1a2ca33b6fa8ddeca5fba3ffd71e5f6c676b284,,,,,,,197002135665928,0x96f808e58DB36e39fe20e40A30eA94A15fAC2FE8
0xf1b085e939e20d154d3d3a5819330d02e4b66e28,,,,,,,671562753978866,0x96f808e58DB36e39fe20e40A30eA94A15fAC2FE8
0xf1bbe711c21ee84031aa6d5d3030d74d3520147c,,,,,,,867524486120061,0x96f808e58DB36e39fe20e40A30eA94A15fAC2FE8
0xf235c33f21d52216d5c13090ae6cb894e6c5ed90,1.2389839124500002,1.0,1.0,2026-06-01 00:00:00,2026-06-01 00:00:00,0.0,286454361133043,0x96f808e58DB36e39fe20e40A30eA94A15fAC2FE8
0xf2b0784cace4f7a966f4ad5a59c45696f83b09ba,,,,,,,1102788243252652,0x96f808e58DB36e39fe20e40A30eA94A15fAC2FE8
0xf36700ff798394c4a58fe861a4661f5489d90735,,,,,,,9878454642912272000,0x96f808e58DB36e39fe20e40A30eA94A15fAC2FE8
0xf3a4e454f56e61b46488d3b7acb6d817b04fe87f,,,,,,,5107462816242142,0x96f808e58DB36e39fe20e40A30eA94A15fAC2FE8
0xf3bf9ddba413825e5ddf92d15b09c2abd8d190dd,,,,,,,51702385919890880000,0x96f808e58DB36e39fe20e40A30eA94A15fAC2FE8
0xf4049ce06747295bc9be65bc6cfc6e661d2c3d1a,,,,,,,765240915324442,0x96f808e58DB36e39fe20e40A30eA94A15fAC2FE8
0xf44e42425de15a1c8cce0abb16241980e2dd38e5,,,,,,,12466525974605,0x96f808e58DB36e39fe20e40A30eA94A15fAC2FE8
0xf4611d1eb66a101edb85c8aaaa8d211f918356be,,,,,,,51702385919890880000,0x96f808e58DB36e39fe20e40A30eA94A15fAC2FE8
0xf4a920a1c9764cdd56bae4b40db355f8713617ee,,,,,,,51702385919890880000,0x96f808e58DB36e39fe20e40A30eA94A15fAC2FE8
0xf4f07681ae8441d69939e4a9d09056720f6b9ef8,,,,,,,51702385919890880000,0x96f808e58DB36e39fe20e40A30eA94A15fAC2FE8
0xf52ec5dfe11d16c13b2c52ae94fd4ec6528996fa,,,,,,,155107157774511240000,0x96f808e58DB36e39fe20e40A30eA94A15fAC2FE8
0xf55176422742452135de1d93d9c4b7c8e82e719a,,,,,,,6464649365304,0x96f808e58DB36e39fe20e40A30eA94A15fAC2FE8
0xf57d4b3c1304ee65e9d51b2eeaebe8cc307b0f22,,,,,,,51702385919890880000,0x96f808e58DB36e39fe20e40A30eA94A15fAC2FE8
0xf595be99c0ed4c53a79487f47ed11acdf755c516,,,,,,,1119741585714842,0x96f808e58DB36e39fe20e40A30eA94A15fAC2FE8
0xf59d9a7838544358de29df243d27101b78485b37,,,,,,,687676454656876,0x96f808e58DB36e39fe20e40A30eA94A15fAC2FE8
0xf5aa49566931f40404643682cc0e3a96b9bc21e8,,,,,,,143569892390534,0x96f808e58DB36e39fe20e40A30eA94A15fAC2FE8
0xf5fa3a780dd9ba01e494e59f03f101a1dd82cc31,,,,,,,1255821358282224,0x96f808e58DB36e39fe20e40A30eA94A15fAC2FE8
0xf60d27b9c2098962200d707f491470bcccc49006,,,,,,,707649947047467,0x96f808e58DB36e39fe20e40A30eA94A15fAC2FE8
0xf66c2f02d43010c0ed665dd35fb12f21cf4fadb3,,,,,,,51702385919890880000,0x96f808e58DB36e39fe20e40A30eA94A15fAC2FE8
0xf68da9133f27e7cecd729edac888af822bdf6ad6,,,,,,,154610483864656,0x96f808e58DB36e39fe20e40A30eA94A15fAC2FE8
0xf6ac9cda88d67d9499b1c551028a7e7e766908e7,,,,,,,1065958379909166,0x96f808e58DB36e39fe20e40A30eA94A15fAC2FE8
0xf6b7986121dbbe26352f86a920e46824ab116765,,,,,,,4975248149846453,0x96f808e58DB36e39fe20e40A30eA94A15fAC2FE8
0xf6d38b43ba5bf4eaaec2c7d4ffdad16dfbb95671,,,,,,,14539607386593,0x96f808e58DB36e39fe20e40A30eA94A15fAC2FE8
0xf6dc93dcaa16b1d48eb9929b9a8830331c89963a,,,,,,,158943189054653,0x96f808e58DB36e39fe20e40A30eA94A15fAC2FE8
0xf71fa0a5aafdc6484ed2894dc5ac85df6c1bcd1a,,,,,,,3501112064317352,0x96f808e58DB36e39fe20e40A30eA94A15fAC2FE8
0xf76f2479d4a3d96134c0e64008df612662864520,,,,,,,51702385919890880000,0x96f808e58DB36e39fe20e40A30eA94A15fAC2FE8
0xf7e2e135f434dba9faf29e375f54f6f6a2004854,,,,,,,51702385919890880000,0x96f808e58DB36e39fe20e40A30eA94A15fAC2FE8
0xf7f49bb21585b441ee11cf84d3788d766f782699,,,,,,,128301562768940,0x96f808e58DB36e39fe20e40A30eA94A15fAC2FE8
0xf7f5ad6bf4469ee87787f701bfd817a846d8b0ec,,,,,,,143686148187820,0x96f808e58DB36e39fe20e40A30eA94A15fAC2FE8
0xf8017158a27d4c3799a8a119649bddf07f5075da,,,,,,,814597716480033,0x96f808e58DB36e39fe20e40A30eA94A15fAC2FE8
0xf8055141fc5f66a91871bdafa606b419f12f1d1d,,,,,,,51702385919890880000,0x96f808e58DB36e39fe20e40A30eA94A15fAC2FE8
0xf867f81237ae166030be69c8d8265068c04d9b9d,,,,,,,991018246799883,0x96f808e58DB36e39fe20e40A30eA94A15fAC2FE8
0xf8a71e4c6f1914feab72053559973314526396c7,,,,,,,2817776390961872,0x96f808e58DB36e39fe20e40A30eA94A15fAC2FE8
0xf8af73b9a00288ff62f6f49e00267b1d929a0544,,,,,,,91249828054720,0x96f808e58DB36e39fe20e40A30eA94A15fAC2FE8
0xf8d307bc22158c8b1852881da9a7dbd97dfd7df3,,,,,,,51702385919890880000,0x96f808e58DB36e39fe20e40A30eA94A15fAC2FE8
0xf93c8f32eb376ce1fc800e67c8e5c69b4846f535,,,,,,,51702385919890880000,0x96f808e58DB36e39fe20e40A30eA94A15fAC2FE8
0xf96637933869023e1fb277b5ba95db6b889d4082,,,,,,,70830112882855,0x96f808e58DB36e39fe20e40A30eA94A15fAC2FE8
0xf966614412df64e80fad2c7108c8b657b19c3cba,1.2389839124500002,1.0,1.0,2026-06-01 00:00:00,2026-06-01 00:00:00,0.0,286454361133043,0x96f808e58DB36e39fe20e40A30eA94A15fAC2FE8
0xf983eb3fc572a4df4a8824f235c75c3a0c001cb7,,,,,,,747839032430845,0x96f808e58DB36e39fe20e40A30eA94A15fAC2FE8
0xf9bfbd07caddba71a31228123ccbce0d08f2364c,,,,,,,915003083547896,0x96f808e58DB36e39fe20e40A30eA94A15fAC2FE8
0xf9e29052fa16e5e02461d49547ea3d59d5e468cb,,,,,,,2809606486163333,0x96f808e58DB36e39fe20e40A30eA94A15fAC2FE8
0xf9f2abcc9df889794b60f0791a784f5a97d32920,,,,,,,3698710352654591000,0x96f808e58DB36e39fe20e40A30eA94A15fAC2FE8
0xfa9ca1c903ef8cad3f9686ad209aa45c723d3e75,,,,,,,187412838615308,0x96f808e58DB36e39fe20e40A30eA94A15fAC2FE8
0xfadb7b2db89cbb5b2bfb26814e9e40a8b7b9bccc,,,,,,,841380079333507,0x96f808e58DB36e39fe20e40A30eA94A15fAC2FE8
0xfb2e6d829e4061aff8ab49f1cdc8978d24f2e718,,,,,,,3841650155398076,0x96f808e58DB36e39fe20e40A30eA94A15fAC2FE8
0xfb6091bed2d9a7ca758fef33e724726febe58cdf,,,,,,,51702385919890880000,0x96f808e58DB36e39fe20e40A30eA94A15fAC2FE8
0xfb6745d6c1b41fd0d27a94b58d362e232328cfe1,,,,,,,914957788339282,0x96f808e58DB36e39fe20e40A30eA94A15fAC2FE8
0xfbc36c37f580dd41e4e0cf5e4381483153d39c4d,,,,,,,51702385919890880000,0x96f808e58DB36e39fe20e40A30eA94A15fAC2FE8
0xfbd0cf97f05e759ecca2517370ee3e476aec6643,,,,,,,3186609023320475,0x96f808e58DB36e39fe20e40A30eA94A15fAC2FE8
0xfc448b35f4c932dc21e1f4c415af7f772a674a26,,,,,,,1356296459999478,0x96f808e58DB36e39fe20e40A30eA94A15fAC2FE8
0xfc9b404b198c7d35110903a5570299cd642999ff,,,,,,,51702385919890880000,0x96f808e58DB36e39fe20e40A30eA94A15fAC2FE8
0xfce8be4cd5093a97649a2c621cdad40dec36297d,,,,,,,51702385919890880000,0x96f808e58DB36e39fe20e40A30eA94A15fAC2FE8
0xfd039015e6f6cf6a2805de5564c32f65ea65d8a2,,,,,,,51702385919890880000,0x96f808e58DB36e39fe20e40A30eA94A15fAC2FE8
0xfd52fb43fec22181294482c5c0cdfc7a621884ae,,,,,,,113743820361041,0x96f808e58DB36e39fe20e40A30eA94A15fAC2FE8
0xfd660518dc1b52d9f67facd42bbba962b06b8e54,,,,,,,51702385919890880000,0x96f808e58DB36e39fe20e40A30eA94A15fAC2FE8
0xfd7f25a9a5404223fe7d5bf5f9547b0108961760,,,,,,,177296012327889,0x96f808e58DB36e39fe20e40A30eA94A15fAC2FE8
0xfdab7d28b01b809ae8b006bca24c4d2b30dad76a,,,,,,,73478805059329,0x96f808e58DB36e39fe20e40A30eA94A15fAC2FE8
0xfe003428a2c67bfd3b51b6c8d9a0b28fdfd3b8bf,,,,,,,103404771854620360000,0x96f808e58DB36e39fe20e40A30eA94A15fAC2FE8
0xfe0174acd46e2eb5838af9213f0c49633a00cfec,,,,,,,816701602802565,0x96f808e58DB36e39fe20e40A30eA94A15fAC2FE8
0xfe222247735b3c7ef099ba761f9477450f5256fe,15370.02637395,1.0,1.0,2026-06-01 00:00:00,2026-06-01 00:00:00,0.12,3553565983630593000,0x96f808e58DB36e39fe20e40A30eA94A15fAC2FE8
0xfea5dfed58fcd97f18d547139e9817b85074a103,,,,,,,311604760820773,0x96f808e58DB36e39fe20e40A30eA94A15fAC2FE8
0xfea66cb7571e251c4fc000beaf0ef771d5c78793,,,,,,,51702385919890880000,0x96f808e58DB36e39fe20e40A30eA94A15fAC2FE8
0xfeef177e6168f9b7fd59e6c5b6c2d87ff398c6fd,,,,,,,51702385919890880000,0x96f808e58DB36e39fe20e40A30eA94A15fAC2FE8
0xff56136bee3439fa22df7bce6a1718c9823cc346,,,,,,,3250332676585741,0x96f808e58DB36e39fe20e40A30eA94A15fAC2FE8
0xff5e7f42e70904d93b67ced03be7afc15002405f,,,,,,,851504385823879,0x96f808e58DB36e39fe20e40A30eA94A15fAC2FE8
0xffc82689ae265dd09963275892263177740a3b50,,,,,,,4988087934659499,0x96f808e58DB36e39fe20e40A30eA94A15fAC2FE8
