address,total_contribution,contribution_count,unique_clusters,first_contribution,last_contribution,contribution_percentile,amount,contract_address
0x000a99532e11ad7b06c26ceade3655ed64f68467,,,,,,,39126222524712,0xB1cB21F043af2c8e9a305Fc23a28333a2e354147
0x003264144e0687a1544438b0d80a97c989a492f2,,,,,,,180953897431580,0xB1cB21F043af2c8e9a305Fc23a28333a2e354147
0x00d62617ad2059fc99f0d6692c48dcf13e94ea82,,,,,,,177199736982090,0xB1cB21F043af2c8e9a305Fc23a28333a2e354147
0x010a0d6f6dd0da242faaafed264483bd2ba360de,,,,,,,157423871962505,0xB1cB21F043af2c8e9a305Fc23a28333a2e354147
0x014b14c769329556a8e814e40cf41f8d56d75fe1,,,,,,,405836332190626,0xB1cB21F043af2c8e9a305Fc23a28333a2e354147
0x014cae32236468fe41384c1545a356d9c2a8641e,,,,,,,248477478901684,0xB1cB21F043af2c8e9a305Fc23a28333a2e354147
0x0176b2a97968632b4538aad93f0cc20f06e8b758,,,,,,,164277665491291,0xB1cB21F043af2c8e9a305Fc23a28333a2e354147
0x0289639d204efe94819b75de48933eb86ca779c0,,,,,,,199203905436144,0xB1cB21F043af2c8e9a305Fc23a28333a2e354147
0x02992c708a938e7b6d28b5d56e5fb7540f501bab,,,,,,,978290384681666,0xB1cB21F043af2c8e9a305Fc23a28333a2e354147
0x02e87aa5346669e1f23d5c8988f53fd9de48381d,,,,,,,154441865805928,0xB1cB21F043af2c8e9a305Fc23a28333a2e354147
0x037bcbed5b412c8613064297896a67840c0bd9cf,,,,,,,181694578249986,0xB1cB21F043af2c8e9a305Fc23a28333a2e354147
0x039c6ff5972943554ecd20b30ce3c0c6daf67732,,,,,,,23602955315666,0xB1cB21F043af2c8e9a305Fc23a28333a2e354147
0x03fafe1022ee34a2d2f72884244cd093075c4945,,,,,,,164087211742023,0xB1cB21F043af2c8e9a305Fc23a28333a2e354147
0x04206cb7239af7c11f40133ae3d97d2a4eeeb5ed,,,,,,,17500106892320,0xB1cB21F043af2c8e9a305Fc23a28333a2e354147
0x042440ea217f3b262f4dd6a6dc1b77562f98a351,,,,,,,161914994802836,0xB1cB21F043af2c8e9a305Fc23a28333a2e354147
0x0438cdd88aec2e43899ec7301b0b14b7f4959ba4,,,,,,,51100459473183,0xB1cB21F043af2c8e9a305Fc23a28333a2e354147
0x0478faa792e45d7a3a273c081e25e550f0e12c51,,,,,,,162253334930495,0xB1cB21F043af2c8e9a305Fc23a28333a2e354147
0x048a1648f5b4610a5faa9dc429c03116a49b12d9,,,,,,,211132082634283,0xB1cB21F043af2c8e9a305Fc23a28333a2e354147
0x04e2454dcc15743ced97ccf87f25663932507ca9,,,,,,,30653995701292,0xB1cB21F043af2c8e9a305Fc23a28333a2e354147
0x0507ddae04044158a03315b4791e1bb189c43e1e,,,,,,,177102381168471,0xB1cB21F043af2c8e9a305Fc23a28333a2e354147
0x0508fbe4d6b92f3b647f54229668d76bf715fb63,,,,,,,165505443037116,0xB1cB21F043af2c8e9a305Fc23a28333a2e354147
0x05b1abeae68d396756037f80316b1a492bd4188e,,,,,,,136740714874213,0xB1cB21F043af2c8e9a305Fc23a28333a2e354147
0x05e22156054b86b257622edea814d48d2626ce26,,,,,,,18843272846015,0xB1cB21F043af2c8e9a305Fc23a28333a2e354147
0x0661dfd72c155f27f047a7ce190c48dd7bd1835d,,,,,,,1762035348872166,0xB1cB21F043af2c8e9a305Fc23a28333a2e354147
0x0665d7782d9d5a123ac67ed1a629307bcd43236e,,,,,,,603709808355997,0xB1cB21F043af2c8e9a305Fc23a28333a2e354147
0x07358c66e3fb7b8d973d5a36372e95b714f1ce8e,,,,,,,211434710140381,0xB1cB21F043af2c8e9a305Fc23a28333a2e354147
0x0750cc7e3d7883c5c21f907da3ce2a94bb3ea880,,,,,,,569121957750029,0xB1cB21F043af2c8e9a305Fc23a28333a2e354147
0x0794a9016338fc37fdd4065513a904f53ed1a288,,,,,,,369060514924287,0xB1cB21F043af2c8e9a305Fc23a28333a2e354147
0x079ac41c57508cd7f29c2cbba191fb851da304e8,,,,,,,787452488062559,0xB1cB21F043af2c8e9a305Fc23a28333a2e354147
0x07a81a8dd5b07245d60b4e45ded429e833d5a9dd,,,,,,,160111168597256,0xB1cB21F043af2c8e9a305Fc23a28333a2e354147
0x07c7a5905f877d42395b730a815d4a90c9335241,907148.4,1.0,1.0,2026-05-04 00:00:00,2026-05-04 00:00:00,0.52,,
0x07e3d4a95f31dc04e2d310998402c32282752a60,,,,,,,368840355217942,0xB1cB21F043af2c8e9a305Fc23a28333a2e354147
0x082784c86d4d6e9ca0e19e93da1f78b116bd8307,,,,,,,98859227164666,0xB1cB21F043af2c8e9a305Fc23a28333a2e354147
0x082ca0930073e2ef45cf1840632d527a27e5499f,,,,,,,172832722132002,0xB1cB21F043af2c8e9a305Fc23a28333a2e354147
0x08d769167f3e84a21b46b34540bae57c4d08c3a3,,,,,,,166228125487765,0xB1cB21F043af2c8e9a305Fc23a28333a2e354147
0x0927830a0cb5d4541cda20d16a97f25af73b971a,,,,,,,173860072651862,0xB1cB21F043af2c8e9a305Fc23a28333a2e354147
0x093b8785454b438a9bd4936d22039d8b7d3ff367,,,,,,,266299363619247,0xB1cB21F043af2c8e9a305Fc23a28333a2e354147
0x0940fabd511962876f3bbd8bd4e657bf47378a86,,,,,,,196425382850606,0xB1cB21F043af2c8e9a305Fc23a28333a2e354147
0x09cf30aaedeb144c6caf6f135d4582945b4191b7,,,,,,,28219490328900,0xB1cB21F043af2c8e9a305Fc23a28333a2e354147
0x09e5c7ef85bdb38ca1538dffa462bd1fe7d114a5,,,,,,,27549424215758,0xB1cB21F043af2c8e9a305Fc23a28333a2e354147
0x09f3c18f669d7384b8cabb3cfe1f289eabfa166f,,,,,,,194488536825089,0xB1cB21F043af2c8e9a305Fc23a28333a2e354147
0x0a6bf6dd4d2a2bbccab4b006e4d2efa82b329856,,,,,,,163311720876828,0xB1cB21F043af2c8e9a305Fc23a28333a2e354147
0x0a709a544ec4d0822c9e583fa31bdae88b1b175f,,,,,,,203536651818363,0xB1cB21F043af2c8e9a305Fc23a28333a2e354147
0x0aa3d68311c993b494877f19055b7c62b63e32dd,,,,,,,601029326284232,0xB1cB21F043af2c8e9a305Fc23a28333a2e354147
0x0b2fc4fa7a66aa0e8bcbb398338440a9d1f8e504,,,,,,,3368585887590,0xB1cB21F043af2c8e9a305Fc23a28333a2e354147
0x0b33986b567eb0a30f98dd168e4557cf6ee91cd6,,,,,,,41365477074880,0xB1cB21F043af2c8e9a305Fc23a28333a2e354147
0x0bc3f01c8f82d728e74862b220ea868dc8dd68fa,,,,,,,242755343260478,0xB1cB21F043af2c8e9a305Fc23a28333a2e354147
0x0bc7fcf4bf885259dc09b20418b2353e15ff9646,,,,,,,162381507444563,0xB1cB21F043af2c8e9a305Fc23a28333a2e354147
0x0bef930f5a00d075915eb6d3b13d73fde553edf6,,,,,,,71674132734592,0xB1cB21F043af2c8e9a305Fc23a28333a2e354147
0x0bf845c266decde18ca78b28d3ab5b45124612fe,,,,,,,211751233432593,0xB1cB21F043af2c8e9a305Fc23a28333a2e354147
0x0c54e86d86b37f23c7ba03f69e0be49e017f93de,,,,,,,47382272630866864,0xB1cB21F043af2c8e9a305Fc23a28333a2e354147
0x0c63cc66a0bcd6161742dbe67c6422e49d6bd3b6,,,,,,,186231841894434,0xB1cB21F043af2c8e9a305Fc23a28333a2e354147
0x0c83eae1fe72c390a02e426572854931eeff93ba,650013945.1286366,25.0,25.0,2026-05-04 00:00:00,2026-05-04 00:00:00,0.96,80633886621389270000000,0xB1cB21F043af2c8e9a305Fc23a28333a2e354147
0x0d8f5cc1b483e47450628bf54ca52db381b3e821,,,,,,,502360850860693,0xB1cB21F043af2c8e9a305Fc23a28333a2e354147
0x0e05f6de602cf2b54d5fa41c970aed1464fafb83,,,,,,,1039659185324804,0xB1cB21F043af2c8e9a305Fc23a28333a2e354147
0x0e1afb5289eafc34b39f4b3cf9465539bf3405e0,,,,,,,149723033933481,0xB1cB21F043af2c8e9a305Fc23a28333a2e354147
0x0ebb319b2af7eef80deba5233036247f7b08a902,,,,,,,3365826653251,0xB1cB21F043af2c8e9a305Fc23a28333a2e354147
0x0ed088d2d05f154d9cd1a32c01eb0377608573ce,,,,,,,39474870275934,0xB1cB21F043af2c8e9a305Fc23a28333a2e354147
0x0f19b74767a3e873923d66cae131b6dc4af3ae8a,,,,,,,917336100250955,0xB1cB21F043af2c8e9a305Fc23a28333a2e354147
0x0f80aaf06db429ce17c2621216a79371f13c8bfc,,,,,,,174351345096640,0xB1cB21F043af2c8e9a305Fc23a28333a2e354147
0x0f86b8e80b2348be4726a7df2f218fd68fb69561,,,,,,,144554929014649,0xB1cB21F043af2c8e9a305Fc23a28333a2e354147
0x1001576ea66f1da4e320594f53cb37a4307f4ef7,,,,,,,138534952127454,0xB1cB21F043af2c8e9a305Fc23a28333a2e354147
0x1022768cbba610349e6b8f3205d9024229c30cff,,,,,,,54253891747388,0xB1cB21F043af2c8e9a305Fc23a28333a2e354147
0x106a8946a2930c52c39436ca93190d01ca2a55f4,,,,,,,165567199466081,0xB1cB21F043af2c8e9a305Fc23a28333a2e354147
0x10a25e930d99c389e41ca774c64ed81fd51d59e0,,,,,,,406325844950903,0xB1cB21F043af2c8e9a305Fc23a28333a2e354147
0x116858361f3de1851c0e02725a4d8f95a60a7b30,,,,,,,6783227525523393,0xB1cB21F043af2c8e9a305Fc23a28333a2e354147
0x119eb58c8d264c966c56b45434ef0a4f435e6e4c,,,,,,,35066319788,0xB1cB21F043af2c8e9a305Fc23a28333a2e354147
0x11b5c8de61451aa83c437e419e448a86f5d4b1b1,,,,,,,190250850867766,0xB1cB21F043af2c8e9a305Fc23a28333a2e354147
0x125befb4e1824499e61edb879f48167d1214c260,,,,,,,177001689037991,0xB1cB21F043af2c8e9a305Fc23a28333a2e354147
0x12cdc3af4c315c2f818e56acbe5c7ad3d68d84f8,,,,,,,485422633928052,0xB1cB21F043af2c8e9a305Fc23a28333a2e354147
0x12d10acba203fc7f2e9ae61c15b82c53a975439a,,,,,,,39051443936624,0xB1cB21F043af2c8e9a305Fc23a28333a2e354147
0x1311044a2c42c01590a710d2e93f8650aea48e59,,,,,,,199661173093278,0xB1cB21F043af2c8e9a305Fc23a28333a2e354147
0x134269de23c0ab7ca2bb1a0581b480a9c2fa3323,,,,,,,190260039659607,0xB1cB21F043af2c8e9a305Fc23a28333a2e354147
0x13437dad921a47557b332274dab1ec78f8586818,,,,,,,16131162003414,0xB1cB21F043af2c8e9a305Fc23a28333a2e354147
0x138bc2aad9227219feff922be66339068fc0cac3,,,,,,,603206266649814,0xB1cB21F043af2c8e9a305Fc23a28333a2e354147
0x13aee570d173b20b4c96e2b80e32deb27bdef3cd,,,,,,,441906847934940,0xB1cB21F043af2c8e9a305Fc23a28333a2e354147
0x13e1d24d9bb53da48d9b212d1518faff9f12a0c9,,,,,,,151743365613803,0xB1cB21F043af2c8e9a305Fc23a28333a2e354147
0x13e7d3a08ea63f226d8853a3fe16646d0b9a09ba,,,,,,,41717396010456,0xB1cB21F043af2c8e9a305Fc23a28333a2e354147
0x14199f8a5ffc0f34c37b5a3462a44ca944f0fa10,,,,,,,431397885234750,0xB1cB21F043af2c8e9a305Fc23a28333a2e354147
0x141a1afb35dfc7cb13ab6b41ee3175cc8c52674a,,,,,,,175797833342108,0xB1cB21F043af2c8e9a305Fc23a28333a2e354147
0x147bda61f75172f4c810cbb2a430a74c44d00f70,,,,,,,172006792313248,0xB1cB21F043af2c8e9a305Fc23a28333a2e354147
0x148882a1ef387d87b8af2ee783a3869d9a56287d,,,,,,,172219397670531,0xB1cB21F043af2c8e9a305Fc23a28333a2e354147
0x14e378dfbd9cc1fa83633d49e1ee4d12614714e8,,,,,,,313833349665502,0xB1cB21F043af2c8e9a305Fc23a28333a2e354147
0x154635fed597581dad3b65c6670a3faffe06452f,,,,,,,154194384417945,0xB1cB21F043af2c8e9a305Fc23a28333a2e354147
0x15663e1b016715cf8e365c47b58183b67ff127ed,1.07777070205,1.0,1.0,2026-05-04 00:00:00,2026-05-04 00:00:00,0.0,133696886419501,0xB1cB21F043af2c8e9a305Fc23a28333a2e354147
0x15a8ae3d2233c7268eaf688e9adca1e9d74faf41,,,,,,,265703401951466,0xB1cB21F043af2c8e9a305Fc23a28333a2e354147
0x15ae7f370226700b8301da7ae01dbe7469d7c5a2,,,,,,,191296095969075,0xB1cB21F043af2c8e9a305Fc23a28333a2e354147
0x1600f3810907c3e463cadb82ed8a6279fd9a1b0c,,,,,,,202155094636851,0xB1cB21F043af2c8e9a305Fc23a28333a2e354147
0x16909b6fc85c5fd4275d4a34a30b4ce9a79b6b56,,,,,,,368875430051783,0xB1cB21F043af2c8e9a305Fc23a28333a2e354147
0x16b3fbd04c42c47ceebf1202e31731f137affa36,,,,,,,520270443181727,0xB1cB21F043af2c8e9a305Fc23a28333a2e354147
0x16d718bda864f0f48b67943859a7f26dfd7fbebb,,,,,,,417240595085970,0xB1cB21F043af2c8e9a305Fc23a28333a2e354147
0x17552381560d231eb371cbc3766595e5f4d21292,,,,,,,225826025812154,0xB1cB21F043af2c8e9a305Fc23a28333a2e354147
0x1788875a43a8327959be225502354b449b425980,,,,,,,17174222398690,0xB1cB21F043af2c8e9a305Fc23a28333a2e354147
0x17932df691a7d2cfd7c9befd4cc9d2519cae8d4c,,,,,,,454289723334119,0xB1cB21F043af2c8e9a305Fc23a28333a2e354147
0x1793e42a910d91b8625bd138a6cfc4d918a2820c,,,,,,,4496855948288,0xB1cB21F043af2c8e9a305Fc23a28333a2e354147
0x17e4a4f30d24956cdb1319854d851707794065d2,,,,,,,349789896550025,0xB1cB21F043af2c8e9a305Fc23a28333a2e354147
0x181fd03634a36cfccfea6b8c75e255672715de60,,,,,,,173653690897137,0xB1cB21F043af2c8e9a305Fc23a28333a2e354147
0x1828272f03a821bd28195ab97dd9c9cb4780e0f7,,,,,,,383765281421920,0xB1cB21F043af2c8e9a305Fc23a28333a2e354147
0x186d825535a99c1ea2bf7d220ec6f60ba716da08,,,,,,,182740730779078,0xB1cB21F043af2c8e9a305Fc23a28333a2e354147
0x18df113bec684c81b75144f647a63fe7a754c4f2,,,,,,,194763056461882,0xB1cB21F043af2c8e9a305Fc23a28333a2e354147
0x193dc94e360f2f20a0ddbdd1853b641335e9f7da,,,,,,,539853321606378,0xB1cB21F043af2c8e9a305Fc23a28333a2e354147
0x19702324510616997d7bece2a557b6975b17ca14,,,,,,,140049350078366,0xB1cB21F043af2c8e9a305Fc23a28333a2e354147
0x19b2ad9e6ff56e5e4b6bcafe683deb5dd4b8a94e,,,,,,,465452505546126,0xB1cB21F043af2c8e9a305Fc23a28333a2e354147
0x1a42c1c952913cde8c3725f8279b3f60453deefb,,,,,,,174206205096368,0xB1cB21F043af2c8e9a305Fc23a28333a2e354147
0x1ad02988e66f351358ac49cdd9cee66e9e5792a9,,,,,,,220453310827913,0xB1cB21F043af2c8e9a305Fc23a28333a2e354147
0x1af7c40409c7b182e2072051e82e13c0f98edca9,,,,,,,180461348985660,0xB1cB21F043af2c8e9a305Fc23a28333a2e354147
0x1b4b3008727bbdb65da8d904f8b1e5a044694411,,,,,,,145743826966570,0xB1cB21F043af2c8e9a305Fc23a28333a2e354147
0x1b7b420b9d9d4f099233bc4e37a998e9263cfa17,,,,,,,174870240535396,0xB1cB21F043af2c8e9a305Fc23a28333a2e354147
0x1bf7133fc3758c223f5188b87dbbfde913394360,,,,,,,39837410237369,0xB1cB21F043af2c8e9a305Fc23a28333a2e354147
0x1cf4c7ddaa5d28c22667d6b50402bb1a9ecfafb4,,,,,,,156117382676607,0xB1cB21F043af2c8e9a305Fc23a28333a2e354147
0x1d1a7b1ca3c1b326d742bad93dce27fba380a0ac,,,,,,,62944281476272,0xB1cB21F043af2c8e9a305Fc23a28333a2e354147
0x1d3f4401350e1397f30835ba699a516f9316d815,,,,,,,10262872763910,0xB1cB21F043af2c8e9a305Fc23a28333a2e354147
0x1d4685273dd7788dd3afcdc4bb7e7f080ccb8bee,,,,,,,306241438218584,0xB1cB21F043af2c8e9a305Fc23a28333a2e354147
0x1d5296d41266ac89f9f7710feef373bff21db5a8,,,,,,,119024046569823,0xB1cB21F043af2c8e9a305Fc23a28333a2e354147
0x1d7e31db59cc4cd9036e9a24ef237a952ebd876e,,,,,,,212833333826534,0xB1cB21F043af2c8e9a305Fc23a28333a2e354147
0x1d82f946acc900fc81c3ae677bb7cfef0eb1d98a,,,,,,,55494788682823,0xB1cB21F043af2c8e9a305Fc23a28333a2e354147
0x1e41887ddbd9887ded33443cbe8d48b8c3e014c5,,,,,,,204372282974957,0xB1cB21F043af2c8e9a305Fc23a28333a2e354147
0x1e6717e6cb9d6d5d39e3285495bfc735b087436e,,,,,,,180635200927306,0xB1cB21F043af2c8e9a305Fc23a28333a2e354147
0x1e79ac92f72bb10062fc785703cc3d96f05f7c20,,,,,,,510403231237899,0xB1cB21F043af2c8e9a305Fc23a28333a2e354147
0x1e8eafa8de42f627cb138e1fd649d4bb0d6f7d03,,,,,,,160903368972845,0xB1cB21F043af2c8e9a305Fc23a28333a2e354147
0x1f0ed6499447ae8340cdedbb987ad768a4497891,,,,,,,156975492295716,0xB1cB21F043af2c8e9a305Fc23a28333a2e354147
0x1f18ffa9f054cde1608a176ac1ae638c45bd2b1f,,,,,,,221759336097916,0xB1cB21F043af2c8e9a305Fc23a28333a2e354147
0x1f4fb6e375f6a58bf2e87152fc4a3b478bed3208,,,,,,,2332250888703873000,0xB1cB21F043af2c8e9a305Fc23a28333a2e354147
0x2012e29dffd2f8a90d3ead08d37afdfb33d7c401,,,,,,,176227112752384,0xB1cB21F043af2c8e9a305Fc23a28333a2e354147
0x208a9bb512029239acb4cc7834824c8badbad316,,,,,,,142084541591039,0xB1cB21F043af2c8e9a305Fc23a28333a2e354147
0x20a6f5f32f20b5e03a1bee5f7ca4866d68cede6c,,,,,,,175152414135673,0xB1cB21F043af2c8e9a305Fc23a28333a2e354147
0x20d389af10c039836387943dde11abd7ccd30817,,,,,,,4407020768081,0xB1cB21F043af2c8e9a305Fc23a28333a2e354147
0x211d158941829c694060b6016d69c4568cd4a771,,,,,,,68200484367910,0xB1cB21F043af2c8e9a305Fc23a28333a2e354147
0x2133de485dc702d6483b0d3376a275ba521891dd,,,,,,,228917479866309,0xB1cB21F043af2c8e9a305Fc23a28333a2e354147
0x21bfc392d17780da8e6e27bb91dc1d28925d75e2,,,,,,,1071917250289023100,0xB1cB21F043af2c8e9a305Fc23a28333a2e354147
0x21de35acd9b19c6f9cc6a98fc7151a54e4a30421,,,,,,,550064072784408,0xB1cB21F043af2c8e9a305Fc23a28333a2e354147
0x226e85800d93eafd967e5e0c0937f2c4b4e0f645,,,,,,,519773895685051,0xB1cB21F043af2c8e9a305Fc23a28333a2e354147
0x22b60248c77fb0cdf3f442b328dd5dedf3cbc70c,,,,,,,1040594476112655,0xB1cB21F043af2c8e9a305Fc23a28333a2e354147
0x22c2d08063a9e31de3b8b47d33b7ca90400f6de9,,,,,,,191675973522604,0xB1cB21F043af2c8e9a305Fc23a28333a2e354147
0x22f40f31b3d8c007aac17b8c1f7bc44de6402cbe,,,,,,,679937980569905,0xB1cB21F043af2c8e9a305Fc23a28333a2e354147
0x22ff9a5afa2b3e294154c561342c04f6293ccc99,,,,,,,66569742391805,0xB1cB21F043af2c8e9a305Fc23a28333a2e354147
0x234143c58e013639587a146d95cfc496fbae235f,,,,,,,198148910892594,0xB1cB21F043af2c8e9a305Fc23a28333a2e354147
0x2364963e6b99281def39aeda6a8acee790d93af4,39494168.43363,1.0,1.0,2026-05-04 00:00:00,2026-05-04 00:00:00,0.8,4899230737354645000000,0xB1cB21F043af2c8e9a305Fc23a28333a2e354147
0x2414b45d2ad6d36cc43c2f6f0db9e13b933cf8d3,,,,,,,167271769606524,0xB1cB21F043af2c8e9a305Fc23a28333a2e354147
0x24e045efaaaa10f72fa6104792ba8b5c2a9209ff,,,,,,,10427780011618,0xB1cB21F043af2c8e9a305Fc23a28333a2e354147
0x250376c283a38355687315fdc567113009016f22,,,,,,,506001933190630,0xB1cB21F043af2c8e9a305Fc23a28333a2e354147
0x255c4e62086103d09b4e8661b8f8197e9b6b07b0,,,,,,,164873681223309,0xB1cB21F043af2c8e9a305Fc23a28333a2e354147
0x25716f07abe9d539de0517103a584840cda112b4,,,,,,,20475749049603,0xB1cB21F043af2c8e9a305Fc23a28333a2e354147
0x2761c535003dcd51443666df97b3dba06781c878,,,,,,,1040567718316755,0xB1cB21F043af2c8e9a305Fc23a28333a2e354147
0x276c8e5361932d400bbd0efa92b08ecabaab4cd7,,,,,,,74393903500515,0xB1cB21F043af2c8e9a305Fc23a28333a2e354147
0x27bcb3955ce6a0097d93e76d92599854198a269f,,,,,,,196639811407227,0xB1cB21F043af2c8e9a305Fc23a28333a2e354147
0x28672e1e88061594b76b9d4105669748f9cb0254,,,,,,,41509087695788,0xB1cB21F043af2c8e9a305Fc23a28333a2e354147
0x289d1d837fd13a69d40e1f343c30a7f0aa96213a,,,,,,,234602522417380,0xB1cB21F043af2c8e9a305Fc23a28333a2e354147
0x28af2578c2e645a8fb857982e49760f52f2c8333,,,,,,,171623379895141,0xB1cB21F043af2c8e9a305Fc23a28333a2e354147
0x28c5c8e7877c51922e95fa6f20bf97f243b68405,,,,,,,225340886295268,0xB1cB21F043af2c8e9a305Fc23a28333a2e354147
0x28ff200afe1404f8c31fa655441e8c278a4b6f90,,,,,,,166781466571836,0xB1cB21F043af2c8e9a305Fc23a28333a2e354147
0x292cd9d3664d21ab100b00fbc13a52e3e33a2a61,,,,,,,310533812493384,0xB1cB21F043af2c8e9a305Fc23a28333a2e354147
0x29f72830c5a4da85fce943b8685a536a2af0c107,,,,,,,298494816720252,0xB1cB21F043af2c8e9a305Fc23a28333a2e354147
0x29fc5aacd613410b68c9c08d4e1656e3c890e482,,,,,,,3112312122,0xB1cB21F043af2c8e9a305Fc23a28333a2e354147
0x2a6f0adbe5910e0e23b5e541fe82fc66390c865c,,,,,,,129294370237050,0xB1cB21F043af2c8e9a305Fc23a28333a2e354147
0x2aaa357a6487fee83039bf6b38972aa02987e8f3,,,,,,,48067997930924,0xB1cB21F043af2c8e9a305Fc23a28333a2e354147
0x2bbc6277f287b2aa2cac61d9d9f9b7eb6084e87b,,,,,,,34960593042410,0xB1cB21F043af2c8e9a305Fc23a28333a2e354147
0x2bff0d5bc65b920806a50c5e27b879b05a6538ae,,,,,,,113872104303753,0xB1cB21F043af2c8e9a305Fc23a28333a2e354147
0x2c7faa265e5c7278e32d5335f1ea813c66953024,,,,,,,211530769519130,0xB1cB21F043af2c8e9a305Fc23a28333a2e354147
0x2cd6ac0018b8412bed323c2895d8c09d77d3bd0e,,,,,,,23655641127847,0xB1cB21F043af2c8e9a305Fc23a28333a2e354147
0x2d343899f1f8aad551a545da4a4c5b4776e092e2,,,,,,,615950307075988,0xB1cB21F043af2c8e9a305Fc23a28333a2e354147
0x2d674857986b5c052ca1cb07b1d2ebf304e2ac5c,,,,,,,10297434587651916,0xB1cB21F043af2c8e9a305Fc23a28333a2e354147
0x2d7b4766abe9a28a43a1b322083fd692a63edc54,,,,,,,203149455499622,0xB1cB21F043af2c8e9a305Fc23a28333a2e354147
0x2d8bc975533bc41cc459ca6cbf48264f3eded5e0,,,,,,,302796308694551,0xB1cB21F043af2c8e9a305Fc23a28333a2e354147
0x2d9e4284144a08c66118321d9050df50946e418e,,,,,,,1070848960939038,0xB1cB21F043af2c8e9a305Fc23a28333a2e354147
0x2df90b5aae9bf29bccc51b2c1d6a851ec46280cf,,,,,,,10715291156943,0xB1cB21F043af2c8e9a305Fc23a28333a2e354147
0x2dfc234c940bb25c44d3793935c21b332ef23aa4,,,,,,,585252861351930,0xB1cB21F043af2c8e9a305Fc23a28333a2e354147
0x2ee755f84cf6e0beed20e40d7d1d882636ef15c3,,,,,,,37637807846286,0xB1cB21F043af2c8e9a305Fc23a28333a2e354147
0x2eec81f61dc62ec3b4bbe759616ce9b7f4438521,,,,,,,29074762214100,0xB1cB21F043af2c8e9a305Fc23a28333a2e354147
0x2f019c3c108affbb85bcc7d066db9eef36a4cd88,,,,,,,158099794041390,0xB1cB21F043af2c8e9a305Fc23a28333a2e354147
0x2f072eab560896528ba175b7358305e6e45def1a,,,,,,,534915855320204,0xB1cB21F043af2c8e9a305Fc23a28333a2e354147
0x2f10448e1914fa1cb3d7fbe01c189c3d9263463c,,,,,,,192451319563754,0xB1cB21F043af2c8e9a305Fc23a28333a2e354147
0x2fc97e60d48c3e97fd21ad6103ed231c5189974b,,,,,,,171939761513509,0xB1cB21F043af2c8e9a305Fc23a28333a2e354147
0x30432355e26165929ebcc381f198ac7d9fe0b6d6,,,,,,,175982351348954,0xB1cB21F043af2c8e9a305Fc23a28333a2e354147
0x3081795c665076c289e028ac14233aa2ce1cdb70,,,,,,,883714237681121,0xB1cB21F043af2c8e9a305Fc23a28333a2e354147
0x3085dcaf2af3a86921bd2cfa08b7cf24d63424dd,,,,,,,159576124553926,0xB1cB21F043af2c8e9a305Fc23a28333a2e354147
0x314a5ad6c5f36eed1fe6cee59ce3ba9ad15833e3,,,,,,,816536853021764,0xB1cB21F043af2c8e9a305Fc23a28333a2e354147
0x318e706186a91ee084052789b5176ffb63135a21,,,,,,,370191030,0xB1cB21F043af2c8e9a305Fc23a28333a2e354147
0x31b6c62795dec9940e4014577b9d75cb829723d9,,,,,,,793118620986766,0xB1cB21F043af2c8e9a305Fc23a28333a2e354147
0x31c79b1dff220eac323a92151b02626fa6187477,,,,,,,361595909941953,0xB1cB21F043af2c8e9a305Fc23a28333a2e354147
0x31fd90a94ec4ef0a4a88d7a46db4bde6979ee5f9,,,,,,,69958904106456,0xB1cB21F043af2c8e9a305Fc23a28333a2e354147
0x32044f642d465498907e52ca508b4e3baee7dc35,,,,,,,206857229769983,0xB1cB21F043af2c8e9a305Fc23a28333a2e354147
0x3241e987a5e336401cc4e08ead3959cfa16d8749,,,,,,,179949136312347,0xB1cB21F043af2c8e9a305Fc23a28333a2e354147
0x324e6555a14758bb968ec0b4066454cd030e609b,,,,,,,28938267298237,0xB1cB21F043af2c8e9a305Fc23a28333a2e354147
0x325764d741b33a66f86822229e5bdc0be29cfa7a,,,,,,,188402797561790,0xB1cB21F043af2c8e9a305Fc23a28333a2e354147
0x32e9dbe758a92ace68acf2dc59117ce827c32200,,,,,,,577363485065312,0xB1cB21F043af2c8e9a305Fc23a28333a2e354147
0x32fb8d16d0871450ffec17afb85b88c0c51055dc,,,,,,,147942675949092,0xB1cB21F043af2c8e9a305Fc23a28333a2e354147
0x334c13e486ac1e3d834b648d6647317b8eaa7fc7,,,,,,,211459288934662,0xB1cB21F043af2c8e9a305Fc23a28333a2e354147
0x33de883c41a2d608e88fa1abe3d4c45f15216f2b,,,,,,,631233007415020,0xB1cB21F043af2c8e9a305Fc23a28333a2e354147
0x33e8581f812585cd2f277b6e40c26f7d08a5f2a9,,,,,,,44306662433439,0xB1cB21F043af2c8e9a305Fc23a28333a2e354147
0x346d827a75f98f0a7a324ff80b7c3f90252e8bac,152846922.9,1.0,1.0,2026-05-04 00:00:00,2026-05-04 00:00:00,0.92,18960580067413480000000,0xB1cB21F043af2c8e9a305Fc23a28333a2e354147
0x347d00dbb5f520f719af89d58a46f3655e48cd1b,,,,,,,160645689707442,0xB1cB21F043af2c8e9a305Fc23a28333a2e354147
0x3496cc53d6d8650ec936891038e656a85475126b,,,,,,,1134278902225983,0xB1cB21F043af2c8e9a305Fc23a28333a2e354147
0x349f22494ad7a85bd312a8856395791003d0a483,,,,,,,73809710127253,0xB1cB21F043af2c8e9a305Fc23a28333a2e354147
0x34af4bdee0e501c822cff52780e2bc9857f41a3d,,,,,,,241725668744675,0xB1cB21F043af2c8e9a305Fc23a28333a2e354147
0x34c70805ca93a25ab71eb2d108c953b1cb44b5d6,,,,,,,172092533681289,0xB1cB21F043af2c8e9a305Fc23a28333a2e354147
0x3511234945e71c792b053a6f1fb5458fb28691e6,,,,,,,49240814709572,0xB1cB21F043af2c8e9a305Fc23a28333a2e354147
0x353ba7829f4002800112ba6214dabcd51e82e078,17237.675049999998,1.0,1.0,2026-05-04 00:00:00,2026-05-04 00:00:00,0.16,2138324486750793470,0xB1cB21F043af2c8e9a305Fc23a28333a2e354147
0x35912c886c7b8d6e151d6db28f32595e89d75d72,,,,,,,72029236607163,0xB1cB21F043af2c8e9a305Fc23a28333a2e354147
0x36ba23241ff9ed173ac2c384d0e4760536d4b435,,,,,,,35200343925572,0xB1cB21F043af2c8e9a305Fc23a28333a2e354147
0x36c4feac438c17726f9c253f8ee618f5fec83182,,,,,,,582818522940120,0xB1cB21F043af2c8e9a305Fc23a28333a2e354147
0x374ef35eb9811890b2f38f1403a4399ae7ef176a,,,,,,,162306230443804,0xB1cB21F043af2c8e9a305Fc23a28333a2e354147
0x37ea78946273e1b8061bd0804aee30b6fbe6c349,,,,,,,205685591932273,0xB1cB21F043af2c8e9a305Fc23a28333a2e354147
0x37f5c6840719b7d41f0705626caf6f1b58306dc0,,,,,,,169470330303206,0xB1cB21F043af2c8e9a305Fc23a28333a2e354147
0x37ff1e6ad66c50ce38c7fbf8304fa0f3aa416f84,,,,,,,166098761857664,0xB1cB21F043af2c8e9a305Fc23a28333a2e354147
0x388c818ca8b9251b393131c08a736a67ccb19297,870408433.5558478,44.0,44.0,2026-05-04 00:00:00,2026-05-04 00:00:00,1.0,107973706520640710000000,0xB1cB21F043af2c8e9a305Fc23a28333a2e354147
0x388e3c2774aa8c5d73bc5555aa6417e536ff40a1,,,,,,,201190859048273,0xB1cB21F043af2c8e9a305Fc23a28333a2e354147
0x390395435301f9a99715aec766f4afb24099285b,,,,,,,188903622263338,0xB1cB21F043af2c8e9a305Fc23a28333a2e354147
0x393b5f397d53f44333b4c7d2af3b6388194767b4,,,,,,,573426101170754,0xB1cB21F043af2c8e9a305Fc23a28333a2e354147
0x396f95d20defc8be60401690ba6c822e6d2b38e3,,,,,,,391229029379667,0xB1cB21F043af2c8e9a305Fc23a28333a2e354147
0x3981cb6c511aa79d18b92c2fde4550cc188fbd2f,,,,,,,19851719528568,0xB1cB21F043af2c8e9a305Fc23a28333a2e354147
0x39e8a0a743f431a3d72ecea9261bfa090cfd1433,,,,,,,183634039962906,0xB1cB21F043af2c8e9a305Fc23a28333a2e354147
0x3a72acfc5b9d4b078f870a02c2417488df60d9b0,,,,,,,10749520289887,0xB1cB21F043af2c8e9a305Fc23a28333a2e354147
0x3ada85d4f516b241a9e80e50fd3599a08dac54db,17237.675049999998,1.0,1.0,2026-05-04 00:00:00,2026-05-04 00:00:00,0.16,2138324486750793470,0xB1cB21F043af2c8e9a305Fc23a28333a2e354147
0x3b0301595d4a38c2b9c318bc019ac74b6de015db,,,,,,,293867003821960,0xB1cB21F043af2c8e9a305Fc23a28333a2e354147
0x3b05adac024d16fe44adc59d7afd1aae5f31bed4,,,,,,,280535171983672,0xB1cB21F043af2c8e9a305Fc23a28333a2e354147
0x3c2a60ba857e045036e39b0930fd048cde758148,,,,,,,609198361375254,0xB1cB21F043af2c8e9a305Fc23a28333a2e354147
0x3c7066e72008318a6473f4dbd6103bde88c9e577,,,,,,,40345344935970096,0xB1cB21F043af2c8e9a305Fc23a28333a2e354147
0x3c8093c70f58586962dd6b3ab2f1f2dae2dad707,,,,,,,33360979424264356,0xB1cB21F043af2c8e9a305Fc23a28333a2e354147
0x3c8d07109a9c8c9009488bbc4942aa008d686932,,,,,,,220109828467585,0xB1cB21F043af2c8e9a305Fc23a28333a2e354147
0x3d066686d6450aad57e3636dcc9186729a51c308,,,,,,,536663276179212,0xB1cB21F043af2c8e9a305Fc23a28333a2e354147
0x3d2f68f4e2112fe3f2bfd08ae8cbcdb3a802812a,,,,,,,80281815589112,0xB1cB21F043af2c8e9a305Fc23a28333a2e354147
0x3d30be069dca6f4a76aed68482daee0727cc2407,,,,,,,596059980488357,0xB1cB21F043af2c8e9a305Fc23a28333a2e354147
0x3db95fb6ce4fe7700fad8d59ce7bd1cddb4f5dd2,,,,,,,40100688258970,0xB1cB21F043af2c8e9a305Fc23a28333a2e354147
0x3e87de120ef5d9d3fcda1cda0c49bdd51a57812a,,,,,,,15597949928896,0xB1cB21F043af2c8e9a305Fc23a28333a2e354147
0x3fb80901e16924da6e3be1ae39d181a52ec9af90,,,,,,,456371292511867,0xB1cB21F043af2c8e9a305Fc23a28333a2e354147
0x405202c2686dae017b2c3dc917512fde0e06833b,,,,,,,35138069161053,0xB1cB21F043af2c8e9a305Fc23a28333a2e354147
0x405478248bfb0b5a74b68ddd241e13fa22c7424b,,,,,,,577472660257769,0xB1cB21F043af2c8e9a305Fc23a28333a2e354147
0x409bdde1bbc00bb071fe0225383ab4e85cc7e8db,,,,,,,169572998119715,0xB1cB21F043af2c8e9a305Fc23a28333a2e354147
0x413533fcb1051524239db3a120ba424d62270e9a,,,,,,,894060395083041,0xB1cB21F043af2c8e9a305Fc23a28333a2e354147
0x4151e640507727da497eb3997b020d3f9fe6b6ea,,,,,,,2034468388683477,0xB1cB21F043af2c8e9a305Fc23a28333a2e354147
0x41727144b46c556e8bf2c009ebe0111bb23b6874,,,,,,,265675970693964,0xB1cB21F043af2c8e9a305Fc23a28333a2e354147
0x41736fe61ccdf0ff31310b736d80284d80bda768,,,,,,,28274675933165974000,0xB1cB21F043af2c8e9a305Fc23a28333a2e354147
0x41adbe54901c420e9af3988ecc5f2bc85da5f9be,,,,,,,206449928791882,0xB1cB21F043af2c8e9a305Fc23a28333a2e354147
0x41d45c3336c6d3f10118b5ea4a2833f99577352a,,,,,,,140531874078130,0xB1cB21F043af2c8e9a305Fc23a28333a2e354147
0x4207a529ffc1076e4f59ab8674d86b71b7a7f69b,,,,,,,205405209177931,0xB1cB21F043af2c8e9a305Fc23a28333a2e354147
0x4299caecefa01fc58b229572d4a527b2285139bf,,,,,,,149081360655002,0xB1cB21F043af2c8e9a305Fc23a28333a2e354147
0x42ef2b43aeb6e371a24866514a461b12419d9517,,,,,,,553824299156192,0xB1cB21F043af2c8e9a305Fc23a28333a2e354147
0x431cc95f92a7cec50011bb22ad45a62739b3a894,,,,,,,2334387259375,0xB1cB21F043af2c8e9a305Fc23a28333a2e354147
0x435a631494289d4fd415cd963a4f38b445dafe8a,,,,,,,17092186006010,0xB1cB21F043af2c8e9a305Fc23a28333a2e354147
0x43b6b231abb536bbfe48409803b61f3edeebd99d,,,,,,,326657071497260,0xB1cB21F043af2c8e9a305Fc23a28333a2e354147
0x43b7d6b49ced76814e910d1a6d18c07b20b429b6,,,,,,,434429269664147,0xB1cB21F043af2c8e9a305Fc23a28333a2e354147
0x43b9eb6beecd92ba8342eb25017ecc437806f6d5,,,,,,,261596223061580,0xB1cB21F043af2c8e9a305Fc23a28333a2e354147
0x43c80a17558604f8e2dc807e98948823b4d6185c,,,,,,,236901079135557,0xB1cB21F043af2c8e9a305Fc23a28333a2e354147
0x43e736b115e629df4950ba07baaefffe0bbbe486,,,,,,,145879305134209,0xB1cB21F043af2c8e9a305Fc23a28333a2e354147
0x4423e1aa29f8fa79701fc0fdd4cb9b83d2a2b97a,,,,,,,714379917077890,0xB1cB21F043af2c8e9a305Fc23a28333a2e354147
0x44424b581f8d2612ff603ae4e8c6e8746bd262d7,,,,,,,56136645439147,0xB1cB21F043af2c8e9a305Fc23a28333a2e354147
0x44d310e12e9e309651dc3c8bcc9d3b459bbd0ca3,,,,,,,16119505668693,0xB1cB21F043af2c8e9a305Fc23a28333a2e354147
0x44f4c27cda69f1b683f458b25564a4c555342255,,,,,,,3331704967658,0xB1cB21F043af2c8e9a305Fc23a28333a2e354147
0x4559d6b52b6a736684345b42d5e3ee8405991466,,,,,,,1555418029928558590,0xB1cB21F043af2c8e9a305Fc23a28333a2e354147
0x4578605337fd4975db63a692882065ba45c0b10f,,,,,,,596749780048143,0xB1cB21F043af2c8e9a305Fc23a28333a2e354147
0x4582985c66cc83f8333e99dcfe8461872499e1a2,,,,,,,167746627808270,0xB1cB21F043af2c8e9a305Fc23a28333a2e354147
0x463ba5667ac4aabd51e64f4f09963c81366bf3ac,,,,,,,64479323707232,0xB1cB21F043af2c8e9a305Fc23a28333a2e354147
0x466e55b2745df2dcf015bb5641d11f4a9a2cf50f,,,,,,,167472772437902,0xB1cB21F043af2c8e9a305Fc23a28333a2e354147
0x4686b28928b64440c8282aac3870e5121db35018,,,,,,,201542035388135,0xB1cB21F043af2c8e9a305Fc23a28333a2e354147
0x46aa454e92d00e4b944ca12004bd54d0e8cdc379,,,,,,,60693157484633,0xB1cB21F043af2c8e9a305Fc23a28333a2e354147
0x46d36b19086c7456a6fcf364bfe5e5fcc024190e,,,,,,,163045479198473,0xB1cB21F043af2c8e9a305Fc23a28333a2e354147
0x46d63ccb21c2da65d9d144bf504a47a3f0f256a2,,,,,,,300850150763983,0xB1cB21F043af2c8e9a305Fc23a28333a2e354147
0x473a0d1ddc0e35ec37010a22bb0d4c69e359ce06,,,,,,,15411042282757,0xB1cB21F043af2c8e9a305Fc23a28333a2e354147
0x474ea54efec898a3cbb6c41e52ccd9626d003f7d,,,,,,,823817767052374,0xB1cB21F043af2c8e9a305Fc23a28333a2e354147
0x47566a7190a735d746868435aca606c928f625bc,,,,,,,204126333520553,0xB1cB21F043af2c8e9a305Fc23a28333a2e354147
0x476a7c1d6ff8fbb15d1688b6895285e08bf856ff,,,,,,,182223920261653,0xB1cB21F043af2c8e9a305Fc23a28333a2e354147
0x479a87455f5bbd3038dfef07ab6d2c7e355d80e1,,,,,,,565363614090815,0xB1cB21F043af2c8e9a305Fc23a28333a2e354147
0x4827ea83570339eb8ee2396d9f8dccb57257d82a,,,,,,,49046456245257,0xB1cB21F043af2c8e9a305Fc23a28333a2e354147
0x486ecf3e0c3e6335fdefef79542f05eb495e541e,,,,,,,960441496708052,0xB1cB21F043af2c8e9a305Fc23a28333a2e354147
0x4898a6bf1921599d04cb00ba82b8d512573654d5,,,,,,,197346828340677,0xB1cB21F043af2c8e9a305Fc23a28333a2e354147
0x48ae08b8ee201da2bc3c52d2ab22eed081bf502f,,,,,,,195945721105224,0xB1cB21F043af2c8e9a305Fc23a28333a2e354147
0x48e871fbb055d50dc1477e18950d06437263756f,,,,,,,23608633593121,0xB1cB21F043af2c8e9a305Fc23a28333a2e354147
0x491f9455a0d7de4bfa04858309dcb6da5fcb03f9,,,,,,,39571963856717,0xB1cB21F043af2c8e9a305Fc23a28333a2e354147
0x49407d74c2f07556abfe3943e22cc081d06468d3,,,,,,,215829223849552,0xB1cB21F043af2c8e9a305Fc23a28333a2e354147
0x49ae533c9d5796a4bb5d26d8ad7d82f0666ca934,,,,,,,2072700365989360,0xB1cB21F043af2c8e9a305Fc23a28333a2e354147
0x49ccc4a0e122ce38bc0f9fdeb387491d4741fe91,,,,,,,41685392536142,0xB1cB21F043af2c8e9a305Fc23a28333a2e354147
0x4a23a25ac6cf545287fe463d7141479d6f155f2c,,,,,,,410558209710160,0xB1cB21F043af2c8e9a305Fc23a28333a2e354147
0x4a77bd25239a035774ae2fd59283aaab96108b0b,,,,,,,28383071257411,0xB1cB21F043af2c8e9a305Fc23a28333a2e354147
0x4a8f3bbfa6023220155aaa42c7be7f9b051d9229,,,,,,,258039512273675,0xB1cB21F043af2c8e9a305Fc23a28333a2e354147
0x4aaea82303c840b75dcc2617feeee6f53bf2ef46,,,,,,,15911541151491,0xB1cB21F043af2c8e9a305Fc23a28333a2e354147
0x4b578f41a3087ccf764f8d5d1122642cfa533430,,,,,,,3084839741700,0xB1cB21F043af2c8e9a305Fc23a28333a2e354147
0x4b6937f94113e72636b149d711a8dfd722110be6,,,,,,,34833919342255,0xB1cB21F043af2c8e9a305Fc23a28333a2e354147
0x4b86a4b076ed3fc11ad46b5be100205b784a5083,,,,,,,196654939091690,0xB1cB21F043af2c8e9a305Fc23a28333a2e354147
0x4b8a85b93ef305987851b607cfdf29099cd667b6,,,,,,,175018505448589,0xB1cB21F043af2c8e9a305Fc23a28333a2e354147
0x4bee17df44fecf49d7f7f5d27234b1a5357954b3,,,,,,,206027883602270,0xB1cB21F043af2c8e9a305Fc23a28333a2e354147
0x4c0a73b2bc7595c99986c39a39bc92fc720af95e,,,,,,,135887632803478,0xB1cB21F043af2c8e9a305Fc23a28333a2e354147
0x4c343ab17ab6c4512c86a7b59bcecca76b06f669,,,,,,,176482440266030,0xB1cB21F043af2c8e9a305Fc23a28333a2e354147
0x4c84febc6434febcaa7bcf5b6cc2bc4f724fed82,,,,,,,182708202072826,0xB1cB21F043af2c8e9a305Fc23a28333a2e354147
0x4c993674c028fbbb1a6223853df7d012e9f9292e,,,,,,,234861361807661,0xB1cB21F043af2c8e9a305Fc23a28333a2e354147
0x4c9ad6814893a01e95941d478f215732e314c187,,,,,,,163941959015688,0xB1cB21F043af2c8e9a305Fc23a28333a2e354147
0x4cee688d05cb25f0903552f2891367b40a759a8e,,,,,,,437514471678807,0xB1cB21F043af2c8e9a305Fc23a28333a2e354147
0x4d23576b2330a96d82f51bff32b71ba41ad117ae,,,,,,,72415357941555,0xB1cB21F043af2c8e9a305Fc23a28333a2e354147
0x4d408d799da66f914c678450d6490b47adaba545,,,,,,,37533353611150,0xB1cB21F043af2c8e9a305Fc23a28333a2e354147
0x4d48a074b816335558b58a0de92dbce594a7e4ae,,,,,,,594750151309696,0xB1cB21F043af2c8e9a305Fc23a28333a2e354147
0x4e0c70d0582d81f05b977aa0d677b6ccc66d0353,,,,,,,770333888824380,0xB1cB21F043af2c8e9a305Fc23a28333a2e354147
0x4e535455d23135c1114a79700d48b2b9ed7f1995,,,,,,,168522070398783,0xB1cB21F043af2c8e9a305Fc23a28333a2e354147
0x4e5b250935c847507c3efe64d11d393935bf5416,,,,,,,176470369296923,0xB1cB21F043af2c8e9a305Fc23a28333a2e354147
0x4ed9d94c16eb0c7f9d8de868cd2160b5d747489a,,,,,,,3382094795131,0xB1cB21F043af2c8e9a305Fc23a28333a2e354147
0x4f1eea37ebe13b68ee8db24f7aa9a7fba12bceb6,,,,,,,277961969450434,0xB1cB21F043af2c8e9a305Fc23a28333a2e354147
0x4f2bc6a460307581aef099d11f2be8c5626c81b9,,,,,,,156267137293676,0xB1cB21F043af2c8e9a305Fc23a28333a2e354147
0x4ff195da42ea5dfbe11fd9177a67b0f2a70063fe,,,,,,,226640262685759,0xB1cB21F043af2c8e9a305Fc23a28333a2e354147
0x4ff7f22b44ba51936562416c1e8dd130b029b00d,,,,,,,49755537751451,0xB1cB21F043af2c8e9a305Fc23a28333a2e354147
0x507e97ac4a3d92aba7ef116e7c85141321fce663,,,,,,,24787161683750,0xB1cB21F043af2c8e9a305Fc23a28333a2e354147
0x50bff2e06494db3882f41c5a13f1e74ab30efa5d,,,,,,,306742784320745,0xB1cB21F043af2c8e9a305Fc23a28333a2e354147
0x50d2dec635c48f5e8cede341df87c651c6cd5318,,,,,,,1134278902225983,0xB1cB21F043af2c8e9a305Fc23a28333a2e354147
0x50e7f0f389e667ce5699dd419493bc428ed18031,,,,,,,2156584967357,0xB1cB21F043af2c8e9a305Fc23a28333a2e354147
0x50ed91f59dfbc117efe0677fd630b5f8d040b19e,,,,,,,268839338612751,0xB1cB21F043af2c8e9a305Fc23a28333a2e354147
0x5120d54e2d477f451ccc0455299d62bff668f74c,,,,,,,149984322901989,0xB1cB21F043af2c8e9a305Fc23a28333a2e354147
0x52125406e1619c907e24e0fc1fec4a76ead035c0,,,,,,,158790699406398,0xB1cB21F043af2c8e9a305Fc23a28333a2e354147
0x52372a6dd24699cfd9ef227ad5375fa32133dc4c,45299.432502,1.0,1.0,2026-05-04 00:00:00,2026-05-04 00:00:00,0.32,5619370679280868400,0xB1cB21F043af2c8e9a305Fc23a28333a2e354147
0x52513b0b365bc5c14a1e607f24e4f5470f5bfe63,,,,,,,179881277861503,0xB1cB21F043af2c8e9a305Fc23a28333a2e354147
0x52535eb9615e8b190b04d8ed54506997a55480fd,,,,,,,4410681555505,0xB1cB21F043af2c8e9a305Fc23a28333a2e354147
0x52e7d2dcd4c0599b91f74572cfa290197683de53,,,,,,,54911561739733,0xB1cB21F043af2c8e9a305Fc23a28333a2e354147
0x53c19d44c88cdd480145bf791c0abbd5a76b80c0,,,,,,,104262072957,0xB1cB21F043af2c8e9a305Fc23a28333a2e354147
0x53e8d6744b81e343d0ac47821d203727ccb20068,,,,,,,748993733417395,0xB1cB21F043af2c8e9a305Fc23a28333a2e354147
0x53f692a1a80a585eb36712cf0139ef977931731d,,,,,,,815859132945139,0xB1cB21F043af2c8e9a305Fc23a28333a2e354147
0x545a34946f65731fca501fcddef8971534598402,,,,,,,66580784437592,0xB1cB21F043af2c8e9a305Fc23a28333a2e354147
0x54989e023bea8f37b0a5e57b8bfb8a8a282455c8,,,,,,,504600787112790340,0xB1cB21F043af2c8e9a305Fc23a28333a2e354147
0x551eb1e8cdd615ea1fc1c806a16af92d75cbd927,,,,,,,956154530474660,0xB1cB21F043af2c8e9a305Fc23a28333a2e354147
0x5583424727c64539833fdf1a4484a6bfcd753c8c,,,,,,,260424744777224,0xB1cB21F043af2c8e9a305Fc23a28333a2e354147
0x55bb8f041180addd656177141abbbdedf04203d4,,,,,,,849762888406918,0xB1cB21F043af2c8e9a305Fc23a28333a2e354147
0x563dd04c7b5a690e39e0a4208c76a14998779121,,,,,,,163651881905030,0xB1cB21F043af2c8e9a305Fc23a28333a2e354147
0x5643e0b85ac8c3db7d8b098755ab6f64cf65b790,,,,,,,346758778099647,0xB1cB21F043af2c8e9a305Fc23a28333a2e354147
0x5680dd76a439868eac2f31857f119700d079c4ae,,,,,,,802467922823206,0xB1cB21F043af2c8e9a305Fc23a28333a2e354147
0x569cf316c06e033aa2a6036380121ba955b7fd29,,,,,,,785111785078572,0xB1cB21F043af2c8e9a305Fc23a28333a2e354147
0x5771011e035b03a282a2561e3ef1a0a0b5a191e2,,,,,,,360380609230148,0xB1cB21F043af2c8e9a305Fc23a28333a2e354147
0x5816148ffbba3d46660ec167495a092c7d157bae,,,,,,,751127090089578,0xB1cB21F043af2c8e9a305Fc23a28333a2e354147
0x581b6c030fdf983297a16baddaf20c874abd5de9,,,,,,,2794403423140,0xB1cB21F043af2c8e9a305Fc23a28333a2e354147
0x58612370ec12cc86c8c1f61f578eddef08cf907f,,,,,,,3310485733601,0xB1cB21F043af2c8e9a305Fc23a28333a2e354147
0x58d0e256910f4d39e8bed816ce0ab105a54b98e8,,,,,,,167919473984819,0xB1cB21F043af2c8e9a305Fc23a28333a2e354147
0x58e2f7d323dcc894d04d7b5d8d6239b59e279a06,,,,,,,185869827931202,0xB1cB21F043af2c8e9a305Fc23a28333a2e354147
0x58e56596e056e4691ee9a7b80b4c82ab8166ac9b,,,,,,,56065408271459,0xB1cB21F043af2c8e9a305Fc23a28333a2e354147
0x5923c4d014dc8e6fd74fb544d09bdf9c9611fb20,,,,,,,153178547452134,0xB1cB21F043af2c8e9a305Fc23a28333a2e354147
0x5aa3b5b86f2b0b8921a7dd35ce7d53787849bc3c,,,,,,,52671840108610,0xB1cB21F043af2c8e9a305Fc23a28333a2e354147
0x5b32bb63ec92d96efdb29b49a3dc167dc8367b41,,,,,,,91301723220104,0xB1cB21F043af2c8e9a305Fc23a28333a2e354147
0x5b4f2b9c2d9cb102c76906bdab4930b97ec38350,,,,,,,177313248892650,0xB1cB21F043af2c8e9a305Fc23a28333a2e354147
0x5c8f1ac2def8f78ae3123c6e38ded525662039d0,,,,,,,3253201736746,0xB1cB21F043af2c8e9a305Fc23a28333a2e354147
0x5cbb805a48ea285c0824cba4c3163d1ab062f0e6,,,,,,,33636342136305888,0xB1cB21F043af2c8e9a305Fc23a28333a2e354147
0x5cc0f208a769e1aec46256f1cdcc8a89880df81c,,,,,,,954447466568055,0xB1cB21F043af2c8e9a305Fc23a28333a2e354147
0x5ccaa2ac72a48ff15473c6a442f8a3a989d935e1,,,,,,,118940885470724,0xB1cB21F043af2c8e9a305Fc23a28333a2e354147
0x5ccdb848b0f771c0ff531b5386471f53fcda73ea,,,,,,,382145339096509,0xB1cB21F043af2c8e9a305Fc23a28333a2e354147
0x5d2dd2a50526e623f5ef1597d76c29c81b385fb5,,,,,,,338132537844641,0xB1cB21F043af2c8e9a305Fc23a28333a2e354147
0x5dc65dc03e49c854441f4cae1e03673433080f44,,,,,,,405119830091145,0xB1cB21F043af2c8e9a305Fc23a28333a2e354147
0x5e279d6858ca0ff084db713ca3f42e2a372e92d1,,,,,,,19499401369041,0xB1cB21F043af2c8e9a305Fc23a28333a2e354147
0x5e2b284a659ab1fde36dbd7b78dc8dce9ecdef2c,,,,,,,36149159031400,0xB1cB21F043af2c8e9a305Fc23a28333a2e354147
0x5e2cb905eb3bacfcaa45d06c739f7c31ebb9aa7d,,,,,,,204445468924267,0xB1cB21F043af2c8e9a305Fc23a28333a2e354147
0x5e2e0a3923422044d0f692c558f0dff49cd2c70b,,,,,,,260898511988202,0xB1cB21F043af2c8e9a305Fc23a28333a2e354147
0x5eb935297f624ad2ce394b4554fedbbb9fb8de53,,,,,,,45317417956920,0xB1cB21F043af2c8e9a305Fc23a28333a2e354147
0x5f8d15178d1801c7be9e5c23210ef4d4058737b1,,,,,,,237444270872312,0xB1cB21F043af2c8e9a305Fc23a28333a2e354147
0x5fa8ae8628e5f96dfd56067dc812b596be092499,,,,,,,182910342637124,0xB1cB21F043af2c8e9a305Fc23a28333a2e354147
0x5fae5a45713afbfd497506afda9daf1d23c52424,,,,,,,157861446614747,0xB1cB21F043af2c8e9a305Fc23a28333a2e354147
0x5fcce3ae2c2b5e565dda81cbb0a2ae4f9fabcf05,,,,,,,11469504551958,0xB1cB21F043af2c8e9a305Fc23a28333a2e354147
0x5fdcb78ca9a1164c13428e5fc9582c8c48dab69f,82689717.00999998,1.0,1.0,2026-05-04 00:00:00,2026-05-04 00:00:00,0.88,10257615726720441000000,0xB1cB21F043af2c8e9a305Fc23a28333a2e354147
0x5fea759143a4631af2d5591a0e35f9d57b31b751,,,,,,,14518788586095,0xB1cB21F043af2c8e9a305Fc23a28333a2e354147
0x610ba5235115c7f995838b5e214af847bfd80077,,,,,,,30062247978969,0xB1cB21F043af2c8e9a305Fc23a28333a2e354147
0x61240080107e22ff8e24ed11b5c5f0bb7844c4af,,,,,,,3106834840558649,0xB1cB21F043af2c8e9a305Fc23a28333a2e354147
0x6189cb62daa1c6d1cf54b7475455782fe83a11ff,,,,,,,1143625103840257,0xB1cB21F043af2c8e9a305Fc23a28333a2e354147
0x61d1085b322c450a40b218423f722de8d612b568,,,,,,,371653978179480,0xB1cB21F043af2c8e9a305Fc23a28333a2e354147
0x61eb49de5bc2f39a86bd613f22537e156e78a9d0,,,,,,,178331872508051,0xB1cB21F043af2c8e9a305Fc23a28333a2e354147
0x6263eecb3db6f28f96377786c017623bd53bb2a2,,,,,,,51431934944146896,0xB1cB21F043af2c8e9a305Fc23a28333a2e354147
0x6293a0db64cd1ce72401b81e08861f30429668ac,,,,,,,476420793664952,0xB1cB21F043af2c8e9a305Fc23a28333a2e354147
0x63089e33789a2359a99f76ac5b2519d75b0cff48,,,,,,,993662861964782,0xB1cB21F043af2c8e9a305Fc23a28333a2e354147
0x640efae243358a4ce6497f28ef8b1036e2ee5126,,,,,,,14263367332724,0xB1cB21F043af2c8e9a305Fc23a28333a2e354147
0x6454ac71ca260f99cca99a3f4241dfda20cfa965,4438852.17948,1.0,1.0,2026-05-04 00:00:00,2026-05-04 00:00:00,0.64,550637268710388800000,0xB1cB21F043af2c8e9a305Fc23a28333a2e354147
0x64dbb04a68a9cc8ae6544f674051101a135ee706,,,,,,,188031683863712,0xB1cB21F043af2c8e9a305Fc23a28333a2e354147
0x64dbe3c702e703d98629f156d034d9e24b684f97,,,,,,,256562473732481,0xB1cB21F043af2c8e9a305Fc23a28333a2e354147
0x655c5613364b387cfb3df85a95b4d99860552261,,,,,,,205607769229628,0xB1cB21F043af2c8e9a305Fc23a28333a2e354147
0x65a77066d1ecb949c553b04202d52e0f08227a4c,,,,,,,164301463546900,0xB1cB21F043af2c8e9a305Fc23a28333a2e354147
0x66648d2115b96a3fc714a85ef5906ee2d9f00f5e,,,,,,,165058930076476,0xB1cB21F043af2c8e9a305Fc23a28333a2e354147
0x6694d1a64a7bf6c2528815e073be7e117c8f2deb,,,,,,,176836708995129,0xB1cB21F043af2c8e9a305Fc23a28333a2e354147
0x66efee9389ba5d7251d70fa002e7c09fbc17ca63,,,,,,,358282149022393,0xB1cB21F043af2c8e9a305Fc23a28333a2e354147
0x66f135644f6b042b54d2c253c0d387c130399a49,,,,,,,207474058019740,0xB1cB21F043af2c8e9a305Fc23a28333a2e354147
0x676f6256f6b8f46f76477d89711cf26fb51a69d9,,,,,,,172964719329018,0xB1cB21F043af2c8e9a305Fc23a28333a2e354147
0x67d37b7817f00e5a471ec338db15093e86992a3c,,,,,,,43834914245021,0xB1cB21F043af2c8e9a305Fc23a28333a2e354147
0x681de196044eeeaf3f8b9f4d174290b75a2d0794,,,,,,,566801235290509,0xB1cB21F043af2c8e9a305Fc23a28333a2e354147
0x6828057f16244c5cf5523e4d1d0bdaacc471646d,,,,,,,32194410555200,0xB1cB21F043af2c8e9a305Fc23a28333a2e354147
0x68ca2b6227fba0b643a937a2be456c43c4317cdd,,,,,,,34853781691664,0xB1cB21F043af2c8e9a305Fc23a28333a2e354147
0x68ceeb884c7b378ae0d9928938d99b9b9e1e7803,,,,,,,396677192326853,0xB1cB21F043af2c8e9a305Fc23a28333a2e354147
0x692bb68631a2988c00fe79fe3a13ce27d1bc6b28,,,,,,,415529869540535,0xB1cB21F043af2c8e9a305Fc23a28333a2e354147
0x69302fbe8cdde288225c59075db929e6ab80f3f3,,,,,,,167216417278043,0xB1cB21F043af2c8e9a305Fc23a28333a2e354147
0x6931b54b4897106b890cc66e6234c0d136af4a6c,,,,,,,3317489819410,0xB1cB21F043af2c8e9a305Fc23a28333a2e354147
0x6942192872784d2c95fa3c58945f11a36cacb29e,,,,,,,14473583987261,0xB1cB21F043af2c8e9a305Fc23a28333a2e354147
0x69ec594c0ed2130a787cd1419cc4dbbef8426f30,,,,,,,192041275613155,0xB1cB21F043af2c8e9a305Fc23a28333a2e354147
0x69f598a514416f237e4d16192b66423a4570d096,,,,,,,64714033504676,0xB1cB21F043af2c8e9a305Fc23a28333a2e354147
0x6a1d9515af982ac761207d92eaec13b11069c64d,,,,,,,292963478285218,0xB1cB21F043af2c8e9a305Fc23a28333a2e354147
0x6b6f2578fc60bc05a9f35a3eb00b252c6e6b3f7d,,,,,,,161486261909631,0xB1cB21F043af2c8e9a305Fc23a28333a2e354147
0x6b7b9597b9e56408ed7a954c71c10e5b65c9a15a,,,,,,,3412465699757,0xB1cB21F043af2c8e9a305Fc23a28333a2e354147
0x6c1816b4c5d577ffc7dd0dc68b449f89b1c5df92,,,,,,,102051763122653,0xB1cB21F043af2c8e9a305Fc23a28333a2e354147
0x6c7df43141820633a912693fd5e75b6c11639bb4,,,,,,,563849994494640,0xB1cB21F043af2c8e9a305Fc23a28333a2e354147
0x6ca5213886ea44a3643b9f44357cbcb6590113f7,,,,,,,40045349893536,0xB1cB21F043af2c8e9a305Fc23a28333a2e354147
0x6cebfc2dcb0a82a3e210a23944f6ac92ec31d9cf,,,,,,,19265759148719,0xB1cB21F043af2c8e9a305Fc23a28333a2e354147
0x6d30c82c3a82a2137d479be8d79be0de54aeec95,,,,,,,177899785163052,0xB1cB21F043af2c8e9a305Fc23a28333a2e354147
0x6d6c0b6ad29eb897b7a9f87e074b3dd31688f409,,,,,,,173557493931290,0xB1cB21F043af2c8e9a305Fc23a28333a2e354147
0x6d7ec5ed2fd11bef70aba154324d931c01072976,,,,,,,207592197659,0xB1cB21F043af2c8e9a305Fc23a28333a2e354147
0x6e51f41f0f882b2aff369d84e7a02c1bf0d3ff51,,,,,,,59567204864057,0xB1cB21F043af2c8e9a305Fc23a28333a2e354147
0x6eded4c7dc5ca3db455c73af74eaa86ed85184f2,,,,,,,188734896888503,0xB1cB21F043af2c8e9a305Fc23a28333a2e354147
0x6f20fd9515b6bf8ea47656e1cd33ecbea294b0ca,,,,,,,416158934783435,0xB1cB21F043af2c8e9a305Fc23a28333a2e354147
0x6f39298afb9475705bc71af21339b669f49766f4,,,,,,,217954404135951,0xB1cB21F043af2c8e9a305Fc23a28333a2e354147
0x6f40aed4eef03a64f6bc82259512a104b964fd91,,,,,,,2847638051186,0xB1cB21F043af2c8e9a305Fc23a28333a2e354147
0x6f82a5f08f4ac1eaadadb270e1d53680bd1c520d,,,,,,,348506600140839,0xB1cB21F043af2c8e9a305Fc23a28333a2e354147
0x712d2458d548892729470f473f28d3af7a593a22,,,,,,,5475203665071,0xB1cB21F043af2c8e9a305Fc23a28333a2e354147
0x715249e5cc7659ad78e5d65d4917902bc0f40b5e,,,,,,,284137997863253,0xB1cB21F043af2c8e9a305Fc23a28333a2e354147
0x71566461be178f0bca14a74d1a9b3ac0a960c44f,,,,,,,195618821225618,0xB1cB21F043af2c8e9a305Fc23a28333a2e354147
0x7158aa8e7699f3583cb68b8d9f23d1bb1f4685a4,,,,,,,161177126857304,0xB1cB21F043af2c8e9a305Fc23a28333a2e354147
0x7163913551b42535d98495b18eacf2ae77a602cf,,,,,,,162872514421164,0xB1cB21F043af2c8e9a305Fc23a28333a2e354147
0x719f1ac4ace7880f43742250a8411539fbb2091e,,,,,,,15998768988068,0xB1cB21F043af2c8e9a305Fc23a28333a2e354147
0x721e72ebb94982e09ef89fa5a0c96f0810e32298,,,,,,,374083349662975,0xB1cB21F043af2c8e9a305Fc23a28333a2e354147
0x722978be3af20666949d1ea052cfff24f06d9628,,,,,,,180812984062704,0xB1cB21F043af2c8e9a305Fc23a28333a2e354147
0x7241d0cbf9d4010e695842876d457e8c4c89716f,,,,,,,77095406854601,0xB1cB21F043af2c8e9a305Fc23a28333a2e354147
0x727d8097915d43a07cd18e7658f261246cda8189,,,,,,,162247381053140,0xB1cB21F043af2c8e9a305Fc23a28333a2e354147
0x72e1a17486bbc259f91136e0c605da8a22b93360,,,,,,,4444903877206,0xB1cB21F043af2c8e9a305Fc23a28333a2e354147
0x72f8089e37ef4bd3ccf77062be9892ae4e8b57a9,,,,,,,198107458436974,0xB1cB21F043af2c8e9a305Fc23a28333a2e354147
0x73119bcb1fe962d9504aa15e37b5135d54484562,,,,,,,11051268294295,0xB1cB21F043af2c8e9a305Fc23a28333a2e354147
0x736226a43f27d2c57d23ff9372eb5aa15cccb9a6,,,,,,,305498785971175,0xB1cB21F043af2c8e9a305Fc23a28333a2e354147
0x73f3adae7fdc38f2cc84075ffad561c2a6e81567,,,,,,,148609969545972,0xB1cB21F043af2c8e9a305Fc23a28333a2e354147
0x73fb36ce8b3f578326a1b28a533ff141faefaa5c,,,,,,,26686752766982,0xB1cB21F043af2c8e9a305Fc23a28333a2e354147
0x7475a70d5bf6e18d0dde1d980aa5922dca8cbd9c,,,,,,,194536590055820,0xB1cB21F043af2c8e9a305Fc23a28333a2e354147
0x74f3486fc5b3e9012e56014d8cd5753daf1d3870,,,,,,,207370524324028,0xB1cB21F043af2c8e9a305Fc23a28333a2e354147
0x7504cf1691a8a00c1ae5aab418c22ffb0802ddf6,,,,,,,209221265090874,0xB1cB21F043af2c8e9a305Fc23a28333a2e354147
0x7509e306a6025e8e365fbe59bc7fbe47e6d9c19f,,,,,,,1039659185324804,0xB1cB21F043af2c8e9a305Fc23a28333a2e354147
0x75557849930ea2db6dc3c01f0484525db991b94a,,,,,,,246284350681743,0xB1cB21F043af2c8e9a305Fc23a28333a2e354147
0x758c5d8b344b8319a2acdd20c7dbc677a334d7bb,,,,,,,14823315492306,0xB1cB21F043af2c8e9a305Fc23a28333a2e354147
0x75d3db08f15eab3a09ab53913ffd23f3f8bcd7aa,,,,,,,166565155472928,0xB1cB21F043af2c8e9a305Fc23a28333a2e354147
0x75d3e82e6ee672255cea67eecc12e9dc34cfff69,,,,,,,189906822926913,0xB1cB21F043af2c8e9a305Fc23a28333a2e354147
0x75fee38c63f8858a2dd21bd71a3e2c4689ee9086,,,,,,,512852241832329,0xB1cB21F043af2c8e9a305Fc23a28333a2e354147
0x7601c08e68665d88dcf381d215fe877dc46b7d73,,,,,,,313120352801695,0xB1cB21F043af2c8e9a305Fc23a28333a2e354147
0x763d67d060b51d700253322d8e8da80022769504,,,,,,,1042682201036,0xB1cB21F043af2c8e9a305Fc23a28333a2e354147
0x764f404047edfd6fa3d3c2111d9d102af29409b5,,,,,,,176984195298163,0xB1cB21F043af2c8e9a305Fc23a28333a2e354147
0x765c6a8f20c842e8c826b0d9425015784f982afc,79054433.32500002,1.0,1.0,2026-05-04 00:00:00,2026-05-04 00:00:00,0.84,9806660705386456000000,0xB1cB21F043af2c8e9a305Fc23a28333a2e354147
0x76728a0d347e3cfee86deb8feb2bc058466913b6,,,,,,,224811600646633,0xB1cB21F043af2c8e9a305Fc23a28333a2e354147
0x767b0ada9bf5c622e261447e4bb6c2c48a2acec6,,,,,,,55287240247397,0xB1cB21F043af2c8e9a305Fc23a28333a2e354147
0x76ac35cb454e4841364d98177b0a931624126855,,,,,,,169698582021069,0xB1cB21F043af2c8e9a305Fc23a28333a2e354147
0x77c9ad8c09eee626b126184aebf535d0f60ce1d0,,,,,,,252729835679379,0xB1cB21F043af2c8e9a305Fc23a28333a2e354147
0x77fd77d52e12a30793deb1400bc802df18d3374a,,,,,,,461968833073850,0xB1cB21F043af2c8e9a305Fc23a28333a2e354147
0x7822c5c26c1fea5b0c2abd8c066b5c2469c7d540,,,,,,,177710804515257,0xB1cB21F043af2c8e9a305Fc23a28333a2e354147
0x783f126c5c5e8284ed7af7f551781f02369e7d26,,,,,,,15362024324665,0xB1cB21F043af2c8e9a305Fc23a28333a2e354147
0x785c0ad5dabab535173b9f0d55d7f3c4da0c0184,,,,,,,438198704154673,0xB1cB21F043af2c8e9a305Fc23a28333a2e354147
0x787719a0f669062157148e4e3a52236c603616b3,,,,,,,206555453413778,0xB1cB21F043af2c8e9a305Fc23a28333a2e354147
0x78bdef852cb0433e9b88131abaafe60216e3468d,,,,,,,90452135572196,0xB1cB21F043af2c8e9a305Fc23a28333a2e354147
0x78edfb0e5e12289781de947aa0cef58fe63ce01f,,,,,,,35702184949642,0xB1cB21F043af2c8e9a305Fc23a28333a2e354147
0x78eefb78a6e088ea7bf77eac8e47955dede201ae,,,,,,,175729943048705,0xB1cB21F043af2c8e9a305Fc23a28333a2e354147
0x790ef5f5e02a1e3cd7528ea6a4fafd5d01788353,,,,,,,3052788077844,0xB1cB21F043af2c8e9a305Fc23a28333a2e354147
0x7910d1456b3e5a1ac0937c9b983b4dcd8eb9400f,,,,,,,34777020861726,0xB1cB21F043af2c8e9a305Fc23a28333a2e354147
0x794a4d2a039a1ef36d845bcca152db0ce6e46c2e,,,,,,,1014280743595669,0xB1cB21F043af2c8e9a305Fc23a28333a2e354147
0x794fbfe098865642334f9027e911dc04bfef94ec,,,,,,,219972513478124,0xB1cB21F043af2c8e9a305Fc23a28333a2e354147
0x796597a2f7d43515811e40c7aee15bb5fe0fa2d8,,,,,,,136935301600292,0xB1cB21F043af2c8e9a305Fc23a28333a2e354147
0x79c1e17404c1a4326a1a6370bbf02a231c3a032c,,,,,,,273015406579614,0xB1cB21F043af2c8e9a305Fc23a28333a2e354147
0x79fc6e3ed1225335c2f09128b2045531fbcac0ec,,,,,,,260129447700592,0xB1cB21F043af2c8e9a305Fc23a28333a2e354147
0x7a42f3fdf3f6565e2aea54225d0f10a4fe8a0cdd,,,,,,,236021465998158,0xB1cB21F043af2c8e9a305Fc23a28333a2e354147
0x7a5306e73786a0fc1c3859a2ed5550e594c67484,,,,,,,984359509706825,0xB1cB21F043af2c8e9a305Fc23a28333a2e354147
0x7a76f571bd900061220b6b39d44dec87f983d743,,,,,,,3380187476948,0xB1cB21F043af2c8e9a305Fc23a28333a2e354147
0x7a903615bc1bab30fbdbe5556e58cfb34c69a88a,,,,,,,433512306908191,0xB1cB21F043af2c8e9a305Fc23a28333a2e354147
0x7abb2fef8d610baf489998a2cd468b7a7bfad48f,,,,,,,51556729794133,0xB1cB21F043af2c8e9a305Fc23a28333a2e354147
0x7b14f6f2cda46399c4d04741dfe936d299f0276c,,,,,,,485506474022888,0xB1cB21F043af2c8e9a305Fc23a28333a2e354147
0x7b17460e9a26f9cac768e65e8472e6b436432d3d,,,,,,,182957473881042,0xB1cB21F043af2c8e9a305Fc23a28333a2e354147
0x7bc43896da0f7ac10ad5123765cc1b81f8911881,,,,,,,159380520739060,0xB1cB21F043af2c8e9a305Fc23a28333a2e354147
0x7c2b118f6d1b962cb7824649dbaacb884379dea7,,,,,,,607990508671987,0xB1cB21F043af2c8e9a305Fc23a28333a2e354147
0x7c56de627822968fc1aaccea760baaa18fb42180,,,,,,,151854631432006,0xB1cB21F043af2c8e9a305Fc23a28333a2e354147
0x7d2cd67e4a5e73c923b8ed1731d317c91df18ded,,,,,,,318314618000177,0xB1cB21F043af2c8e9a305Fc23a28333a2e354147
0x7d2d64c7fa6c3fc4c6c5179ce986c92224240609,,,,,,,12614584581810592,0xB1cB21F043af2c8e9a305Fc23a28333a2e354147
0x7d41aabfc18edd2e6ed08b62f831432c4d65d3b5,,,,,,,2991419038297,0xB1cB21F043af2c8e9a305Fc23a28333a2e354147
0x7d7c06957e46c630908483e35167047e52892c94,,,,,,,3295298365626,0xB1cB21F043af2c8e9a305Fc23a28333a2e354147
0x7e8196fe6384119749c8571228db16bb2626bffd,,,,,,,2835362659662,0xB1cB21F043af2c8e9a305Fc23a28333a2e354147
0x7eccb051516f35c0bbedffcfa137ca8a05f8718d,,,,,,,475658135521198,0xB1cB21F043af2c8e9a305Fc23a28333a2e354147
0x7f191d301c45d63caf1159c03879dfe6438bd356,,,,,,,159821981715994,0xB1cB21F043af2c8e9a305Fc23a28333a2e354147
0x7fee68592d92741cbf1bdfe9a16e2272e4f6e8ef,,,,,,,562812492073248,0xB1cB21F043af2c8e9a305Fc23a28333a2e354147
0x7ff1d31103dde4c75de08716813836b628bfdbc9,,,,,,,169356719970192,0xB1cB21F043af2c8e9a305Fc23a28333a2e354147
0x802f90d13480e357f5d947ebee956ead24261176,,,,,,,228895248183880192,0xB1cB21F043af2c8e9a305Fc23a28333a2e354147
0x80c6e4d56562a61187587f34ffefc92c5d925088,,,,,,,1042682201036,0xB1cB21F043af2c8e9a305Fc23a28333a2e354147
0x80fb77319adc22e9725c7295db1244485c66ae54,,,,,,,168768572840938,0xB1cB21F043af2c8e9a305Fc23a28333a2e354147
0x813b1d4ff7815f5ecd582ffe664238e00694b588,,,,,,,229393867873122,0xB1cB21F043af2c8e9a305Fc23a28333a2e354147
0x816f57c3a2757ea9313c4043d6946d145bf21794,,,,,,,176005264368741,0xB1cB21F043af2c8e9a305Fc23a28333a2e354147
0x81c55e91a6d4829a5547efc0b084d93df0d99271,,,,,,,184705084773716,0xB1cB21F043af2c8e9a305Fc23a28333a2e354147
0x81c67bed179f1b657bf40e420d2ec42895e1992c,,,,,,,35932566287614,0xB1cB21F043af2c8e9a305Fc23a28333a2e354147
0x823817c6a6f2e78093341c18231ad28b29ad35e3,,,,,,,27273351445393,0xB1cB21F043af2c8e9a305Fc23a28333a2e354147
0x8266cd667ab0171cc5a81d86cf1f0535332e5f0c,,,,,,,211751136202106,0xB1cB21F043af2c8e9a305Fc23a28333a2e354147
0x8280d4332ade6abee9d23d4a1d84c782da4c3be1,,,,,,,31336530815526,0xB1cB21F043af2c8e9a305Fc23a28333a2e354147
0x82a41ee916e078a7d7fded3b43be4163d8adffde,,,,,,,190960821666809,0xB1cB21F043af2c8e9a305Fc23a28333a2e354147
0x831d7aaedda775081d5ddc5cf91eef3b557c66ba,,,,,,,866689294134212,0xB1cB21F043af2c8e9a305Fc23a28333a2e354147
0x8439c2d89ab972b520989d42601d9d5ddd81e000,,,,,,,337897993900953,0xB1cB21F043af2c8e9a305Fc23a28333a2e354147
0x843e8785320f2d7b74a6190c9881261e43051499,,,,,,,518893940538137,0xB1cB21F043af2c8e9a305Fc23a28333a2e354147
0x84698c0b87691eebbb4a11ab20c49916e0d7ecd9,,,,,,,122150092540726,0xB1cB21F043af2c8e9a305Fc23a28333a2e354147
0x847b695f960d99c99142a835dd686586ad0b4e75,,,,,,,170925925775887,0xB1cB21F043af2c8e9a305Fc23a28333a2e354147
0x84f36bd98fed29df05bb50eca3d0ec825feb98e4,,,,,,,165283130552437,0xB1cB21F043af2c8e9a305Fc23a28333a2e354147
0x855a125527af8c6c6c73b9661452f19581e6915f,,,,,,,36132430790089,0xB1cB21F043af2c8e9a305Fc23a28333a2e354147
0x857dc07ac7658544c486bba9602b4f79c5b6d82b,,,,,,,10222967378749928,0xB1cB21F043af2c8e9a305Fc23a28333a2e354147
0x862af0bb5bf3535fc0f119cccce0a38f6cc24a1f,,,,,,,28458832792933,0xB1cB21F043af2c8e9a305Fc23a28333a2e354147
0x86a325f98647541ddd1e70a0903d2baf69f7423a,,,,,,,184637134371099,0xB1cB21F043af2c8e9a305Fc23a28333a2e354147
0x86c795b0c8a1b08bcb4b22b0f8e2e70b7b394589,,,,,,,181056161511689,0xB1cB21F043af2c8e9a305Fc23a28333a2e354147
0x86ed5d9883c595678c5cf0e6dd849a10f1f9b1d7,,,,,,,163132109093099,0xB1cB21F043af2c8e9a305Fc23a28333a2e354147
0x875c2aa1b9772fe760e330c2fb18a1853dcce8ec,128980.32704100001,1.0,1.0,2026-05-04 00:00:00,2026-05-04 00:00:00,0.4,15999941455033745000,0xB1cB21F043af2c8e9a305Fc23a28333a2e354147
0x876b66a853b3d233b5c7fad53ec676316124714c,,,,,,,39560913722580,0xB1cB21F043af2c8e9a305Fc23a28333a2e354147
0x8843e68f1f1b979a2359a90ed1aab9e3e1b28f54,,,,,,,248793333329883,0xB1cB21F043af2c8e9a305Fc23a28333a2e354147
0x88758b26b8c20ff50a8221938efe59e63a8ff2c3,,,,,,,49642281943609,0xB1cB21F043af2c8e9a305Fc23a28333a2e354147
0x88b3d4785c877543df254db0fa183e9edb4d8280,,,,,,,219299324580575,0xB1cB21F043af2c8e9a305Fc23a28333a2e354147
0x8915e6724ba238bc6a86bffb0c4dd21cce840ae2,,,,,,,6489922140,0xB1cB21F043af2c8e9a305Fc23a28333a2e354147
0x89795c1d26d80ee794a0e2063416142add6e80f8,,,,,,,2644852036520,0xB1cB21F043af2c8e9a305Fc23a28333a2e354147
0x89d590a991cdea96d4b6549b996cab64f5f70866,,,,,,,2050980292503740420,0xB1cB21F043af2c8e9a305Fc23a28333a2e354147
0x89f0a2628835c5deeeb38c6269710c4c117112bc,,,,,,,202252525970121,0xB1cB21F043af2c8e9a305Fc23a28333a2e354147
0x8a7867f68dc2ae1a1dd47ff654d83f1801e43e2c,,,,,,,177716803006250,0xB1cB21F043af2c8e9a305Fc23a28333a2e354147
0x8b18b53e9ada5a2955731fbae2755500d0f77eb0,,,,,,,174862348859549,0xB1cB21F043af2c8e9a305Fc23a28333a2e354147
0x8b51777996a8db2894051aecf697bae71731402a,,,,,,,414220026739389,0xB1cB21F043af2c8e9a305Fc23a28333a2e354147
0x8b5df58160f46c055f24ea12f4cb1c3ea7203088,,,,,,,728329582505329,0xB1cB21F043af2c8e9a305Fc23a28333a2e354147
0x8c156c6edd2844526d30e73a666c3b814d96326a,,,,,,,6424686868648,0xB1cB21F043af2c8e9a305Fc23a28333a2e354147
0x8c2934429c2c0438858e95b9f458a09ab0b6e485,,,,,,,176246533648138,0xB1cB21F043af2c8e9a305Fc23a28333a2e354147
0x8c66e5e2be2f8166f97ae041c0187feca369f983,,,,,,,785886475111929,0xB1cB21F043af2c8e9a305Fc23a28333a2e354147
0x8c8a5db05fdabf163127ca0fc2eee8ddc65b1b5d,,,,,,,203134928311326,0xB1cB21F043af2c8e9a305Fc23a28333a2e354147
0x8c98c5cdf17ca4db1b2b322adbebea50d55f0fd6,,,,,,,56076184678788,0xB1cB21F043af2c8e9a305Fc23a28333a2e354147
0x8cbf63f1ec6d4b86d9e38cd9e846d0e01ed64929,,,,,,,65040773916067,0xB1cB21F043af2c8e9a305Fc23a28333a2e354147
0x8cc44e8c9fec826f8e180fa0b7038cbb7381d6c5,,,,,,,159399774078248,0xB1cB21F043af2c8e9a305Fc23a28333a2e354147
0x8cd1a96b90d4f00c63f6bfe1cea911f4baf2bc70,,,,,,,36442713025935,0xB1cB21F043af2c8e9a305Fc23a28333a2e354147
0x8cde65747d3bd5db33a1fc69150a81c7ce9e310c,,,,,,,161463125055388,0xB1cB21F043af2c8e9a305Fc23a28333a2e354147
0x8d006c42c22fe952f8cf6c1cf2934e19c77e2e1e,,,,,,,172889383666433,0xB1cB21F043af2c8e9a305Fc23a28333a2e354147
0x8d0689d9d6e61c7d2a8ff4e28f3e08fceb9ad139,,,,,,,10151893963718334,0xB1cB21F043af2c8e9a305Fc23a28333a2e354147
0x8d7900f06b89866bfe14b83fd119a0dbc1b50251,,,,,,,1043919926999317500,0xB1cB21F043af2c8e9a305Fc23a28333a2e354147
0x8d7c47b35370667741ce1eccb7ad640b045d3563,,,,,,,67203034776944,0xB1cB21F043af2c8e9a305Fc23a28333a2e354147
0x8dc13eb54f389c9ffeb5e8fc8e024ad12a60b1e5,,,,,,,22898192562924,0xB1cB21F043af2c8e9a305Fc23a28333a2e354147
0x8e50d6cfce2bb51bb444c46fdbd26e7a23a04175,,,,,,,259401073690565,0xB1cB21F043af2c8e9a305Fc23a28333a2e354147
0x8e57bc446f76b2054089cc5c8fa6f0f5b72fc59a,,,,,,,31356397479873524000,0xB1cB21F043af2c8e9a305Fc23a28333a2e354147
0x8f4b496b95d069d11bb09b4860409170fab49302,,,,,,,11144851956675,0xB1cB21F043af2c8e9a305Fc23a28333a2e354147
0x8f597e5d6151b08b716114fcada24165a43a2fb9,,,,,,,187691282058088,0xB1cB21F043af2c8e9a305Fc23a28333a2e354147
0x8f97f1cdd060898ad82984c690ec3eaeaebffa45,,,,,,,64091783165324,0xB1cB21F043af2c8e9a305Fc23a28333a2e354147
0x8ff598aa597f6b729001b384e44334dcf64319c8,,,,,,,792219159888707,0xB1cB21F043af2c8e9a305Fc23a28333a2e354147
0x902ad1f43b75e34c8fbf06ca51ee5a94572abd12,,,,,,,486296048494210,0xB1cB21F043af2c8e9a305Fc23a28333a2e354147
0x909cc7e298a0a3920131cbea25a1267af724dedc,,,,,,,40314699797268,0xB1cB21F043af2c8e9a305Fc23a28333a2e354147
0x913d97ea3f35f5e7426495c32fab629c703b2a26,,,,,,,43524866741620,0xB1cB21F043af2c8e9a305Fc23a28333a2e354147
0x914953367d50be14a45aa1069c2469eb4d94e555,,,,,,,4434501407091,0xB1cB21F043af2c8e9a305Fc23a28333a2e354147
0x9191c58dee8593a803901ce8871ef0971e85edb0,,,,,,,961545688685934,0xB1cB21F043af2c8e9a305Fc23a28333a2e354147
0x929467bdaa4ed9d1256a4bcf11e0caa3fa0a5ef1,,,,,,,2504270885997,0xB1cB21F043af2c8e9a305Fc23a28333a2e354147
0x932f5ec1746b41dc9b95a65772db29a2c55a054d,,,,,,,165995341994843,0xB1cB21F043af2c8e9a305Fc23a28333a2e354147
0x93695de64071684538ee8337f441695bbb3ddcc2,,,,,,,876180072288721,0xB1cB21F043af2c8e9a305Fc23a28333a2e354147
0x93fed2282936fd43c6a3560ecfcd646864b7290b,,,,,,,171538077341399,0xB1cB21F043af2c8e9a305Fc23a28333a2e354147
0x94f783c24036126da37260a613bdcc791a2f0396,,,,,,,32358224343064,0xB1cB21F043af2c8e9a305Fc23a28333a2e354147
0x95555f5c35cd07d7199bb902302aac80071892c5,,,,,,,938080621951487,0xB1cB21F043af2c8e9a305Fc23a28333a2e354147
0x958101e5ba3d6d2154cb5d8d674a971831dede9d,,,,,,,673600583520141,0xB1cB21F043af2c8e9a305Fc23a28333a2e354147
0x95a472bbaf98e62581cf588b31a7243bde25a8af,,,,,,,93852916415155,0xB1cB21F043af2c8e9a305Fc23a28333a2e354147
0x95b33c7e5283f4fa12d6a16adc1650e76e6cc01f,,,,,,,299848497018722,0xB1cB21F043af2c8e9a305Fc23a28333a2e354147
0x95f2096be898ea2d9a3bd4daad624351cdc4e43f,,,,,,,240605825978906,0xB1cB21F043af2c8e9a305Fc23a28333a2e354147
0x97afbdd6c130083a21bd5c53f0d9245fa07cc9d9,,,,,,,758909363798346500,0xB1cB21F043af2c8e9a305Fc23a28333a2e354147
0x97f4eeb00bcce640b6d1b276b046b3c8611fa97f,,,,,,,185794463405977,0xB1cB21F043af2c8e9a305Fc23a28333a2e354147
0x983363ed612a168e9ed332f194e66fd1b19bdd36,,,,,,,16131774504396,0xB1cB21F043af2c8e9a305Fc23a28333a2e354147
0x98cf77c87a43a40c3c2d8e46e341fa5e668ae080,,,,,,,621682797338331,0xB1cB21F043af2c8e9a305Fc23a28333a2e354147
0x98fec4340118206307dbc131abba3eb11617460a,,,,,,,166050567038229,0xB1cB21F043af2c8e9a305Fc23a28333a2e354147
0x9905c80db8b26470d6e0c3080b2181329f988086,,,,,,,44195410793858640,0xB1cB21F043af2c8e9a305Fc23a28333a2e354147
0x99666fb292c76a78b061c308533a1f8034ba8328,,,,,,,882749775959292,0xB1cB21F043af2c8e9a305Fc23a28333a2e354147
0x99a81bfd86a2dfdb45a0ceac6b1dc0fce773e454,,,,,,,222944430141179,0xB1cB21F043af2c8e9a305Fc23a28333a2e354147
0x99fbfd8f61eef44da9dfe44b97cfca410bf4793d,,,,,,,3387457201214,0xB1cB21F043af2c8e9a305Fc23a28333a2e354147
0x9a179552b70f995576e767a81703fdd285723615,,,,,,,32805002175897,0xB1cB21F043af2c8e9a305Fc23a28333a2e354147
0x9a188090a4bfdaf7e27f9c4c6e8f80946e8ef539,,,,,,,177005387883234,0xB1cB21F043af2c8e9a305Fc23a28333a2e354147
0x9a524f688a87fd8f3f02c901f76008f76c1eb257,,,,,,,50355541891658,0xB1cB21F043af2c8e9a305Fc23a28333a2e354147
0x9ad304e7d13e157fb22d90a9acb2259dd48db966,,,,,,,10426822265781,0xB1cB21F043af2c8e9a305Fc23a28333a2e354147
0x9ad46d5ba8d75dabf1af269794a909694290a42e,,,,,,,179790349136311,0xB1cB21F043af2c8e9a305Fc23a28333a2e354147
0x9b66f2e29e9e48305573b2733306f10caedf30fb,,,,,,,361479970930267,0xB1cB21F043af2c8e9a305Fc23a28333a2e354147
0x9baba4482c3b58b6cc16278ddc158101506ed9b8,,,,,,,5450229818724,0xB1cB21F043af2c8e9a305Fc23a28333a2e354147
0x9bc170c20229d26252703c27030d2b535dfa50dd,,,,,,,48321023500025,0xB1cB21F043af2c8e9a305Fc23a28333a2e354147
0x9ca1cc57d5d6d767f6b759712befb8b8783e534e,,,,,,,17232133796120,0xB1cB21F043af2c8e9a305Fc23a28333a2e354147
0x9cec8d78faa35d1c31f4b9cb5863104b493e8feb,,,,,,,939349214761196,0xB1cB21F043af2c8e9a305Fc23a28333a2e354147
0x9d816e145e925f52d7fea2be8d56bc07a7002d04,,,,,,,160756967275039,0xB1cB21F043af2c8e9a305Fc23a28333a2e354147
0x9da83755e17b576a7d1c923c8f353055afd6188f,,,,,,,542770053923219,0xB1cB21F043af2c8e9a305Fc23a28333a2e354147
0x9e355cd9e091543bba2aa4796664473341554af6,,,,,,,277681654127394,0xB1cB21F043af2c8e9a305Fc23a28333a2e354147
0x9e460cc883715d58cc47d49da7307b88dd12c3e4,,,,,,,665153237229045,0xB1cB21F043af2c8e9a305Fc23a28333a2e354147
0x9e89b895b8c6dd977e977ed61682e4d07e7e6e2c,,,,,,,206583531058193,0xB1cB21F043af2c8e9a305Fc23a28333a2e354147
0x9e96c020579b0d3d0bc6f93c3a6f252a1c08034c,,,,,,,408788369987008,0xB1cB21F043af2c8e9a305Fc23a28333a2e354147
0x9f33106d97f2490a258f9d0f1c5e58870c70d362,,,,,,,27879228834872,0xB1cB21F043af2c8e9a305Fc23a28333a2e354147
0x9f4482cf466ee774e636d668f838330e30ea13d8,,,,,,,35838007681010,0xB1cB21F043af2c8e9a305Fc23a28333a2e354147
0x9f67e303f3b9db44d3e5441fb8fa924217a3b390,,,,,,,14192218626048,0xB1cB21F043af2c8e9a305Fc23a28333a2e354147
0x9f84fcd4528e85301892b7396cb50408ac56e7ee,,,,,,,562041266833813,0xB1cB21F043af2c8e9a305Fc23a28333a2e354147
0x9ffd008ae425bf41fb47e071dc7d57e0c6cc42f4,,,,,,,276412938034195,0xB1cB21F043af2c8e9a305Fc23a28333a2e354147
0x9fffa56eac7c63e79423d9dbdd392b67aa183f60,,,,,,,194089194783854,0xB1cB21F043af2c8e9a305Fc23a28333a2e354147
0xa010cf7fab51f9d93e09f3df4ea9f92fdd074cb5,,,,,,,530055610644524,0xB1cB21F043af2c8e9a305Fc23a28333a2e354147
0xa06ef1e83a4c3594c7ccc9e3cf3b0a24624d31b7,,,,,,,194397553439676,0xB1cB21F043af2c8e9a305Fc23a28333a2e354147
0xa132c4edbb42620fddff5918e2e08d01e65b2c27,,,,,,,39552367401187,0xB1cB21F043af2c8e9a305Fc23a28333a2e354147
0xa13fda126a650b9faafa2833d7d6395ae1d819ef,,,,,,,219285179758406,0xB1cB21F043af2c8e9a305Fc23a28333a2e354147
0xa1495a31b170dbeaad76cdcc1a2d9e53334f322c,,,,,,,362360662457636,0xB1cB21F043af2c8e9a305Fc23a28333a2e354147
0xa1bff1f10c5a06f957215d23ff7a609efb8055ea,,,,,,,199748280796565,0xB1cB21F043af2c8e9a305Fc23a28333a2e354147
0xa2232150141e2e1838bc7b87f7518ef46330bfa5,,,,,,,488465255885896,0xB1cB21F043af2c8e9a305Fc23a28333a2e354147
0xa2538488098e73528e5d1bb7ccb5711a6453458f,,,,,,,39879317769129,0xB1cB21F043af2c8e9a305Fc23a28333a2e354147
0xa262b8ef7b0e7d5171da0da878d2a528e06f66e6,,,,,,,197447683855836,0xB1cB21F043af2c8e9a305Fc23a28333a2e354147
0xa27f2a07a07bf30f6576b343b5e664d939d68a53,,,,,,,40624445051783,0xB1cB21F043af2c8e9a305Fc23a28333a2e354147
0xa2cfb4a5e7e501d6bd2d6aa8ecc10893e1dbd624,17237.675049999998,1.0,1.0,2026-05-04 00:00:00,2026-05-04 00:00:00,0.16,2138324486750793470,0xB1cB21F043af2c8e9a305Fc23a28333a2e354147
0xa32ccc8d4eb8b51b8c47c2c9e0e9207ba809af4a,,,,,,,38163020457044,0xB1cB21F043af2c8e9a305Fc23a28333a2e354147
0xa32d9f53162bcc67b97245526dfe71f498e670a1,,,,,,,1050055777167835,0xB1cB21F043af2c8e9a305Fc23a28333a2e354147
0xa37869334bdddacea92eabb162530026a855ad51,,,,,,,206379314597461,0xB1cB21F043af2c8e9a305Fc23a28333a2e354147
0xa38b76746b076c8a0a75747692ec8445d65e924f,,,,,,,206661697047461,0xB1cB21F043af2c8e9a305Fc23a28333a2e354147
0xa3b6561b9a378d06a2c0ff0ba03e0ff9790a2cfd,,,,,,,175081813734018,0xB1cB21F043af2c8e9a305Fc23a28333a2e354147
0xa3f8167deab5e9d15c26c00631ab4a5a64359dcd,,,,,,,28951196739322,0xB1cB21F043af2c8e9a305Fc23a28333a2e354147
0xa481c3da5f4aa619e186c1bcea3d405f6d5484fa,,,,,,,204419775895852,0xB1cB21F043af2c8e9a305Fc23a28333a2e354147
0xa4d373ced1e8a1c4246072c26e782d4bfae518be,,,,,,,4342800036143865300,0xB1cB21F043af2c8e9a305Fc23a28333a2e354147
0xa5d9c11c25a97757bd41b665254a432ee6e708df,,,,,,,40030645272374,0xB1cB21F043af2c8e9a305Fc23a28333a2e354147
0xa60d118dc57f40b465921a03e47d257bb079f87d,,,,,,,324498166024722,0xB1cB21F043af2c8e9a305Fc23a28333a2e354147
0xa629790eb727f3dadb63c7fbeeca7e3433af5568,,,,,,,789493707269427,0xB1cB21F043af2c8e9a305Fc23a28333a2e354147
0xa70222aa0e5a0a7accd9bbf019dc17c2eeed7f90,,,,,,,251606942583795,0xB1cB21F043af2c8e9a305Fc23a28333a2e354147
0xa73a77a692acef1a25c0c128ef87109265bacf04,,,,,,,301613609824715,0xB1cB21F043af2c8e9a305Fc23a28333a2e354147
0xa7586c11a8b73903834bc90d1e3d79298f4a709e,,,,,,,162558953934300,0xB1cB21F043af2c8e9a305Fc23a28333a2e354147
0xa768f44c537e5b346b3053e1ee37eb0eb4e7a88e,,,,,,,65917004079596,0xB1cB21F043af2c8e9a305Fc23a28333a2e354147
0xa77998fd95a2bf4307b385912596b3cfe33937d6,,,,,,,2262403664648,0xB1cB21F043af2c8e9a305Fc23a28333a2e354147
0xa7bf9145ee16ab095bece58b537efe899f425246,,,,,,,150217824044450,0xB1cB21F043af2c8e9a305Fc23a28333a2e354147
0xa852c845b0361f8292ad3898c68195a72836eb07,,,,,,,33653243496584,0xB1cB21F043af2c8e9a305Fc23a28333a2e354147
0xa8c295a30335748df2b55a86eb124da7a79585dd,,,,,,,3163897833454,0xB1cB21F043af2c8e9a305Fc23a28333a2e354147
0xa8dc290ec7ba45000f11ad76c8b93a3ed67e386a,,,,,,,196077971084477,0xB1cB21F043af2c8e9a305Fc23a28333a2e354147
0xa8e4386461d948ea06b94c3d1d085f844af946ff,,,,,,,5213411175461,0xB1cB21F043af2c8e9a305Fc23a28333a2e354147
0xaa734fa3aa11d2e8fe60d50dde07d5c95b5f928c,,,,,,,452548270960111230,0xB1cB21F043af2c8e9a305Fc23a28333a2e354147
0xaa938607232836de144ceb0e33ccc926bc0c0b96,,,,,,,17056762095990,0xB1cB21F043af2c8e9a305Fc23a28333a2e354147
0xaac0f1f7715beb0a2c34eae16afe93fb10c1fb6f,31085112.641489994,1.0,1.0,2026-05-04 00:00:00,2026-05-04 00:00:00,0.76,3856091807154974000000,0xB1cB21F043af2c8e9a305Fc23a28333a2e354147
0xaae27ee2fe5976e4173f38254596a2af8525b71b,,,,,,,40300476816091,0xB1cB21F043af2c8e9a305Fc23a28333a2e354147
0xaaf33a7e4756d097b2158551a25374daf600c49d,744069.12201,1.0,1.0,2026-05-04 00:00:00,2026-05-04 00:00:00,0.48,92301381643062540000,0xB1cB21F043af2c8e9a305Fc23a28333a2e354147
0xabbde87ea096ade6188ce3fdb1ef766643aec5d8,,,,,,,172434958766499,0xB1cB21F043af2c8e9a305Fc23a28333a2e354147
0xabccd387da89ca135597ff188a678ca2ba22f2a4,,,,,,,174238901188905,0xB1cB21F043af2c8e9a305Fc23a28333a2e354147
0xac3f58f6d2d44cccb066e86c04da13f8d9dc4dca,,,,,,,136416879713171,0xB1cB21F043af2c8e9a305Fc23a28333a2e354147
0xac44a16c6c5d68d6e747e636bbd12777c908a7ca,,,,,,,253752097945667,0xB1cB21F043af2c8e9a305Fc23a28333a2e354147
0xac7828213593d6cbf293f51c85ea7fec0d2d3cae,,,,,,,39373068594051,0xB1cB21F043af2c8e9a305Fc23a28333a2e354147
0xac908fbe4c8d8cc924cf8b84024b4f5ef79ad943,,,,,,,209625668566414,0xB1cB21F043af2c8e9a305Fc23a28333a2e354147
0xacf1e8f3bfad1413cd6792c3d0dd7277ed10c2c7,,,,,,,38191886332499,0xB1cB21F043af2c8e9a305Fc23a28333a2e354147
0xad2e9541ab866c721277e7d37b00bd82de7052d2,,,,,,,22837818986468,0xB1cB21F043af2c8e9a305Fc23a28333a2e354147
0xad7347b91e20faa77937ddb7666190dd23327e7b,,,,,,,454579352435301,0xB1cB21F043af2c8e9a305Fc23a28333a2e354147
0xad7daf8a4d3eff12c0aa6d2791b89ad84ac6c1d3,,,,,,,392363624275015,0xB1cB21F043af2c8e9a305Fc23a28333a2e354147
0xadf3866f273d6d209c31d1244b185b078ff81373,,,,,,,203011508256576,0xB1cB21F043af2c8e9a305Fc23a28333a2e354147
0xae0ef3969305b24d17fa5948cc6458d136e573f9,,,,,,,597278713214979,0xB1cB21F043af2c8e9a305Fc23a28333a2e354147
0xae519a6d0c4143fdbea652f0a936ea045d64b8cb,,,,,,,8340967879952,0xB1cB21F043af2c8e9a305Fc23a28333a2e354147
0xae80000916925cf8770039959ba7eee0638b31d9,,,,,,,44874316577369,0xB1cB21F043af2c8e9a305Fc23a28333a2e354147
0xaefc7371b752b6f04f37b5c74f8aa11e671d153f,,,,,,,642430761440825,0xB1cB21F043af2c8e9a305Fc23a28333a2e354147
0xafc1c3936a46f236ff8c5ef5527e9405154119d5,,,,,,,846605542052208,0xB1cB21F043af2c8e9a305Fc23a28333a2e354147
0xaffd1a13d5e76681b4a30b884615a5a3d469499c,,,,,,,172331436139056,0xB1cB21F043af2c8e9a305Fc23a28333a2e354147
0xb00f775cc37f4b6da3663a62c1db960e358fc431,,,,,,,3237454494204431400,0xB1cB21F043af2c8e9a305Fc23a28333a2e354147
0xb0341e5c023c4fa3f506b0a3a0fb8fb67bf6393a,,,,,,,203718499988428,0xB1cB21F043af2c8e9a305Fc23a28333a2e354147
0xb0e249d5c0349d906592506ebd81648f964e90d4,,,,,,,169210722093927,0xB1cB21F043af2c8e9a305Fc23a28333a2e354147
0xb0f1d91a60dfe3ee0cf52452720941245f92d087,,,,,,,2630418843371,0xB1cB21F043af2c8e9a305Fc23a28333a2e354147
0xb105e97728e6d26d983d7793cec2a110cf54de28,,,,,,,415863674146950,0xB1cB21F043af2c8e9a305Fc23a28333a2e354147
0xb108247a6228b52769440d2852001bc84bdd1fe5,,,,,,,303081324115482,0xB1cB21F043af2c8e9a305Fc23a28333a2e354147
0xb141a1f0996c48d6b2e70fddffd460dc3542ea27,,,,,,,668734940935,0xB1cB21F043af2c8e9a305Fc23a28333a2e354147
0xb18fb662b1923b5571e61aa59a35aebe71ea27dd,,,,,,,565465585798339,0xB1cB21F043af2c8e9a305Fc23a28333a2e354147
0xb197518bee0e0570c86e942b2020551892591fbe,,,,,,,31854740617583,0xB1cB21F043af2c8e9a305Fc23a28333a2e354147
0xb19a5c9b0efc14d504bfb182451e22846403db2d,,,,,,,594420401010242,0xB1cB21F043af2c8e9a305Fc23a28333a2e354147
0xb1f2b6afb7570cd6d696fc62736639adea619e5b,,,,,,,25497880186939,0xB1cB21F043af2c8e9a305Fc23a28333a2e354147
0xb1f55485d7eba772f0d454ceb0ea9a27586ad86f,,,,,,,520390622521706180,0xB1cB21F043af2c8e9a305Fc23a28333a2e354147
0xb2325daf2a1ecb7414e37c8e39715b7f4f371534,,,,,,,14576654944,0xB1cB21F043af2c8e9a305Fc23a28333a2e354147
0xb25632f9b3eff866175d81a7a62243a9e335aefe,,,,,,,2091007329178047,0xB1cB21F043af2c8e9a305Fc23a28333a2e354147
0xb2af6e04f8443a2f0ebf5f311cb7d425bb9ca803,,,,,,,916337490194547,0xB1cB21F043af2c8e9a305Fc23a28333a2e354147
0xb331abd0e1e1b6c3ddd2cedf95c19b6a0fba7174,,,,,,,123964222368265,0xB1cB21F043af2c8e9a305Fc23a28333a2e354147
0xb39b0cfc24bb5856957244c752c0cf67cc33ea4e,134356.596835,1.0,1.0,2026-05-04 00:00:00,2026-05-04 00:00:00,0.44,16666864883775885000,0xB1cB21F043af2c8e9a305Fc23a28333a2e354147
0xb3d63596db7704f65551257e2f59ebe4c48b3e15,,,,,,,446147370519345,0xB1cB21F043af2c8e9a305Fc23a28333a2e354147
0xb42cc175062a9a327d64bff081fe70e54168f914,,,,,,,231126075226012,0xB1cB21F043af2c8e9a305Fc23a28333a2e354147
0xb498233b3afcb3f211dda0be72217a46db38cf54,,,,,,,162246142343550,0xB1cB21F043af2c8e9a305Fc23a28333a2e354147
0xb4b00a9f6a6cc383f7ac3274a5d50fe03613cefd,,,,,,,242196708734154,0xB1cB21F043af2c8e9a305Fc23a28333a2e354147
0xb4b3314d6f44ebc56fc12f50b880700e33d6cda7,,,,,,,912061438551567,0xB1cB21F043af2c8e9a305Fc23a28333a2e354147
0xb568f1adae3f4664b097dc051011b7a35e5f10ca,,,,,,,4449331525397,0xB1cB21F043af2c8e9a305Fc23a28333a2e354147
0xb573fac66f47f6279b233cc312e283c412dee47d,,,,,,,2972805189639,0xB1cB21F043af2c8e9a305Fc23a28333a2e354147
0xb59091d0195487d0c272800278373ed32c033a5e,,,,,,,524434414211619,0xB1cB21F043af2c8e9a305Fc23a28333a2e354147
0xb592281b6721c61d81dfa554c4bab7449ad71a09,,,,,,,474162032823076,0xB1cB21F043af2c8e9a305Fc23a28333a2e354147
0xb5b08083bd022c6ad41950bdb486fd16817ae509,,,,,,,196598361080120,0xB1cB21F043af2c8e9a305Fc23a28333a2e354147
0xb5ba5d17c9207720dbf87fbe8d76759631d2b3c0,,,,,,,183117906142424,0xB1cB21F043af2c8e9a305Fc23a28333a2e354147
0xb5ed8849596cf090fad90b0045fe56aff5ecfc54,,,,,,,1251218692327,0xB1cB21F043af2c8e9a305Fc23a28333a2e354147
0xb6e69cd90f8c82f5ad1ea848d0db6d9f56d62a01,,,,,,,244139537159104,0xB1cB21F043af2c8e9a305Fc23a28333a2e354147
0xb7034e85366ed253c123505c558f41f4d6236f9b,,,,,,,160846566786256,0xB1cB21F043af2c8e9a305Fc23a28333a2e354147
0xb73a511319415a2d86abb7585ea13fc066561108,,,,,,,442403436213931,0xB1cB21F043af2c8e9a305Fc23a28333a2e354147
0xb7d2f32e0d7a5d2968676529ecd33cb5d4bb5f01,,,,,,,48581252639200,0xB1cB21F043af2c8e9a305Fc23a28333a2e354147
0xb7d6e4ad3c3bef48c9e1cb4856b5ddfc98e3466c,,,,,,,3313957163205798,0xB1cB21F043af2c8e9a305Fc23a28333a2e354147
0xb81b84bb08dbf3a8f282aa09a0b9b31f4093cc9d,,,,,,,252454443948124,0xB1cB21F043af2c8e9a305Fc23a28333a2e354147
0xb828fa38e1a150a1795539692aced1b19358cd21,,,,,,,63469532825971,0xB1cB21F043af2c8e9a305Fc23a28333a2e354147
0xb84848de993b0ecf356036c552eed3abdade6ed3,,,,,,,2805563558844,0xB1cB21F043af2c8e9a305Fc23a28333a2e354147
0xb8dd404ee09bfcdfaee880c05cfb6ac8799155e6,,,,,,,35387440753971,0xB1cB21F043af2c8e9a305Fc23a28333a2e354147
0xb938ace26be1932a8ac464b027e3ae98e1d82109,,,,,,,35780668853653,0xB1cB21F043af2c8e9a305Fc23a28333a2e354147
0xb9583576d32d34f5c533ac9d52f3ac2b2fb314b6,,,,,,,228608864596926,0xB1cB21F043af2c8e9a305Fc23a28333a2e354147
0xb986f24a3658b5ee7dd5885c32c7c4ad7b982175,,,,,,,130313584387176,0xB1cB21F043af2c8e9a305Fc23a28333a2e354147
0xb9d8db5ccf33729f01b56e510b5bbb610af9f932,,,,,,,210881058463652,0xB1cB21F043af2c8e9a305Fc23a28333a2e354147
0xb9f4d99371bda02012b6229c01cd8b846168040e,,,,,,,517702194210,0xB1cB21F043af2c8e9a305Fc23a28333a2e354147
0xba8cab38a35cee7001e84ba2a4a2be1fd5125c14,,,,,,,2073890706571383040,0xB1cB21F043af2c8e9a305Fc23a28333a2e354147
0xbaf51b1ae4a076681129c4df58b1b72dfd083120,,,,,,,188593204994609,0xB1cB21F043af2c8e9a305Fc23a28333a2e354147
0xbb0b8a93221ce873ab3cae030646537378bbcf6b,,,,,,,273737965406211,0xB1cB21F043af2c8e9a305Fc23a28333a2e354147
0xbb2389247e4ff2c5049854cff0e98c7d56a736db,,,,,,,160896390173774,0xB1cB21F043af2c8e9a305Fc23a28333a2e354147
0xbb68707c223f937806c2f96233907656f01ebb82,,,,,,,486669866255563,0xB1cB21F043af2c8e9a305Fc23a28333a2e354147
0xbbec1d91398077d3fb763598c8cd3f2b9742d41e,,,,,,,958324264545673,0xB1cB21F043af2c8e9a305Fc23a28333a2e354147
0xbcbdaab5731aa89e0034804549e8fcd966b127d1,,,,,,,199442931773384,0xB1cB21F043af2c8e9a305Fc23a28333a2e354147
0xbcd4a7c5d37f26b872b8c0c808b0be038d63d084,,,,,,,192651803633876,0xB1cB21F043af2c8e9a305Fc23a28333a2e354147
0xbcf3e665c04e9cad40ffdabe4eb665af1b1ccd39,,,,,,,8862278329878,0xB1cB21F043af2c8e9a305Fc23a28333a2e354147
0xbcfb4414c471109315bc4be1413b38d56d74300e,,,,,,,38843760979159,0xB1cB21F043af2c8e9a305Fc23a28333a2e354147
0xbcfe7e7d2d7ff23844a0de610efa1eb26b787f7e,,,,,,,16586495693379,0xB1cB21F043af2c8e9a305Fc23a28333a2e354147
0xbdf21a89ac93b778b416d812f2521d3dcaac9114,,,,,,,533355762531278,0xB1cB21F043af2c8e9a305Fc23a28333a2e354147
0xbe09a9497476014febb99b53d6ab42769b5695fd,,,,,,,549756378650433,0xB1cB21F043af2c8e9a305Fc23a28333a2e354147
0xbe16002e8cc041c4061bf7b9aefb087cc7822fe9,,,,,,,38829461882347,0xB1cB21F043af2c8e9a305Fc23a28333a2e354147
0xbe5955ba42c678d91742985a2e6e19e9e90f4759,,,,,,,1157377309560,0xB1cB21F043af2c8e9a305Fc23a28333a2e354147
0xbe6264811079a938c42c95f4782c5d6ffee9a3e9,,,,,,,249778077910204,0xB1cB21F043af2c8e9a305Fc23a28333a2e354147
0xbe6e0481e9fce3145977da0fa41d10269138d2a6,,,,,,,45755904975095,0xB1cB21F043af2c8e9a305Fc23a28333a2e354147
0xbec014cc4e0c131dfe70f7dd1f0949cce901b26e,,,,,,,226421874753871,0xB1cB21F043af2c8e9a305Fc23a28333a2e354147
0xbf00649d46e93b46f493505de79a2e5e48c89e68,,,,,,,214626612312253,0xB1cB21F043af2c8e9a305Fc23a28333a2e354147
0xbf405161a52a63e8c069931097a7a599e8bbe200,,,,,,,194098837374728,0xB1cB21F043af2c8e9a305Fc23a28333a2e354147
0xbf4d1e84c85f738bf3cea5d426a17809687124bb,,,,,,,146349105392411,0xB1cB21F043af2c8e9a305Fc23a28333a2e354147
0xbf54a6f732cb062a2ddc177dc385685812b53ec2,,,,,,,175042612990029,0xB1cB21F043af2c8e9a305Fc23a28333a2e354147
0xbf67e0e425ccb09f192d73bcefc9b5edda5f3352,,,,,,,25615318608522,0xB1cB21F043af2c8e9a305Fc23a28333a2e354147
0xbffcf9c83c83c4a5858047df65ae0df921e7319b,,,,,,,192528124326207,0xB1cB21F043af2c8e9a305Fc23a28333a2e354147
0xc11b75d7856eb08044f6af3b622deb4ea007dff2,,,,,,,151081906867814,0xB1cB21F043af2c8e9a305Fc23a28333a2e354147
0xc1328745ee9a2a5d2ad735a06deb0f77209a9cdc,,,,,,,191220102425605,0xB1cB21F043af2c8e9a305Fc23a28333a2e354147
0xc14b673b8a5353557938375937535a6f655aa852,,,,,,,3331920680644586,0xB1cB21F043af2c8e9a305Fc23a28333a2e354147
0xc1bb5aa56c8db9aeba0eeb89889e5265ebd6bfa5,,,,,,,192731368822634,0xB1cB21F043af2c8e9a305Fc23a28333a2e354147
0xc1e8bcd06f0336bdae77bafe980d6c67c07ebb3c,,,,,,,122812416229372,0xB1cB21F043af2c8e9a305Fc23a28333a2e354147
0xc1f420a783810fd23d3e501b4798ce6bc83b1bc9,,,,,,,907873235760198,0xB1cB21F043af2c8e9a305Fc23a28333a2e354147
0xc228dc9344567c2119e0ad8bccea9bbdc86e7f63,,,,,,,161195386265930,0xB1cB21F043af2c8e9a305Fc23a28333a2e354147
0xc22c2b5b6acd37561203198d07d7e09b4dc0d1b2,,,,,,,244828042497674,0xB1cB21F043af2c8e9a305Fc23a28333a2e354147
0xc23ed3f9141304e3e618de32eb42681e4e75fcee,,,,,,,122670820114062784,0xB1cB21F043af2c8e9a305Fc23a28333a2e354147
0xc2ae169de09bdb093d12b36d14479bbad692e509,,,,,,,445713682787779,0xB1cB21F043af2c8e9a305Fc23a28333a2e354147
0xc2ba670fae96628892df92272ed90a3ffe259592,,,,,,,601028740857938,0xB1cB21F043af2c8e9a305Fc23a28333a2e354147
0xc313d664353f5f3d8333e9ede3d7d76390d672b2,,,,,,,459244065239863,0xB1cB21F043af2c8e9a305Fc23a28333a2e354147
0xc31f11c815ea6d75ce6d2289e51e552e34618b31,,,,,,,175641420820631,0xB1cB21F043af2c8e9a305Fc23a28333a2e354147
0xc42ae9062fba871ecd7e65cc32a4a4c0651036aa,,,,,,,169553578330787,0xB1cB21F043af2c8e9a305Fc23a28333a2e354147
0xc4456a785044d94a0324d4206d18d89c806ddf42,,,,,,,372452735142245,0xB1cB21F043af2c8e9a305Fc23a28333a2e354147
0xc48913377327467b42587bd014727eb0fc902b2b,,,,,,,164292157516547,0xB1cB21F043af2c8e9a305Fc23a28333a2e354147
0xc49652b682f72b46c44279b42a539f69c5f7efcd,,,,,,,153583653507339,0xB1cB21F043af2c8e9a305Fc23a28333a2e354147
0xc4a76f22762373a666b366c89021ea2bb40eac59,,,,,,,218478857293170,0xB1cB21F043af2c8e9a305Fc23a28333a2e354147
0xc4e5b1153b8c334d60ef83226b83a1a0ba811543,,,,,,,2380048381738,0xB1cB21F043af2c8e9a305Fc23a28333a2e354147
0xc4e6c10acb2b10cc320c5e963978e8023da93e9c,,,,,,,199710324466582,0xB1cB21F043af2c8e9a305Fc23a28333a2e354147
0xc55201a231d405182785efeccaf7babaa77fb70d,,,,,,,886387620735386,0xB1cB21F043af2c8e9a305Fc23a28333a2e354147
0xc5e7e12416fe85facac78b26cf207a1f20c4a916,,,,,,,4425498817591,0xB1cB21F043af2c8e9a305Fc23a28333a2e354147
0xc62188bdb24d2685aed8fa491e33efba47db63c2,128958.826464,1.0,1.0,2026-05-04 00:00:00,2026-05-04 00:00:00,0.36,15997274319811330000,0xB1cB21F043af2c8e9a305Fc23a28333a2e354147
0xc62fc063bb46bd5e3e6e53de7e9e523dc036964c,,,,,,,10370914841214548,0xB1cB21F043af2c8e9a305Fc23a28333a2e354147
0xc67d9d48243cdbbfb87c75e0e32fd8ccc6b81fb2,,,,,,,23187381146997,0xB1cB21F043af2c8e9a305Fc23a28333a2e354147
0xc7480bff1850ad8dbd8ad22b3948cf34b58e2cca,,,,,,,3338553671997,0xB1cB21F043af2c8e9a305Fc23a28333a2e354147
0xc7633c8da4783ed7f08802dea2c0eebaedd40010,,,,,,,55931957044449,0xB1cB21F043af2c8e9a305Fc23a28333a2e354147
0xc7da7629753d4fc5c97aa3d87abb89cb53dcf39c,,,,,,,546733995278006,0xB1cB21F043af2c8e9a305Fc23a28333a2e354147
0xc7f8f0838229d92cdc3630ecd9e5279173f7dd6e,,,,,,,732609829788552,0xB1cB21F043af2c8e9a305Fc23a28333a2e354147
0xc803873e46b09d6233ad8080bc94633de39ae308,,,,,,,189399364245447,0xB1cB21F043af2c8e9a305Fc23a28333a2e354147
0xc88beac018c4b50d571b4156113857a496d942db,,,,,,,174626475872167,0xB1cB21F043af2c8e9a305Fc23a28333a2e354147
0xc8bd837f3e2c3923db1415def0bb8c17f6fe3ec9,,,,,,,407911728083871,0xB1cB21F043af2c8e9a305Fc23a28333a2e354147
0xc91831d54f0ee77ac3b86a3f948e7e8e4f6d485f,,,,,,,166634810729544,0xB1cB21F043af2c8e9a305Fc23a28333a2e354147
0xc9611e0c3108faec9f75b31aca8658e564a2de36,,,,,,,171546984914065,0xB1cB21F043af2c8e9a305Fc23a28333a2e354147
0xc98be285c078dd1b80bb2d877ce5634da64428e1,,,,,,,40614658658552,0xB1cB21F043af2c8e9a305Fc23a28333a2e354147
0xc990ca8ec9bb0a5f38cea6c2e8447e454ddbda6e,,,,,,,173736366524927,0xB1cB21F043af2c8e9a305Fc23a28333a2e354147
0xc9c4c1001d52ec8fe480bf9952c58b3f3839bf20,,,,,,,2202921168993,0xB1cB21F043af2c8e9a305Fc23a28333a2e354147
0xc9d41f7f849e4b760626dbab2d942de33d75bf41,,,,,,,339783394271269,0xB1cB21F043af2c8e9a305Fc23a28333a2e354147
0xc9e33704edf94a3ab57b25677ececd7fad9f83f0,,,,,,,172968845409446,0xB1cB21F043af2c8e9a305Fc23a28333a2e354147
0xca4157455a6e4fa063cc17389e44ed4d18cf9324,,,,,,,34667734816297,0xB1cB21F043af2c8e9a305Fc23a28333a2e354147
0xcaa911b9900e2d7928baf991bb349dc0e8d443b5,,,,,,,282182391717645,0xB1cB21F043af2c8e9a305Fc23a28333a2e354147
0xcae2fda51a1116c6a3025d55fd08a8a704e91dc9,,,,,,,157847114653689,0xB1cB21F043af2c8e9a305Fc23a28333a2e354147
0xcb0846eb4d89fa6d801bd219066ed55e3638abae,,,,,,,184312741624717,0xB1cB21F043af2c8e9a305Fc23a28333a2e354147
0xcb825c63bdd48f46c8ed2559fc32dd8890876b39,,,,,,,149793684397768,0xB1cB21F043af2c8e9a305Fc23a28333a2e354147
0xcb9592d22f8741186b6a138ed9eadb3760b7c021,,,,,,,2085364487212,0xB1cB21F043af2c8e9a305Fc23a28333a2e354147
0xcbedbbbfc5719919f641210e4421d41b231e158c,,,,,,,2795278752943,0xB1cB21F043af2c8e9a305Fc23a28333a2e354147
0xcca8e5beece02affa32e6267835221f35bb7cb23,,,,,,,190498753956800,0xB1cB21F043af2c8e9a305Fc23a28333a2e354147
0xccc7f9ac1d3794a6a28d08710caad016710208b2,23040.370718,1.0,1.0,2026-05-04 00:00:00,2026-05-04 00:00:00,0.28,2858145819967488500,0xB1cB21F043af2c8e9a305Fc23a28333a2e354147
0xcda5da14611dc814936629d97299a9404247995d,,,,,,,169656906326976,0xB1cB21F043af2c8e9a305Fc23a28333a2e354147
0xcda7a5a824f5d71d5e4d48debfd7d2ff5dd1b604,,,,,,,160824172102024,0xB1cB21F043af2c8e9a305Fc23a28333a2e354147
0xcdaa63e7762d078c07f344eb05b1d6c792fff2e5,,,,,,,132226480466,0xB1cB21F043af2c8e9a305Fc23a28333a2e354147
0xcddc34edcff235ed94cc79c559a540962da0af45,,,,,,,2609376616479,0xB1cB21F043af2c8e9a305Fc23a28333a2e354147
0xce098865d5584a9e22dd6318cca410b5f46cb38a,,,,,,,188743831876421,0xB1cB21F043af2c8e9a305Fc23a28333a2e354147
0xce3f9384e107c37b70d7ce9aae3d6972cf071679,,,,,,,271197598510841,0xB1cB21F043af2c8e9a305Fc23a28333a2e354147
0xcee328cae14f9b219d8e7e8b5b289bd3e38c7ac3,,,,,,,213904854572914,0xB1cB21F043af2c8e9a305Fc23a28333a2e354147
0xcf106c310c9011cd9f00651f54ba98736f9c807a,,,,,,,41890728254299,0xB1cB21F043af2c8e9a305Fc23a28333a2e354147
0xcf8ea714fed061468c4ead651d6f3897a10c5ce7,,,,,,,200030715693132,0xB1cB21F043af2c8e9a305Fc23a28333a2e354147
0xcfd2952da039d3ab9f185dfdb122bf27aa742152,,,,,,,171109655636835,0xB1cB21F043af2c8e9a305Fc23a28333a2e354147
0xd061f0863caa6d5af96781789da8bda834bf1db4,,,,,,,798811970699476,0xB1cB21F043af2c8e9a305Fc23a28333a2e354147
0xd0de469a46c463cd6af6904fc1a0d1a624aebb4e,,,,,,,193216189403090,0xB1cB21F043af2c8e9a305Fc23a28333a2e354147
0xd0eac4ff30b0589e2d379ddf827d8f2706666c5f,,,,,,,522684146172104640,0xB1cB21F043af2c8e9a305Fc23a28333a2e354147
0xd179f69b181b8630642b60b0f1a70fa722e41859,,,,,,,261550167142572,0xB1cB21F043af2c8e9a305Fc23a28333a2e354147
0xd1974322bf4fd3b92c1f01215b22d1182c960227,,,,,,,157384304688529,0xB1cB21F043af2c8e9a305Fc23a28333a2e354147
0xd2ab7f82cf50a1c201730069f8adc939e7111fcf,,,,,,,2334065257885,0xB1cB21F043af2c8e9a305Fc23a28333a2e354147
0xd2eedf128a46e5cf2ed9f7ad60d7cdfc828abdef,,,,,,,38242582665884,0xB1cB21F043af2c8e9a305Fc23a28333a2e354147
0xd2f0f0980eb5f426eb92a9b4d053be06c6117f63,,,,,,,17841767074997,0xB1cB21F043af2c8e9a305Fc23a28333a2e354147
0xd2f931fbaaa5b39f14c147f843bbf1a13186399c,,,,,,,44808864368221,0xB1cB21F043af2c8e9a305Fc23a28333a2e354147
0xd3ba815596aefc7bf920c0af0f2e7df77e20f614,,,,,,,190464175917960,0xB1cB21F043af2c8e9a305Fc23a28333a2e354147
0xd3c5ddb7d775cc0fee00a3da03241535aa548850,,,,,,,304068093848481,0xB1cB21F043af2c8e9a305Fc23a28333a2e354147
0xd495331b106324f41b5d824f8f3ce1fa87a133aa,,,,,,,208072987771582,0xB1cB21F043af2c8e9a305Fc23a28333a2e354147
0xd495daac3bc1895912e3a68cab70cc827e48f1e4,,,,,,,424908631959041,0xB1cB21F043af2c8e9a305Fc23a28333a2e354147
0xd4bb555d3b0d7ff17c606161b44e372689c14f4b,,,,,,,1947248210497514,0xB1cB21F043af2c8e9a305Fc23a28333a2e354147
0xd4cf93ae2ace6653c8451f8701052a0ef7ba713b,,,,,,,3427531997897,0xB1cB21F043af2c8e9a305Fc23a28333a2e354147
0xd4d3bc8f7bcf818751fedbf27950952bf9178c74,,,,,,,199015372712684,0xB1cB21F043af2c8e9a305Fc23a28333a2e354147
0xd5281b0011eb37ab391e59add92ccb33a6870816,1076689.698035844,1.0,1.0,2026-05-04 00:00:00,2026-05-04 00:00:00,0.56,133562788442421820000,0xB1cB21F043af2c8e9a305Fc23a28333a2e354147
0xd62d50749d5216a403ba24a76fed82231f120774,,,,,,,5491093727330949100,0xB1cB21F043af2c8e9a305Fc23a28333a2e354147
0xd6365f8efa0039923983355ee12b1d0694e7b468,,,,,,,54780654256377,0xB1cB21F043af2c8e9a305Fc23a28333a2e354147
0xd6368d2e97695a30678e5ec2668f23c05320522e,,,,,,,57245264724657,0xB1cB21F043af2c8e9a305Fc23a28333a2e354147
0xd6adc9883d42aa2bc819eb78f8c93d0ffac8f4dc,,,,,,,18948181901870,0xB1cB21F043af2c8e9a305Fc23a28333a2e354147
0xd6f522adce56f97b2ccea1031dee88f32400d90f,,,,,,,453765401378,0xB1cB21F043af2c8e9a305Fc23a28333a2e354147
0xd75cb066fa6dca808d14b3c3f111576e6dda4d00,,,,,,,207984487509765,0xB1cB21F043af2c8e9a305Fc23a28333a2e354147
0xd82e9fbad52d6ca5596d6b75a20f3cb9a30ffed1,,,,,,,173386415442451,0xB1cB21F043af2c8e9a305Fc23a28333a2e354147
0xd84e19e2c0819573859bacabff974f13b6296676,,,,,,,41688461256312,0xB1cB21F043af2c8e9a305Fc23a28333a2e354147
0xd861415f6703ab50ce101c7e6f6a80ada1fc2b1c,,,,,,,39806325733765040,0xB1cB21F043af2c8e9a305Fc23a28333a2e354147
0xd87319234b60166651fb69f8a5e660f0e30df6ba,,,,,,,30435949012653,0xB1cB21F043af2c8e9a305Fc23a28333a2e354147
0xd8a3daf192c9aee9cbacf04e28f0762ce8941ac8,,,,,,,656252806320260,0xB1cB21F043af2c8e9a305Fc23a28333a2e354147
0xd8df9a3920b1a4f22f02e909b84f806db787657f,,,,,,,574375124360040,0xB1cB21F043af2c8e9a305Fc23a28333a2e354147
0xd8f84c7a76d1b16ebf88cc70805234f06e44c214,,,,,,,23950619608611,0xB1cB21F043af2c8e9a305Fc23a28333a2e354147
0xd9004af638f129ba76c1d0c17b9d2c2b17bd4748,,,,,,,178227482043172,0xB1cB21F043af2c8e9a305Fc23a28333a2e354147
0xd9574b34f42874d33b040548548fc2249bde649d,,,,,,,388651412395021,0xB1cB21F043af2c8e9a305Fc23a28333a2e354147
0xd97cc9f16b5a09312f65076871d199022374e7f3,,,,,,,37652103878039,0xB1cB21F043af2c8e9a305Fc23a28333a2e354147
0xd9995dabb781dcc8ec408fea5f293712febf17db,,,,,,,52758354297253,0xB1cB21F043af2c8e9a305Fc23a28333a2e354147
0xd9d651fe1b9b930e94e01b30de834863f051d770,,,,,,,831727348293900,0xB1cB21F043af2c8e9a305Fc23a28333a2e354147
0xdaac4d9ebd8f2b3466ff70d0d0f5239910ee88a0,,,,,,,169855395980151,0xB1cB21F043af2c8e9a305Fc23a28333a2e354147
0xdad15c110d63911fc53cd3c185f0a48fc5fe81f9,,,,,,,421218336784337,0xB1cB21F043af2c8e9a305Fc23a28333a2e354147
0xdae261031bef3eba808a1eff4ce038e10cbb25b8,,,,,,,189337963448481,0xB1cB21F043af2c8e9a305Fc23a28333a2e354147
0xdaed8b30893ddc9df16dff5a863efcf6f9380fc1,,,,,,,152683945416598,0xB1cB21F043af2c8e9a305Fc23a28333a2e354147
0xdaf0f490d8f8a5fdbbddfa95c89b160093ee831f,,,,,,,360886486426245,0xB1cB21F043af2c8e9a305Fc23a28333a2e354147
0xdb17a35d6c1f617fbbc51d10062e07bd2007750b,,,,,,,15371101326989,0xB1cB21F043af2c8e9a305Fc23a28333a2e354147
0xdb5319a63d5117ef98e2875351d988754c1746b5,,,,,,,155534629540573,0xB1cB21F043af2c8e9a305Fc23a28333a2e354147
0xdbb8d2a04ff901dc71ba1596fe202b8eb3e10556,,,,,,,159444304789778,0xB1cB21F043af2c8e9a305Fc23a28333a2e354147
0xdbc7413d859100eb142bf8515e18b7cf983f3c19,,,,,,,2577518902754,0xB1cB21F043af2c8e9a305Fc23a28333a2e354147
0xdbdee04c72a02a740b9f26ada9203582c8a99daf,,,,,,,1045355443,0xB1cB21F043af2c8e9a305Fc23a28333a2e354147
0xdc4041b9396c751e7fa1a1638d069f6d3a9aa89d,,,,,,,39760541960080,0xB1cB21F043af2c8e9a305Fc23a28333a2e354147
0xdd10e84e45b49c08f568b1eaf9b181e564d68c77,,,,,,,3414460116703,0xB1cB21F043af2c8e9a305Fc23a28333a2e354147
0xdd18dcb7df6b324298213b37ef21c5d88f4b353b,,,,,,,171720863930400,0xB1cB21F043af2c8e9a305Fc23a28333a2e354147
0xdd1a8f60198500184c05310293078e49df680928,,,,,,,186021082298730,0xB1cB21F043af2c8e9a305Fc23a28333a2e354147
0xdd3727362a290757ff6161e102a9b7789b35ad82,,,,,,,193098725,0xB1cB21F043af2c8e9a305Fc23a28333a2e354147
0xdd3b7d7dae4ccf333fad0c6365b18c81f8364518,,,,,,,17761949104000,0xB1cB21F043af2c8e9a305Fc23a28333a2e354147
0xdd5f3ba39be2612ea4a7d0b5523866a5043af973,,,,,,,18281665467759,0xB1cB21F043af2c8e9a305Fc23a28333a2e354147
0xddb884d2b74afff0a414260d996c558dedf7bd26,,,,,,,187745943556297,0xB1cB21F043af2c8e9a305Fc23a28333a2e354147
0xde0fd401fa29d92b19a6b910d6cb3da07140ca61,,,,,,,203594549252746,0xB1cB21F043af2c8e9a305Fc23a28333a2e354147
0xde2bf4eb1cbf47039b84741b04f1b14e3ebf20e2,,,,,,,38899725893762,0xB1cB21F043af2c8e9a305Fc23a28333a2e354147
0xde4a1b2ea88ec03e93aad9d4c5bffeb18687d079,13362513.660449998,1.0,1.0,2026-05-04 00:00:00,2026-05-04 00:00:00,0.72,1657612762846589000000,0xB1cB21F043af2c8e9a305Fc23a28333a2e354147
0xde4a35699b172514360e86e365fc0e5bed508b09,,,,,,,837118715269756,0xB1cB21F043af2c8e9a305Fc23a28333a2e354147
0xde505f3bd60274d515308421b9acfdbb9d48cfba,,,,,,,155381547120697,0xB1cB21F043af2c8e9a305Fc23a28333a2e354147
0xde569071cce220f29e800ea080940cfcc6e93bb7,,,,,,,77139517653030,0xB1cB21F043af2c8e9a305Fc23a28333a2e354147
0xde5ae4de36c966747ea7df13bd9589642e2b1d0d,,,,,,,1151429811537787650,0xB1cB21F043af2c8e9a305Fc23a28333a2e354147
0xdf03a7aa5c28cd06cd524542de55865626559212,,,,,,,545704384617602,0xB1cB21F043af2c8e9a305Fc23a28333a2e354147
0xdfb3fb4a6f7aeb73b304359b336109c50662da7a,,,,,,,483202303138076,0xB1cB21F043af2c8e9a305Fc23a28333a2e354147
0xe05de90166b34c6e6e1407e79e6dc55387035d53,,,,,,,180125710452200,0xB1cB21F043af2c8e9a305Fc23a28333a2e354147
0xe0df64dfbe7a82c8d02ca2f1bd9601f75b417c81,,,,,,,537006510695454,0xB1cB21F043af2c8e9a305Fc23a28333a2e354147
0xe10a296a7235ac9d278e87d5837aae318823390f,,,,,,,49194564159310,0xB1cB21F043af2c8e9a305Fc23a28333a2e354147
0xe12c7bb2ff754988006cac84673ac6b1649fb597,,,,,,,168457518635894,0xB1cB21F043af2c8e9a305Fc23a28333a2e354147
0xe1c86cb8a38772b8046e018d35561b2b59c7399a,,,,,,,184781799542627,0xB1cB21F043af2c8e9a305Fc23a28333a2e354147
0xe2551f91193f127a99af86c5ef6562b4e5a556af,,,,,,,256880877949311,0xB1cB21F043af2c8e9a305Fc23a28333a2e354147
0xe2606aadc30df8d65443bfc64f0dbf73818234bf,,,,,,,163448146828861,0xB1cB21F043af2c8e9a305Fc23a28333a2e354147
0xe31a3e7c014b180e0eaa4bc083cd8ab6a5a9623e,,,,,,,1040594476112655,0xB1cB21F043af2c8e9a305Fc23a28333a2e354147
0xe34818309bdfd0b9951f246e8601e2e6f98480cf,,,,,,,481401068269707,0xB1cB21F043af2c8e9a305Fc23a28333a2e354147
0xe349bd3eaedbdac74b85f8cca774592470e9ee4a,,,,,,,298518522057823,0xB1cB21F043af2c8e9a305Fc23a28333a2e354147
0xe359f340a0ff6d5b535067793773dd31b61187b5,,,,,,,109119508931928,0xB1cB21F043af2c8e9a305Fc23a28333a2e354147
0xe37c3d584a476b250dc429073d83a087145c4095,,,,,,,250858917372877,0xB1cB21F043af2c8e9a305Fc23a28333a2e354147
0xe400e558befc3358c2a0f7cca48ac209d0c15656,,,,,,,8145604416805,0xB1cB21F043af2c8e9a305Fc23a28333a2e354147
0xe40a2db39b1f23c52d50e1b7436fca3bbb2c3aa7,,,,,,,185236440954933,0xB1cB21F043af2c8e9a305Fc23a28333a2e354147
0xe41c917a7608912ffa9262797c8197311ed648ba,,,,,,,65958534098240,0xB1cB21F043af2c8e9a305Fc23a28333a2e354147
0xe442f446bb6bd9e4aa13faba1a2e370943753505,,,,,,,4419310037511,0xB1cB21F043af2c8e9a305Fc23a28333a2e354147
0xe46827825ad452680e933913b9edbb0c9fb57a09,,,,,,,3081831381483616,0xB1cB21F043af2c8e9a305Fc23a28333a2e354147
0xe475e99bc6fbe41f10118c8f5d5ad99e2261c871,,,,,,,27937872611152,0xB1cB21F043af2c8e9a305Fc23a28333a2e354147
0xe5235502657a4107f691283654de9bb6c0eb8f3c,,,,,,,426764636879798,0xB1cB21F043af2c8e9a305Fc23a28333a2e354147
0xe58bdf25121b110554e678fd80f42421075bdece,,,,,,,397230017459304,0xB1cB21F043af2c8e9a305Fc23a28333a2e354147
0xe61458094a0be9fa2394427ad688d10b73b5d466,,,,,,,135938770845940,0xB1cB21F043af2c8e9a305Fc23a28333a2e354147
0xe6194767f06602683cd10d6385397c7b5a9eeebd,,,,,,,32512214616425,0xB1cB21F043af2c8e9a305Fc23a28333a2e354147
0xe64c848df44a22e3e44d0bf1d59c8dfe067959e5,,,,,,,37740838702020,0xB1cB21F043af2c8e9a305Fc23a28333a2e354147
0xe6eefb0e8c984a617967ec4234a58e07b4e8ae14,,,,,,,383679825870643,0xB1cB21F043af2c8e9a305Fc23a28333a2e354147
0xe7185284c4f9aede126f45645874f406244e22d4,,,,,,,203501963777955,0xB1cB21F043af2c8e9a305Fc23a28333a2e354147
0xe774308562604771318d9486601fd1032fe70b96,,,,,,,5428806587955,0xB1cB21F043af2c8e9a305Fc23a28333a2e354147
0xe8b3979447d01dda47dafed89be75ca1a7e00f6b,,,,,,,453829342683739,0xB1cB21F043af2c8e9a305Fc23a28333a2e354147
0xe8cce7552236059dd961b39b49f809bed420f3d7,,,,,,,244567112226224,0xB1cB21F043af2c8e9a305Fc23a28333a2e354147
0xe8f5c2570607105cab4cabb65bc56ef509beb0bc,,,,,,,32243915602271,0xB1cB21F043af2c8e9a305Fc23a28333a2e354147
0xe8f61256f78e0ca9be6361682713c0f9d250e3d4,,,,,,,158881155175938,0xB1cB21F043af2c8e9a305Fc23a28333a2e354147
0xe96b4fa591d7341bd21e3f2e21166837b3b4a458,,,,,,,537417033135839,0xB1cB21F043af2c8e9a305Fc23a28333a2e354147
0xe96d476fb23413b34c848f8fc06bdb0be354121e,,,,,,,256784057073650,0xB1cB21F043af2c8e9a305Fc23a28333a2e354147
0xe98afdd85438000707165da41342885c59fe592e,,,,,,,271175839145254,0xB1cB21F043af2c8e9a305Fc23a28333a2e354147
0xe98e19248b22e9fbd0d06bf0373d2a4f3e1ef027,,,,,,,970279673857611,0xB1cB21F043af2c8e9a305Fc23a28333a2e354147
0xea8dd12d029b64e67e8a0dfb5c6e8bbbcdc3eb1e,,,,,,,186891312268455,0xB1cB21F043af2c8e9a305Fc23a28333a2e354147
0xead2e001d3f3363fe851b4c141f37271ce9f2cf3,,,,,,,554881176327170,0xB1cB21F043af2c8e9a305Fc23a28333a2e354147
0xeb0489ccf767113df9a70b7d003dc7a36e06be4b,,,,,,,372453337596644,0xB1cB21F043af2c8e9a305Fc23a28333a2e354147
0xeb2e3aebb7224006cf3f16f939a6589302cd8e85,,,,,,,14538244644889,0xB1cB21F043af2c8e9a305Fc23a28333a2e354147
0xeb837f4ebae7e35e168bae0fc255dd7df92021cb,,,,,,,167954643324650,0xB1cB21F043af2c8e9a305Fc23a28333a2e354147
0xebb9398861309f2ebfa64cc8931f2167f25322e6,,,,,,,981127204862084,0xB1cB21F043af2c8e9a305Fc23a28333a2e354147
0xec221fe19486f7c0b1793fbad705bedba66f6359,,,,,,,189968857935696,0xB1cB21F043af2c8e9a305Fc23a28333a2e354147
0xecd686dc14faef00f3c88be8087a7ea79adf4339,,,,,,,40326432417904,0xB1cB21F043af2c8e9a305Fc23a28333a2e354147
0xece4013a2eb2164ac84663a935fe283ca8d56051,,,,,,,882644806964504,0xB1cB21F043af2c8e9a305Fc23a28333a2e354147
0xecf569858fc9bb45a9b46356eded5fc2c4cf6439,,,,,,,181394397512477,0xB1cB21F043af2c8e9a305Fc23a28333a2e354147
0xed2223b55e8085fff9c9b3ac964ae2696cd6618b,7837464.070000001,1.0,1.0,2026-05-04 00:00:00,2026-05-04 00:00:00,0.68,972233278925312000000,0xB1cB21F043af2c8e9a305Fc23a28333a2e354147
0xed37bdeca9c187a5e4372295cf03ecb260982dbd,,,,,,,241461730458254,0xB1cB21F043af2c8e9a305Fc23a28333a2e354147
0xede960082ca3bcfc85ff48a0d739fb654a7cf99a,,,,,,,195738710417395,0xB1cB21F043af2c8e9a305Fc23a28333a2e354147
0xee0fddcdbbe6bae1aefae6508efaf58d3c920ce9,,,,,,,12730681961952,0xB1cB21F043af2c8e9a305Fc23a28333a2e354147
0xee29cffbed39be9a9142b5f8f3c5cb770c363b88,,,,,,,184392756866325,0xB1cB21F043af2c8e9a305Fc23a28333a2e354147
0xee4f045f41a6ede8444af2e33fffc47514c41dd7,,,,,,,402513790813213,0xB1cB21F043af2c8e9a305Fc23a28333a2e354147
0xee730a25ca18b1ba36f5992ba50e562b70391954,,,,,,,10251339906544502,0xB1cB21F043af2c8e9a305Fc23a28333a2e354147
0xeed46b612376b0e0da895c0eb355f52493e844c2,,,,,,,167369729662494,0xB1cB21F043af2c8e9a305Fc23a28333a2e354147
0xeeda1b827e47ce5994713a305e699e9f812de44a,3323494.1577500002,1.0,1.0,2026-05-04 00:00:00,2026-05-04 00:00:00,0.6,412277695134416100000,0xB1cB21F043af2c8e9a305Fc23a28333a2e354147
0xeee2a8590120a258009359ad4cd52464508e0ce9,,,,,,,171775780935345,0xB1cB21F043af2c8e9a305Fc23a28333a2e354147
0xefa991c978f7129593b851ba9e29aa6794f217f2,,,,,,,22025904381648167000,0xB1cB21F043af2c8e9a305Fc23a28333a2e354147
0xefb5f9fe9372bb44ca45f28dd88b7629a30f72fb,,,,,,,997699252122159,0xB1cB21F043af2c8e9a305Fc23a28333a2e354147
0xf0068b0bb48f2fc9f91d39530ef922cc38495742,,,,,,,141251348603840,0xB1cB21F043af2c8e9a305Fc23a28333a2e354147
0xf0507043e4ce3cbbd5e015152a190551c605370e,,,,,,,171676563268586,0xB1cB21F043af2c8e9a305Fc23a28333a2e354147
0xf0c634507efa75aa5e5a77f1f881367aac155831,,,,,,,164681707204714,0xB1cB21F043af2c8e9a305Fc23a28333a2e354147
0xf1716f4811a4c3dd0f01e597a8702dec49af5cc5,,,,,,,183511903657087,0xB1cB21F043af2c8e9a305Fc23a28333a2e354147
0xf19104757d9185d1822ff395f010e338f60831e7,,,,,,,801312819446957,0xB1cB21F043af2c8e9a305Fc23a28333a2e354147
0xf1a2ca33b6fa8ddeca5fba3ffd71e5f6c676b284,,,,,,,41306774040790,0xB1cB21F043af2c8e9a305Fc23a28333a2e354147
0xf1b085e939e20d154d3d3a5819330d02e4b66e28,,,,,,,140811117822443,0xB1cB21F043af2c8e9a305Fc23a28333a2e354147
0xf1bbe711c21ee84031aa6d5d3030d74d3520147c,,,,,,,181899743431659,0xB1cB21F043af2c8e9a305Fc23a28333a2e354147
0xf235c33f21d52216d5c13090ae6cb894e6c5ed90,1.07777070205,1.0,1.0,2026-05-04 00:00:00,2026-05-04 00:00:00,0.0,133696886419501,0xB1cB21F043af2c8e9a305Fc23a28333a2e354147
0xf2b0784cace4f7a966f4ad5a59c45696f83b09ba,,,,,,,231229091097012,0xB1cB21F043af2c8e9a305Fc23a28333a2e354147
0xf36700ff798394c4a58fe861a4661f5489d90735,,,,,,,2056930862318286590,0xB1cB21F043af2c8e9a305Fc23a28333a2e354147
0xf3a4e454f56e61b46488d3b7acb6d817b04fe87f,,,,,,,1070916372487233,0xB1cB21F043af2c8e9a305Fc23a28333a2e354147
0xf4049ce06747295bc9be65bc6cfc6e661d2c3d1a,,,,,,,160453253375762,0xB1cB21F043af2c8e9a305Fc23a28333a2e354147
0xf44e42425de15a1c8cce0abb16241980e2dd38e5,,,,,,,2613941085503,0xB1cB21F043af2c8e9a305Fc23a28333a2e354147
0xf55176422742452135de1d93d9c4b7c8e82e719a,,,,,,,1355486895403,0xB1cB21F043af2c8e9a305Fc23a28333a2e354147
0xf595be99c0ed4c53a79487f47ed11acdf755c516,,,,,,,234783813427808,0xB1cB21F043af2c8e9a305Fc23a28333a2e354147
0xf59d9a7838544358de29df243d27101b78485b37,,,,,,,144189786732875,0xB1cB21F043af2c8e9a305Fc23a28333a2e354147
0xf5aa49566931f40404643682cc0e3a96b9bc21e8,,,,,,,30103273199402,0xB1cB21F043af2c8e9a305Fc23a28333a2e354147
0xf5fa3a780dd9ba01e494e59f03f101a1dd82cc31,,,,,,,263316582428413,0xB1cB21F043af2c8e9a305Fc23a28333a2e354147
0xf60d27b9c2098962200d707f491470bcccc49006,,,,,,,148377764327538,0xB1cB21F043af2c8e9a305Fc23a28333a2e354147
0xf68da9133f27e7cecd729edac888af822bdf6ad6,,,,,,,32418228920456,0xB1cB21F043af2c8e9a305Fc23a28333a2e354147
0xf6ac9cda88d67d9499b1c551028a7e7e766908e7,,,,,,,223506723837257,0xB1cB21F043af2c8e9a305Fc23a28333a2e354147
0xf6b7986121dbbe26352f86a920e46824ab116765,,,,,,,1043194026575274,0xB1cB21F043af2c8e9a305Fc23a28333a2e354147
0xf6d38b43ba5bf4eaaec2c7d4ffdad16dfbb95671,,,,,,,3048618150042,0xB1cB21F043af2c8e9a305Fc23a28333a2e354147
0xf6dc93dcaa16b1d48eb9929b9a8830331c89963a,,,,,,,33057115379065,0xB1cB21F043af2c8e9a305Fc23a28333a2e354147
0xf6f5cff6f5f5daa336c79a31ee21265ba30b6d7b,,,,,,,171857617247776,0xB1cB21F043af2c8e9a305Fc23a28333a2e354147
0xf71fa0a5aafdc6484ed2894dc5ac85df6c1bcd1a,,,,,,,734101914449580,0xB1cB21F043af2c8e9a305Fc23a28333a2e354147
0xf7f49bb21585b441ee11cf84d3788d766f782699,,,,,,,26901858871950,0xB1cB21F043af2c8e9a305Fc23a28333a2e354147
0xf7f5ad6bf4469ee87787f701bfd817a846d8b0ec,,,,,,,30127649359219,0xB1cB21F043af2c8e9a305Fc23a28333a2e354147
0xf8017158a27d4c3799a8a119649bddf07f5075da,,,,,,,170802228588707,0xB1cB21F043af2c8e9a305Fc23a28333a2e354147
0xf867f81237ae166030be69c8d8265068c04d9b9d,,,,,,,207793517894018,0xB1cB21F043af2c8e9a305Fc23a28333a2e354147
0xf885bfa68f4e1d9b9034c45fdbd7de5849ead338,,,,,,,229027098640935,0xB1cB21F043af2c8e9a305Fc23a28333a2e354147
0xf89e89f342dfe2e950880320a3e2c759407dd3f9,,,,,,,195362568404677,0xB1cB21F043af2c8e9a305Fc23a28333a2e354147
0xf8a71e4c6f1914feab72053559973314526396c7,,,,,,,590822288765896,0xB1cB21F043af2c8e9a305Fc23a28333a2e354147
0xf8af73b9a00288ff62f6f49e00267b1d929a0544,,,,,,,19132970400184,0xB1cB21F043af2c8e9a305Fc23a28333a2e354147
0xf96637933869023e1fb277b5ba95db6b889d4082,,,,,,,14851430172853,0xB1cB21F043af2c8e9a305Fc23a28333a2e354147
0xf966614412df64e80fad2c7108c8b657b19c3cba,1.07777070205,1.0,1.0,2026-05-04 00:00:00,2026-05-04 00:00:00,0.0,133696886419501,0xB1cB21F043af2c8e9a305Fc23a28333a2e354147
0xf983eb3fc572a4df4a8824f235c75c3a0c001cb7,,,,,,,156804482515286,0xB1cB21F043af2c8e9a305Fc23a28333a2e354147
0xf9bfbd07caddba71a31228123ccbce0d08f2364c,,,,,,,191854902990115,0xB1cB21F043af2c8e9a305Fc23a28333a2e354147
0xf9e29052fa16e5e02461d49547ea3d59d5e468cb,,,,,,,589109249441382,0xB1cB21F043af2c8e9a305Fc23a28333a2e354147
0xf9f2abcc9df889794b60f0791a784f5a97d32920,,,,,,,769225452139001600,0xB1cB21F043af2c8e9a305Fc23a28333a2e354147
0xfa9ca1c903ef8cad3f9686ad209aa45c723d3e75,,,,,,,39296121050927,0xB1cB21F043af2c8e9a305Fc23a28333a2e354147
0xfadb7b2db89cbb5b2bfb26814e9e40a8b7b9bccc,,,,,,,176417868324835,0xB1cB21F043af2c8e9a305Fc23a28333a2e354147
0xfb2e6d829e4061aff8ab49f1cdc8978d24f2e718,,,,,,,805504845899587,0xB1cB21F043af2c8e9a305Fc23a28333a2e354147
0xfb6745d6c1b41fd0d27a94b58d362e232328cfe1,,,,,,,191845405648988,0xB1cB21F043af2c8e9a305Fc23a28333a2e354147
0xfbd0cf97f05e759ecca2517370ee3e476aec6643,,,,,,,668157928654487,0xB1cB21F043af2c8e9a305Fc23a28333a2e354147
0xfc448b35f4c932dc21e1f4c415af7f772a674a26,,,,,,,284383878438967,0xB1cB21F043af2c8e9a305Fc23a28333a2e354147
0xfd06dbb698662445eabe8253d97915b7d6c96704,,,,,,,209823366582929,0xB1cB21F043af2c8e9a305Fc23a28333a2e354147
0xfd52fb43fec22181294482c5c0cdfc7a621884ae,,,,,,,23656491341193,0xB1cB21F043af2c8e9a305Fc23a28333a2e354147
0xfd7f25a9a5404223fe7d5bf5f9547b0108961760,,,,,,,36874110392067,0xB1cB21F043af2c8e9a305Fc23a28333a2e354147
0xfdab7d28b01b809ae8b006bca24c4d2b30dad76a,,,,,,,15406799474660,0xB1cB21F043af2c8e9a305Fc23a28333a2e354147
0xfe0174acd46e2eb5838af9213f0c49633a00cfec,,,,,,,171243364754514,0xB1cB21F043af2c8e9a305Fc23a28333a2e354147
0xfe222247735b3c7ef099ba761f9477450f5256fe,17168.7243498,1.0,1.0,2026-05-04 00:00:00,2026-05-04 00:00:00,0.12,2129771188803790590,0xB1cB21F043af2c8e9a305Fc23a28333a2e354147
0xfea5dfed58fcd97f18d547139e9817b85074a103,,,,,,,65336283844028,0xB1cB21F043af2c8e9a305Fc23a28333a2e354147
0xff56136bee3439fa22df7bce6a1718c9823cc346,,,,,,,681519299233849,0xB1cB21F043af2c8e9a305Fc23a28333a2e354147
0xff5e7f42e70904d93b67ced03be7afc15002405f,,,,,,,178540700350240,0xB1cB21F043af2c8e9a305Fc23a28333a2e354147
0xffc82689ae265dd09963275892263177740a3b50,,,,,,,1045886231391374,0xB1cB21F043af2c8e9a305Fc23a28333a2e354147
