address,total_contribution,contribution_count,unique_clusters,first_contribution,last_contribution,contribution_percentile,amount,contract_address
0x000a99532e11ad7b06c26ceade3655ed64f68467,,,,,,,27976511722116,0xFA6700Fcf753e92A4837bb0f205586Cd3eDAC023
0x00d62617ad2059fc99f0d6692c48dcf13e94ea82,,,,,,,132565276857652,0xFA6700Fcf753e92A4837bb0f205586Cd3eDAC023
0x010a0d6f6dd0da242faaafed264483bd2ba360de,,,,,,,117770711817159,0xFA6700Fcf753e92A4837bb0f205586Cd3eDAC023
0x010bb700d230644a0da1c90e1874d312fbe28612,,,,,,,52656590595653430000,0xFA6700Fcf753e92A4837bb0f205586Cd3eDAC023
0x014b14c769329556a8e814e40cf41f8d56d75fe1,,,,,,,303611092400674,0xFA6700Fcf753e92A4837bb0f205586Cd3eDAC023
0x014cae32236468fe41384c1545a356d9c2a8641e,,,,,,,185889021856858,0xFA6700Fcf753e92A4837bb0f205586Cd3eDAC023
0x0176b2a97968632b4538aad93f0cc20f06e8b758,,,,,,,122898118032590,0xFA6700Fcf753e92A4837bb0f205586Cd3eDAC023
0x0289639d204efe94819b75de48933eb86ca779c0,,,,,,,149026862629765,0xFA6700Fcf753e92A4837bb0f205586Cd3eDAC023
0x02992c708a938e7b6d28b5d56e5fb7540f501bab,,,,,,,731870926133827,0xFA6700Fcf753e92A4837bb0f205586Cd3eDAC023
0x02e87aa5346669e1f23d5c8988f53fd9de48381d,,,,,,,115539836847084,0xFA6700Fcf753e92A4837bb0f205586Cd3eDAC023
0x037bcbed5b412c8613064297896a67840c0bd9cf,,,,,,,135927922114636,0xFA6700Fcf753e92A4837bb0f205586Cd3eDAC023
0x039abddbaf885513e4c034059986e0fe0473e33a,,,,,,,52656590595653430000,0xFA6700Fcf753e92A4837bb0f205586Cd3eDAC023
0x039c6ff5972943554ecd20b30ce3c0c6daf67732,,,,,,,17657657688700,0xFA6700Fcf753e92A4837bb0f205586Cd3eDAC023
0x03d825a2ad0534e39ec7e72e659ad520e9130d98,,,,,,,105313181206419310000,0xFA6700Fcf753e92A4837bb0f205586Cd3eDAC023
0x03fafe1022ee34a2d2f72884244cd093075c4945,,,,,,,122755637344313,0xFA6700Fcf753e92A4837bb0f205586Cd3eDAC023
0x04206cb7239af7c11f40133ae3d97d2a4eeeb5ed,,,,,,,13092042708363,0xFA6700Fcf753e92A4837bb0f205586Cd3eDAC023
0x042440ea217f3b262f4dd6a6dc1b77562f98a351,,,,,,,121130575350948,0xFA6700Fcf753e92A4837bb0f205586Cd3eDAC023
0x0438cdd88aec2e43899ec7301b0b14b7f4959ba4,,,,,,,38228874754168,0xFA6700Fcf753e92A4837bb0f205586Cd3eDAC023
0x0478faa792e45d7a3a273c081e25e550f0e12c51,,,,,,,121383691707801,0xFA6700Fcf753e92A4837bb0f205586Cd3eDAC023
0x048a1648f5b4610a5faa9dc429c03116a49b12d9,,,,,,,157950476930101,0xFA6700Fcf753e92A4837bb0f205586Cd3eDAC023
0x0507ddae04044158a03315b4791e1bb189c43e1e,,,,,,,132492443746120,0xFA6700Fcf753e92A4837bb0f205586Cd3eDAC023
0x0508fbe4d6b92f3b647f54229668d76bf715fb63,,,,,,,123816633270271,0xFA6700Fcf753e92A4837bb0f205586Cd3eDAC023
0x05b1abeae68d396756037f80316b1a492bd4188e,,,,,,,102297390723681,0xFA6700Fcf753e92A4837bb0f205586Cd3eDAC023
0x05ca82f89f662962018130cd0707d12c73ab62d4,,,,,,,52656590595653430000,0xFA6700Fcf753e92A4837bb0f205586Cd3eDAC023
0x05e22156054b86b257622edea814d48d2626ce26,,,,,,,14096881483509,0xFA6700Fcf753e92A4837bb0f205586Cd3eDAC023
0x063882309dff155ad967bcf08db42e0ee799b602,,,,,,,52656590595653430000,0xFA6700Fcf753e92A4837bb0f205586Cd3eDAC023
0x0661dfd72c155f27f047a7ce190c48dd7bd1835d,,,,,,,1318200058864785,0xFA6700Fcf753e92A4837bb0f205586Cd3eDAC023
0x0665d7782d9d5a123ac67ed1a629307bcd43236e,,,,,,,451642644710303,0xFA6700Fcf753e92A4837bb0f205586Cd3eDAC023
0x067adbab7b27f9a1556436d38de21a3318121049,,,,,,,52656590595653430000,0xFA6700Fcf753e92A4837bb0f205586Cd3eDAC023
0x06a2b9f378a0a25b70027d2f730278154406582e,,,,,,,105313181206419310000,0xFA6700Fcf753e92A4837bb0f205586Cd3eDAC023
0x0750cc7e3d7883c5c21f907da3ce2a94bb3ea880,,,,,,,425767053327408,0xFA6700Fcf753e92A4837bb0f205586Cd3eDAC023
0x078b0b48afca88a54aff387da0b4647f0207f93b,,,,,,,52656590595653430000,0xFA6700Fcf753e92A4837bb0f205586Cd3eDAC023
0x0794a9016338fc37fdd4065513a904f53ed1a288,,,,,,,276098656595965,0xFA6700Fcf753e92A4837bb0f205586Cd3eDAC023
0x079ac41c57508cd7f29c2cbba191fb851da304e8,,,,,,,589102776453374,0xFA6700Fcf753e92A4837bb0f205586Cd3eDAC023
0x07a81a8dd5b07245d60b4e45ded429e833d5a9dd,,,,,,,119781111124983,0xFA6700Fcf753e92A4837bb0f205586Cd3eDAC023
0x07c7a5905f877d42395b730a815d4a90c9335241,370747.27999999997,1.0,1.0,2026-06-08 00:00:00,2026-06-08 00:00:00,0.5,,
0x07e3d4a95f31dc04e2d310998402c32282752a60,,,,,,,275933952296619,0xFA6700Fcf753e92A4837bb0f205586Cd3eDAC023
0x082784c86d4d6e9ca0e19e93da1f78b116bd8307,,,,,,,70678797336882,0xFA6700Fcf753e92A4837bb0f205586Cd3eDAC023
0x082a7114ceaf2f1853a6065efed4599e2ffd448b,,,,,,,52656590595653430000,0xFA6700Fcf753e92A4837bb0f205586Cd3eDAC023
0x082ca0930073e2ef45cf1840632d527a27e5499f,,,,,,,129298260018419,0xFA6700Fcf753e92A4837bb0f205586Cd3eDAC023
0x087c4e8d89c9697bcc8a7b5a2e23f34477b9e7f2,,,,,,,52656590595653430000,0xFA6700Fcf753e92A4837bb0f205586Cd3eDAC023
0x0927830a0cb5d4541cda20d16a97f25af73b971a,,,,,,,130066833368956,0xFA6700Fcf753e92A4837bb0f205586Cd3eDAC023
0x093b8785454b438a9bd4936d22039d8b7d3ff367,,,,,,,199221790346074,0xFA6700Fcf753e92A4837bb0f205586Cd3eDAC023
0x09cf30aaedeb144c6caf6f135d4582945b4191b7,,,,,,,20178094328288,0xFA6700Fcf753e92A4837bb0f205586Cd3eDAC023
0x09e5c7ef85bdb38ca1538dffa462bd1fe7d114a5,,,,,,,20610059123469,0xFA6700Fcf753e92A4837bb0f205586Cd3eDAC023
0x09f3c18f669d7384b8cabb3cfe1f289eabfa166f,,,,,,,145499238060324,0xFA6700Fcf753e92A4837bb0f205586Cd3eDAC023
0x0a6bf6dd4d2a2bbccab4b006e4d2efa82b329856,,,,,,,122175483212403,0xFA6700Fcf753e92A4837bb0f205586Cd3eDAC023
0x0a709a544ec4d0822c9e583fa31bdae88b1b175f,,,,,,,152268242900663,0xFA6700Fcf753e92A4837bb0f205586Cd3eDAC023
0x0aa3d68311c993b494877f19055b7c62b63e32dd,,,,,,,449637343473220,0xFA6700Fcf753e92A4837bb0f205586Cd3eDAC023
0x0b1f9aaa9cc2c36e9eead3228c3a985748242185,,,,,,,52656590595653430000,0xFA6700Fcf753e92A4837bb0f205586Cd3eDAC023
0x0b2fc4fa7a66aa0e8bcbb398338440a9d1f8e504,,,,,,,2520080013602,0xFA6700Fcf753e92A4837bb0f205586Cd3eDAC023
0x0b33986b567eb0a30f98dd168e4557cf6ee91cd6,,,,,,,30946016218233,0xFA6700Fcf753e92A4837bb0f205586Cd3eDAC023
0x0b4d26b31d636b8fd2809e1c0803e0750c83274d,,,,,,,52656590595653430000,0xFA6700Fcf753e92A4837bb0f205586Cd3eDAC023
0x0bc3f01c8f82d728e74862b220ea868dc8dd68fa,,,,,,,181608222645985,0xFA6700Fcf753e92A4837bb0f205586Cd3eDAC023
0x0bc7fcf4bf885259dc09b20418b2353e15ff9646,,,,,,,121479579140110,0xFA6700Fcf753e92A4837bb0f205586Cd3eDAC023
0x0bef930f5a00d075915eb6d3b13d73fde553edf6,,,,,,,51249590645199,0xFA6700Fcf753e92A4837bb0f205586Cd3eDAC023
0x0bf845c266decde18ca78b28d3ab5b45124612fe,,,,,,,158413671104440,0xFA6700Fcf753e92A4837bb0f205586Cd3eDAC023
0x0c54e86d86b37f23c7ba03f69e0be49e017f93de,,,,,,,33881508825436176,0xFA6700Fcf753e92A4837bb0f205586Cd3eDAC023
0x0c63cc66a0bcd6161742dbe67c6422e49d6bd3b6,,,,,,,139322304249199,0xFA6700Fcf753e92A4837bb0f205586Cd3eDAC023
0x0c83eae1fe72c390a02e426572854931eeff93ba,1376418.710727,1.0,1.0,2026-06-08 00:00:00,2026-06-08 00:00:00,0.625,318254987477627900000,0xFA6700Fcf753e92A4837bb0f205586Cd3eDAC023
0x0c8f3e3912f35a59ffddc9ff1abb8fafc89b29de,,,,,,,52656590595653430000,0xFA6700Fcf753e92A4837bb0f205586Cd3eDAC023
0x0d8f5cc1b483e47450628bf54ca52db381b3e821,,,,,,,375822257731420,0xFA6700Fcf753e92A4837bb0f205586Cd3eDAC023
0x0e05f6de602cf2b54d5fa41c970aed1464fafb83,,,,,,,777781671856486,0xFA6700Fcf753e92A4837bb0f205586Cd3eDAC023
0x0e1afb5289eafc34b39f4b3cf9465539bf3405e0,,,,,,,112009621322012,0xFA6700Fcf753e92A4837bb0f205586Cd3eDAC023
0x0ebb319b2af7eef80deba5233036247f7b08a902,,,,,,,2518015795160,0xFA6700Fcf753e92A4837bb0f205586Cd3eDAC023
0x0ed088d2d05f154d9cd1a32c01eb0377608573ce,,,,,,,29531630266751,0xFA6700Fcf753e92A4837bb0f205586Cd3eDAC023
0x0f19b74767a3e873923d66cae131b6dc4af3ae8a,,,,,,,686270285236081,0xFA6700Fcf753e92A4837bb0f205586Cd3eDAC023
0x0f1c130c52047c30a84d548ddeed9ddb2de983db,,,,,,,105313181206419310000,0xFA6700Fcf753e92A4837bb0f205586Cd3eDAC023
0x0f80aaf06db429ce17c2621216a79371f13c8bfc,,,,,,,130434360242982,0xFA6700Fcf753e92A4837bb0f205586Cd3eDAC023
0x0f86b8e80b2348be4726a7df2f218fd68fb69561,,,,,,,108143299272146,0xFA6700Fcf753e92A4837bb0f205586Cd3eDAC023
0x1001576ea66f1da4e320594f53cb37a4307f4ef7,,,,,,,103639681319716,0xFA6700Fcf753e92A4837bb0f205586Cd3eDAC023
0x1022768cbba610349e6b8f3205d9024229c30cff,,,,,,,40587995750076,0xFA6700Fcf753e92A4837bb0f205586Cd3eDAC023
0x106a8946a2930c52c39436ca93190d01ca2a55f4,,,,,,,123862834055392,0xFA6700Fcf753e92A4837bb0f205586Cd3eDAC023
0x10a25e930d99c389e41ca774c64ed81fd51d59e0,,,,,,,303977302735498,0xFA6700Fcf753e92A4837bb0f205586Cd3eDAC023
0x10ee0af996da1e206d96402b4f16fa00818083e0,,,,,,,157969771802072740000,0xFA6700Fcf753e92A4837bb0f205586Cd3eDAC023
0x1115f1d81a4027f5655b0955deb55c8a1c7ba6bf,,,,,,,52656590595653430000,0xFA6700Fcf753e92A4837bb0f205586Cd3eDAC023
0x116858361f3de1851c0e02725a4d8f95a60a7b30,,,,,,,5074614949886124,0xFA6700Fcf753e92A4837bb0f205586Cd3eDAC023
0x117bbed3a5d3dff1bd8e83693208ceaf70e0bed3,,,,,,,52656590595653430000,0xFA6700Fcf753e92A4837bb0f205586Cd3eDAC023
0x119eb58c8d264c966c56b45434ef0a4f435e6e4c,,,,,,,25071353611,0xFA6700Fcf753e92A4837bb0f205586Cd3eDAC023
0x125befb4e1824499e61edb879f48167d1214c260,,,,,,,132417114657711,0xFA6700Fcf753e92A4837bb0f205586Cd3eDAC023
0x12841562c7ec52a0c9d804d2e5107a153ced647f,,,,,,,52656590595653430000,0xFA6700Fcf753e92A4837bb0f205586Cd3eDAC023
0x12afc6451f21feddeb1f732d6baa02684c258d9c,,,,,,,52656590595653430000,0xFA6700Fcf753e92A4837bb0f205586Cd3eDAC023
0x12cdc3af4c315c2f818e56acbe5c7ad3d68d84f8,,,,,,,363150571956285,0xFA6700Fcf753e92A4837bb0f205586Cd3eDAC023
0x12d10acba203fc7f2e9ae61c15b82c53a975439a,,,,,,,29214859715357,0xFA6700Fcf753e92A4837bb0f205586Cd3eDAC023
0x1311044a2c42c01590a710d2e93f8650aea48e59,,,,,,,149368950183447,0xFA6700Fcf753e92A4837bb0f205586Cd3eDAC023
0x13270b8f71598a5cb230b011544a97e5923e3972,,,,,,,52656590595653430000,0xFA6700Fcf753e92A4837bb0f205586Cd3eDAC023
0x134269de23c0ab7ca2bb1a0581b480a9c2fa3323,,,,,,,142335847903080,0xFA6700Fcf753e92A4837bb0f205586Cd3eDAC023
0x13437dad921a47557b332274dab1ec78f8586818,,,,,,,12067918385639,0xFA6700Fcf753e92A4837bb0f205586Cd3eDAC023
0x138bc2aad9227219feff922be66339068fc0cac3,,,,,,,451265938919285,0xFA6700Fcf753e92A4837bb0f205586Cd3eDAC023
0x13aee570d173b20b4c96e2b80e32deb27bdef3cd,,,,,,,330595883554063,0xFA6700Fcf753e92A4837bb0f205586Cd3eDAC023
0x13e1d24d9bb53da48d9b212d1518faff9f12a0c9,,,,,,,113521055917275,0xFA6700Fcf753e92A4837bb0f205586Cd3eDAC023
0x13e7d3a08ea63f226d8853a3fe16646d0b9a09ba,,,,,,,31209290846573,0xFA6700Fcf753e92A4837bb0f205586Cd3eDAC023
0x14199f8a5ffc0f34c37b5a3462a44ca944f0fa10,,,,,,,322734000910637,0xFA6700Fcf753e92A4837bb0f205586Cd3eDAC023
0x147bda61f75172f4c810cbb2a430a74c44d00f70,,,,,,,128680371778974,0xFA6700Fcf753e92A4837bb0f205586Cd3eDAC023
0x148882a1ef387d87b8af2ee783a3869d9a56287d,,,,,,,128839424336116,0xFA6700Fcf753e92A4837bb0f205586Cd3eDAC023
0x14b322a59ce3c3ad8343b035a3bfae09f73e8f3b,,,,,,,52656590595653430000,0xFA6700Fcf753e92A4837bb0f205586Cd3eDAC023
0x14c5d9756a2443aed4c5dbe05ce39e1f1a27818a,,,,,,,52656590595653430000,0xFA6700Fcf753e92A4837bb0f205586Cd3eDAC023
0x14e378dfbd9cc1fa83633d49e1ee4d12614714e8,,,,,,,224392033852240,0xFA6700Fcf753e92A4837bb0f205586Cd3eDAC023
0x15663e1b016715cf8e365c47b58183b67ff127ed,1.00082321575,1.0,1.0,2026-06-08 00:00:00,2026-06-08 00:00:00,0.0,231409946343726,0xFA6700Fcf753e92A4837bb0f205586Cd3eDAC023
0x15a8ae3d2233c7268eaf688e9adca1e9d74faf41,,,,,,,198775944071707,0xFA6700Fcf753e92A4837bb0f205586Cd3eDAC023
0x15ae7f370226700b8301da7ae01dbe7469d7c5a2,,,,,,,143110934285041,0xFA6700Fcf753e92A4837bb0f205586Cd3eDAC023
0x1600f3810907c3e463cadb82ed8a6279fd9a1b0c,,,,,,,151234683076550,0xFA6700Fcf753e92A4837bb0f205586Cd3eDAC023
0x16028f81145cd5174e2a4389f203921d9048c6d7,,,,,,,52656590595653430000,0xFA6700Fcf753e92A4837bb0f205586Cd3eDAC023
0x1619fea9581f747afa42aaadfab55226482bad7a,,,,,,,52656590595653430000,0xFA6700Fcf753e92A4837bb0f205586Cd3eDAC023
0x16909b6fc85c5fd4275d4a34a30b4ce9a79b6b56,,,,,,,275960192354697,0xFA6700Fcf753e92A4837bb0f205586Cd3eDAC023
0x16b3fbd04c42c47ceebf1202e31731f137affa36,,,,,,,389220641554331,0xFA6700Fcf753e92A4837bb0f205586Cd3eDAC023
0x16d718bda864f0f48b67943859a7f26dfd7fbebb,,,,,,,312142759958777,0xFA6700Fcf753e92A4837bb0f205586Cd3eDAC023
0x17552381560d231eb371cbc3766595e5f4d21292,,,,,,,168943194496798,0xFA6700Fcf753e92A4837bb0f205586Cd3eDAC023
0x1788875a43a8327959be225502354b449b425980,,,,,,,12848244597678,0xFA6700Fcf753e92A4837bb0f205586Cd3eDAC023
0x17932df691a7d2cfd7c9befd4cc9d2519cae8d4c,,,,,,,339859663151489,0xFA6700Fcf753e92A4837bb0f205586Cd3eDAC023
0x1793e42a910d91b8625bd138a6cfc4d918a2820c,,,,,,,3364152563750,0xFA6700Fcf753e92A4837bb0f205586Cd3eDAC023
0x17e4a4f30d24956cdb1319854d851707794065d2,,,,,,,261682072572971,0xFA6700Fcf753e92A4837bb0f205586Cd3eDAC023
0x17ec551be0f5422eb3d63b075f8b8619593b68b5,,,,,,,52656590595653430000,0xFA6700Fcf753e92A4837bb0f205586Cd3eDAC023
0x181fd03634a36cfccfea6b8c75e255672715de60,,,,,,,129912436593427,0xFA6700Fcf753e92A4837bb0f205586Cd3eDAC023
0x1828272f03a821bd28195ab97dd9c9cb4780e0f7,,,,,,,287099471050894,0xFA6700Fcf753e92A4837bb0f205586Cd3eDAC023
0x18313412fdde30f42c385133907a9c22fdd7fbf8,,,,,,,52656590595653430000,0xFA6700Fcf753e92A4837bb0f205586Cd3eDAC023
0x186d825535a99c1ea2bf7d220ec6f60ba716da08,,,,,,,136710561636521,0xFA6700Fcf753e92A4837bb0f205586Cd3eDAC023
0x18df113bec684c81b75144f647a63fe7a754c4f2,,,,,,,145704609467862,0xFA6700Fcf753e92A4837bb0f205586Cd3eDAC023
0x193dc94e360f2f20a0ddbdd1853b641335e9f7da,,,,,,,403870830786741,0xFA6700Fcf753e92A4837bb0f205586Cd3eDAC023
0x19460b640ea9d3cc0e545d6a86e3fd9ee08872c3,,,,,,,52656590595653430000,0xFA6700Fcf753e92A4837bb0f205586Cd3eDAC023
0x19702324510616997d7bece2a557b6975b17ca14,,,,,,,104772620918631,0xFA6700Fcf753e92A4837bb0f205586Cd3eDAC023
0x19b2ad9e6ff56e5e4b6bcafe683deb5dd4b8a94e,,,,,,,348210676054812,0xFA6700Fcf753e92A4837bb0f205586Cd3eDAC023
0x1a42c1c952913cde8c3725f8279b3f60453deefb,,,,,,,130325779274722,0xFA6700Fcf753e92A4837bb0f205586Cd3eDAC023
0x1b4b3008727bbdb65da8d904f8b1e5a044694411,,,,,,,109032728126801,0xFA6700Fcf753e92A4837bb0f205586Cd3eDAC023
0x1b7b420b9d9d4f099233bc4e37a998e9263cfa17,,,,,,,130822552185438,0xFA6700Fcf753e92A4837bb0f205586Cd3eDAC023
0x1bf7133fc3758c223f5188b87dbbfde913394360,,,,,,,29802850708375,0xFA6700Fcf753e92A4837bb0f205586Cd3eDAC023
0x1cf4c7ddaa5d28c22667d6b50402bb1a9ecfafb4,,,,,,,116793311371505,0xFA6700Fcf753e92A4837bb0f205586Cd3eDAC023
0x1d1a7b1ca3c1b326d742bad93dce27fba380a0ac,,,,,,,45401516824135,0xFA6700Fcf753e92A4837bb0f205586Cd3eDAC023
0x1d2ce05cd6335691597925cf6d1ee1883ba210a2,,,,,,,52656590595653430000,0xFA6700Fcf753e92A4837bb0f205586Cd3eDAC023
0x1d3f4401350e1397f30835ba699a516f9316d815,,,,,,,7337664315251,0xFA6700Fcf753e92A4837bb0f205586Cd3eDAC023
0x1d4685273dd7788dd3afcdc4bb7e7f080ccb8bee,,,,,,,229102941823562,0xFA6700Fcf753e92A4837bb0f205586Cd3eDAC023
0x1d5296d41266ac89f9f7710feef373bff21db5a8,,,,,,,85102638830327,0xFA6700Fcf753e92A4837bb0f205586Cd3eDAC023
0x1d82f946acc900fc81c3ae677bb7cfef0eb1d98a,,,,,,,41516325796626,0xFA6700Fcf753e92A4837bb0f205586Cd3eDAC023
0x1e41887ddbd9887ded33443cbe8d48b8c3e014c5,,,,,,,152893388610560,0xFA6700Fcf753e92A4837bb0f205586Cd3eDAC023
0x1e6717e6cb9d6d5d39e3285495bfc735b087436e,,,,,,,135135389006194,0xFA6700Fcf753e92A4837bb0f205586Cd3eDAC023
0x1e79ac92f72bb10062fc785703cc3d96f05f7c20,,,,,,,381838860316194,0xFA6700Fcf753e92A4837bb0f205586Cd3eDAC023
0x1e8eafa8de42f627cb138e1fd649d4bb0d6f7d03,,,,,,,120373765797634,0xFA6700Fcf753e92A4837bb0f205586Cd3eDAC023
0x1ec3cbe8fb1d8019092500cca2111c158a35bc82,,,,,,,157969771802072740000,0xFA6700Fcf753e92A4837bb0f205586Cd3eDAC023
0x1f0ed6499447ae8340cdedbb987ad768a4497891,,,,,,,117435273586377,0xFA6700Fcf753e92A4837bb0f205586Cd3eDAC023
0x1f4fb6e375f6a58bf2e87152fc4a3b478bed3208,,,,,,,1667535246769053180,0xFA6700Fcf753e92A4837bb0f205586Cd3eDAC023
0x2012e29dffd2f8a90d3ead08d37afdfb33d7c401,,,,,,,131837644818366,0xFA6700Fcf753e92A4837bb0f205586Cd3eDAC023
0x201c0ac3f6899705a9068c3215baf7d294a85de4,,,,,,,52656590595653430000,0xFA6700Fcf753e92A4837bb0f205586Cd3eDAC023
0x208a9bb512029239acb4cc7834824c8badbad316,,,,,,,106295172281006,0xFA6700Fcf753e92A4837bb0f205586Cd3eDAC023
0x20a6f5f32f20b5e03a1bee5f7ca4866d68cede6c,,,,,,,131033649657574,0xFA6700Fcf753e92A4837bb0f205586Cd3eDAC023
0x20d389af10c039836387943dde11abd7ccd30817,,,,,,,3296945880254,0xFA6700Fcf753e92A4837bb0f205586Cd3eDAC023
0x211d158941829c694060b6016d69c4568cd4a771,,,,,,,48766191669781,0xFA6700Fcf753e92A4837bb0f205586Cd3eDAC023
0x2182e01627dc99e5acb0ea04206e9990c69cebb8,,,,,,,52656590595653430000,0xFA6700Fcf753e92A4837bb0f205586Cd3eDAC023
0x21bfc392d17780da8e6e27bb91dc1d28925d75e2,,,,,,,770889605354823420,0xFA6700Fcf753e92A4837bb0f205586Cd3eDAC023
0x21de35acd9b19c6f9cc6a98fc7151a54e4a30421,,,,,,,411509617852878,0xFA6700Fcf753e92A4837bb0f205586Cd3eDAC023
0x226e85800d93eafd967e5e0c0937f2c4b4e0f645,,,,,,,388849168302910,0xFA6700Fcf753e92A4837bb0f205586Cd3eDAC023
0x22b60248c77fb0cdf3f442b328dd5dedf3cbc70c,,,,,,,778481374066411,0xFA6700Fcf753e92A4837bb0f205586Cd3eDAC023
0x22c2d08063a9e31de3b8b47d33b7ca90400f6de9,,,,,,,143395125300862,0xFA6700Fcf753e92A4837bb0f205586Cd3eDAC023
0x22f40f31b3d8c007aac17b8c1f7bc44de6402cbe,,,,,,,508669866734973,0xFA6700Fcf753e92A4837bb0f205586Cd3eDAC023
0x22ff9a5afa2b3e294154c561342c04f6293ccc99,,,,,,,47599350325716,0xFA6700Fcf753e92A4837bb0f205586Cd3eDAC023
0x23461e24f1d7601a674ab672adee0b4459302214,,,,,,,52656590595653430000,0xFA6700Fcf753e92A4837bb0f205586Cd3eDAC023
0x2364963e6b99281def39aeda6a8acee790d93af4,37138401.679320015,1.0,1.0,2026-06-08 00:00:00,2026-06-08 00:00:00,0.875,8587126482135851000000,0xFA6700Fcf753e92A4837bb0f205586Cd3eDAC023
0x2414b45d2ad6d36cc43c2f6f0db9e13b933cf8d3,,,,,,,125138043728714,0xFA6700Fcf753e92A4837bb0f205586Cd3eDAC023
0x242c49ed7d519b4cabb734be68cb297cd62af109,,,,,,,52656590595653430000,0xFA6700Fcf753e92A4837bb0f205586Cd3eDAC023
0x2462c818b7f8a075babc1d1188cb127c8121b2d3,,,,,,,52656590595653430000,0xFA6700Fcf753e92A4837bb0f205586Cd3eDAC023
0x24e045efaaaa10f72fa6104792ba8b5c2a9209ff,,,,,,,7801148893715,0xFA6700Fcf753e92A4837bb0f205586Cd3eDAC023
0x250376c283a38355687315fdc567113009016f22,,,,,,,378546195770394,0xFA6700Fcf753e92A4837bb0f205586Cd3eDAC023
0x25109b421f7df83dcf025025c56358263189d347,,,,,,,52656590595653430000,0xFA6700Fcf753e92A4837bb0f205586Cd3eDAC023
0x255c4e62086103d09b4e8661b8f8197e9b6b07b0,,,,,,,123344004607110,0xFA6700Fcf753e92A4837bb0f205586Cd3eDAC023
0x25716f07abe9d539de0517103a584840cda112b4,,,,,,,15318156792404,0xFA6700Fcf753e92A4837bb0f205586Cd3eDAC023
0x258cb32b1875168858e57bb31482054e008d344e,,,,,,,52656590595653430000,0xFA6700Fcf753e92A4837bb0f205586Cd3eDAC023
0x26c8f09d794fb1b0333a5ef3123d523957bab6c8,,,,,,,52656590595653430000,0xFA6700Fcf753e92A4837bb0f205586Cd3eDAC023
0x2761c535003dcd51443666df97b3dba06781c878,,,,,,,778461356230607,0xFA6700Fcf753e92A4837bb0f205586Cd3eDAC023
0x276c8e5361932d400bbd0efa92b08ecabaab4cd7,,,,,,,55654983351360,0xFA6700Fcf753e92A4837bb0f205586Cd3eDAC023
0x27bcb3955ce6a0097d93e76d92599854198a269f,,,,,,,147108632811899,0xFA6700Fcf753e92A4837bb0f205586Cd3eDAC023
0x28672e1e88061594b76b9d4105669748f9cb0254,,,,,,,31053452986140,0xFA6700Fcf753e92A4837bb0f205586Cd3eDAC023
0x289d1d837fd13a69d40e1f343c30a7f0aa96213a,,,,,,,175508998265030,0xFA6700Fcf753e92A4837bb0f205586Cd3eDAC023
0x28af2578c2e645a8fb857982e49760f52f2c8333,,,,,,,128393536344002,0xFA6700Fcf753e92A4837bb0f205586Cd3eDAC023
0x28c5c8e7877c51922e95fa6f20bf97f243b68405,,,,,,,168580255562417,0xFA6700Fcf753e92A4837bb0f205586Cd3eDAC023
0x28ff200afe1404f8c31fa655441e8c278a4b6f90,,,,,,,124771242054946,0xFA6700Fcf753e92A4837bb0f205586Cd3eDAC023
0x292cd9d3664d21ab100b00fbc13a52e3e33a2a61,,,,,,,232314119052895,0xFA6700Fcf753e92A4837bb0f205586Cd3eDAC023
0x29d8049993582a8ef1619b44c3e855f23f1d1ada,,,,,,,52656590595653430000,0xFA6700Fcf753e92A4837bb0f205586Cd3eDAC023
0x29f72830c5a4da85fce943b8685a536a2af0c107,,,,,,,223307600045246,0xFA6700Fcf753e92A4837bb0f205586Cd3eDAC023
0x29fc5aacd613410b68c9c08d4e1656e3c890e482,,,,,,,2225216545,0xFA6700Fcf753e92A4837bb0f205586Cd3eDAC023
0x2a6f0adbe5910e0e23b5e541fe82fc66390c865c,,,,,,,92445961975749,0xFA6700Fcf753e92A4837bb0f205586Cd3eDAC023
0x2aaa357a6487fee83039bf6b38972aa02987e8f3,,,,,,,35960253323244,0xFA6700Fcf753e92A4837bb0f205586Cd3eDAC023
0x2b0acf7a618cfa4b6704a4d814c8925690cdc04b,,,,,,,52656590595653430000,0xFA6700Fcf753e92A4837bb0f205586Cd3eDAC023
0x2bbc6277f287b2aa2cac61d9d9f9b7eb6084e87b,,,,,,,26154444552184,0xFA6700Fcf753e92A4837bb0f205586Cd3eDAC023
0x2bff0d5bc65b920806a50c5e27b879b05a6538ae,,,,,,,81423249146170,0xFA6700Fcf753e92A4837bb0f205586Cd3eDAC023
0x2c7c7dc74fb496c8c6881ed146f4a571a783aef4,,,,,,,52656590595653430000,0xFA6700Fcf753e92A4837bb0f205586Cd3eDAC023
0x2c88db9e49f43a7525d693df6605b4fe07672f4a,,,,,,,52656590595653430000,0xFA6700Fcf753e92A4837bb0f205586Cd3eDAC023
0x2cd6ac0018b8412bed323c2895d8c09d77d3bd0e,,,,,,,17697072656931,0xFA6700Fcf753e92A4837bb0f205586Cd3eDAC023
0x2d343899f1f8aad551a545da4a4c5b4776e092e2,,,,,,,460799910393098,0xFA6700Fcf753e92A4837bb0f205586Cd3eDAC023
0x2d674857986b5c052ca1cb07b1d2ebf304e2ac5c,,,,,,,7703635961983764,0xFA6700Fcf753e92A4837bb0f205586Cd3eDAC023
0x2d7b4766abe9a28a43a1b322083fd692a63edc54,,,,,,,151978576531756,0xFA6700Fcf753e92A4837bb0f205586Cd3eDAC023
0x2d8bc975533bc41cc459ca6cbf48264f3eded5e0,,,,,,,226525598531302,0xFA6700Fcf753e92A4837bb0f205586Cd3eDAC023
0x2d9e4284144a08c66118321d9050df50946e418e,,,,,,,801115121827893,0xFA6700Fcf753e92A4837bb0f205586Cd3eDAC023
0x2dde4eefe48b040c2db25617f7da204c2fcac1d2,,,,,,,52656590595653430000,0xFA6700Fcf753e92A4837bb0f205586Cd3eDAC023
0x2df90b5aae9bf29bccc51b2c1d6a851ec46280cf,,,,,,,8016239523827,0xFA6700Fcf753e92A4837bb0f205586Cd3eDAC023
0x2dfc234c940bb25c44d3793935c21b332ef23aa4,,,,,,,437834778312810,0xFA6700Fcf753e92A4837bb0f205586Cd3eDAC023
0x2eec81f61dc62ec3b4bbe759616ce9b7f4438521,,,,,,,21751182893866,0xFA6700Fcf753e92A4837bb0f205586Cd3eDAC023
0x2f072eab560896528ba175b7358305e6e45def1a,,,,,,,400177052327490,0xFA6700Fcf753e92A4837bb0f205586Cd3eDAC023
0x2fc97e60d48c3e97fd21ad6103ed231c5189974b,,,,,,,128630225223999,0xFA6700Fcf753e92A4837bb0f205586Cd3eDAC023
0x30432355e26165929ebcc381f198ac7d9fe0b6d6,,,,,,,131654535701944,0xFA6700Fcf753e92A4837bb0f205586Cd3eDAC023
0x3081795c665076c289e028ac14233aa2ce1cdb70,,,,,,,661117361278019,0xFA6700Fcf753e92A4837bb0f205586Cd3eDAC023
0x3085dcaf2af3a86921bd2cfa08b7cf24d63424dd,,,,,,,119380838249420,0xFA6700Fcf753e92A4837bb0f205586Cd3eDAC023
0x3106c024b3e1d77ac8708befd003d230c9a51e31,,,,,,,52656590595653430000,0xFA6700Fcf753e92A4837bb0f205586Cd3eDAC023
0x314a5ad6c5f36eed1fe6cee59ce3ba9ad15833e3,,,,,,,610861143305349,0xFA6700Fcf753e92A4837bb0f205586Cd3eDAC023
0x317c422ebf202211ba95e25f8cfeb2e04ebb19ef,,,,,,,105313181206419310000,0xFA6700Fcf753e92A4837bb0f205586Cd3eDAC023
0x318d61847439855744987bec073dd98fe425ab91,,,,,,,52656590595653430000,0xFA6700Fcf753e92A4837bb0f205586Cd3eDAC023
0x318e706186a91ee084052789b5176ffb63135a21,,,,,,,264684931,0xFA6700Fcf753e92A4837bb0f205586Cd3eDAC023
0x31b33f4aba5db939932e5cfebb71077107d5db57,,,,,,,52656590595653430000,0xFA6700Fcf753e92A4837bb0f205586Cd3eDAC023
0x31b6c62795dec9940e4014577b9d75cb829723d9,,,,,,,593341679300099,0xFA6700Fcf753e92A4837bb0f205586Cd3eDAC023
0x31c79b1dff220eac323a92151b02626fa6187477,,,,,,,270514294832050,0xFA6700Fcf753e92A4837bb0f205586Cd3eDAC023
0x31fd90a94ec4ef0a4a88d7a46db4bde6979ee5f9,,,,,,,52337106502666,0xFA6700Fcf753e92A4837bb0f205586Cd3eDAC023
0x32044f642d465498907e52ca508b4e3baee7dc35,,,,,,,154752407579008,0xFA6700Fcf753e92A4837bb0f205586Cd3eDAC023
0x3241e987a5e336401cc4e08ead3959cfa16d8749,,,,,,,134622135762642,0xFA6700Fcf753e92A4837bb0f205586Cd3eDAC023
0x324e6555a14758bb968ec0b4066454cd030e609b,,,,,,,21649069391530,0xFA6700Fcf753e92A4837bb0f205586Cd3eDAC023
0x325764d741b33a66f86822229e5bdc0be29cfa7a,,,,,,,140946422530414,0xFA6700Fcf753e92A4837bb0f205586Cd3eDAC023
0x32e9dbe758a92ace68acf2dc59117ce827c32200,,,,,,,431932639911244,0xFA6700Fcf753e92A4837bb0f205586Cd3eDAC023
0x32fb8d16d0871450ffec17afb85b88c0c51055dc,,,,,,,110677713787268,0xFA6700Fcf753e92A4837bb0f205586Cd3eDAC023
0x334c13e486ac1e3d834b648d6647317b8eaa7fc7,,,,,,,158195263913411,0xFA6700Fcf753e92A4837bb0f205586Cd3eDAC023
0x33de883c41a2d608e88fa1abe3d4c45f15216f2b,,,,,,,472233084341702,0xFA6700Fcf753e92A4837bb0f205586Cd3eDAC023
0x33e8581f812585cd2f277b6e40c26f7d08a5f2a9,,,,,,,31680770449061,0xFA6700Fcf753e92A4837bb0f205586Cd3eDAC023
0x346d827a75f98f0a7a324ff80b7c3f90252e8bac,,,,,,,52656590595653430000,0xFA6700Fcf753e92A4837bb0f205586Cd3eDAC023
0x34746d9a2f883bf6f1184d98aea454c06e65e103,,,,,,,52656590595653430000,0xFA6700Fcf753e92A4837bb0f205586Cd3eDAC023
0x347d00dbb5f520f719af89d58a46f3655e48cd1b,,,,,,,120180992744779,0xFA6700Fcf753e92A4837bb0f205586Cd3eDAC023
0x3496cc53d6d8650ec936891038e656a85475126b,,,,,,,848567831841394,0xFA6700Fcf753e92A4837bb0f205586Cd3eDAC023
0x349f22494ad7a85bd312a8856395791003d0a483,,,,,,,52772294297603,0xFA6700Fcf753e92A4837bb0f205586Cd3eDAC023
0x34af4bdee0e501c822cff52780e2bc9857f41a3d,,,,,,,180837910515939,0xFA6700Fcf753e92A4837bb0f205586Cd3eDAC023
0x34c70805ca93a25ab71eb2d108c953b1cb44b5d6,,,,,,,128744515853277,0xFA6700Fcf753e92A4837bb0f205586Cd3eDAC023
0x3511234945e71c792b053a6f1fb5458fb28691e6,,,,,,,35208859381583,0xFA6700Fcf753e92A4837bb0f205586Cd3eDAC023
0x353ba7829f4002800112ba6214dabcd51e82e078,15661.724075,1.0,1.0,2026-06-08 00:00:00,2026-06-08 00:00:00,0.16666666666666666,3621297618610913300,0xFA6700Fcf753e92A4837bb0f205586Cd3eDAC023
0x35912c886c7b8d6e151d6db28f32595e89d75d72,,,,,,,53885947336373,0xFA6700Fcf753e92A4837bb0f205586Cd3eDAC023
0x35921fb43cb92f5bfef7cba1e97eb5a21fc2d353,,,,,,,105313181206419310000,0xFA6700Fcf753e92A4837bb0f205586Cd3eDAC023
0x36ba23241ff9ed173ac2c384d0e4760536d4b435,,,,,,,25169316805137,0xFA6700Fcf753e92A4837bb0f205586Cd3eDAC023
0x36c4feac438c17726f9c253f8ee618f5fec83182,,,,,,,436013620225247,0xFA6700Fcf753e92A4837bb0f205586Cd3eDAC023
0x374ef35eb9811890b2f38f1403a4399ae7ef176a,,,,,,,121423263623868,0xFA6700Fcf753e92A4837bb0f205586Cd3eDAC023
0x37ea78946273e1b8061bd0804aee30b6fbe6c349,,,,,,,153875891177222,0xFA6700Fcf753e92A4837bb0f205586Cd3eDAC023
0x37f5c6840719b7d41f0705626caf6f1b58306dc0,,,,,,,126782813712477,0xFA6700Fcf753e92A4837bb0f205586Cd3eDAC023
0x37fe376f51585e5074e1373659453ffd56c5b9f7,,,,,,,52656590595653430000,0xFA6700Fcf753e92A4837bb0f205586Cd3eDAC023
0x37ff1e6ad66c50ce38c7fbf8304fa0f3aa416f84,,,,,,,124260502406930,0xFA6700Fcf753e92A4837bb0f205586Cd3eDAC023
0x388c818ca8b9251b393131c08a736a67ccb19297,806747172.5319378,46.0,46.0,2026-06-08 00:00:00,2026-06-08 00:00:00,1.0,,
0x388e3c2774aa8c5d73bc5555aa6417e536ff40a1,,,,,,,150513326723059,0xFA6700Fcf753e92A4837bb0f205586Cd3eDAC023
0x393b5f397d53f44333b4c7d2af3b6388194767b4,,,,,,,428987035229085,0xFA6700Fcf753e92A4837bb0f205586Cd3eDAC023
0x396f95d20defc8be60401690ba6c822e6d2b38e3,,,,,,,292683191657585,0xFA6700Fcf753e92A4837bb0f205586Cd3eDAC023
0x3981cb6c511aa79d18b92c2fde4550cc188fbd2f,,,,,,,14851312720196,0xFA6700Fcf753e92A4837bb0f205586Cd3eDAC023
0x39e8a0a743f431a3d72ecea9261bfa090cfd1433,,,,,,,137378857065606,0xFA6700Fcf753e92A4837bb0f205586Cd3eDAC023
0x3a72acfc5b9d4b078f870a02c2417488df60d9b0,,,,,,,8041846727727,0xFA6700Fcf753e92A4837bb0f205586Cd3eDAC023
0x3ada85d4f516b241a9e80e50fd3599a08dac54db,15661.724075,1.0,1.0,2026-06-08 00:00:00,2026-06-08 00:00:00,0.16666666666666666,3621297618610913300,0xFA6700Fcf753e92A4837bb0f205586Cd3eDAC023
0x3b0301595d4a38c2b9c318bc019ac74b6de015db,,,,,,,219845476997005,0xFA6700Fcf753e92A4837bb0f205586Cd3eDAC023
0x3b05adac024d16fe44adc59d7afd1aae5f31bed4,,,,,,,209871771506357,0xFA6700Fcf753e92A4837bb0f205586Cd3eDAC023
0x3b9988e318874e5a2fbf32e3521951756d4f43af,,,,,,,52656590595653430000,0xFA6700Fcf753e92A4837bb0f205586Cd3eDAC023
0x3c2a60ba857e045036e39b0930fd048cde758148,,,,,,,455748697795510,0xFA6700Fcf753e92A4837bb0f205586Cd3eDAC023
0x3c7066e72008318a6473f4dbd6103bde88c9e577,,,,,,,28722344249204188,0xFA6700Fcf753e92A4837bb0f205586Cd3eDAC023
0x3c8093c70f58586962dd6b3ab2f1f2dae2dad707,,,,,,,23854002762417492,0xFA6700Fcf753e92A4837bb0f205586Cd3eDAC023
0x3c8d07109a9c8c9009488bbc4942aa008d686932,,,,,,,164666837618482,0xFA6700Fcf753e92A4837bb0f205586Cd3eDAC023
0x3cc04875e98edf01065a4b27e00bcfeddb76cba8,,,,,,,52656590595653430000,0xFA6700Fcf753e92A4837bb0f205586Cd3eDAC023
0x3d066686d6450aad57e3636dcc9186729a51c308,,,,,,,401484319051976,0xFA6700Fcf753e92A4837bb0f205586Cd3eDAC023
0x3d2f68f4e2112fe3f2bfd08ae8cbcdb3a802812a,,,,,,,60059801932212,0xFA6700Fcf753e92A4837bb0f205586Cd3eDAC023
0x3d30be069dca6f4a76aed68482daee0727cc2407,,,,,,,445919715423318,0xFA6700Fcf753e92A4837bb0f205586Cd3eDAC023
0x3db95fb6ce4fe7700fad8d59ce7bd1cddb4f5dd2,,,,,,,29999812344575,0xFA6700Fcf753e92A4837bb0f205586Cd3eDAC023
0x3e87de120ef5d9d3fcda1cda0c49bdd51a57812a,,,,,,,11669015917826,0xFA6700Fcf753e92A4837bb0f205586Cd3eDAC023
0x3eab5a7648db96a28e9d8ddf5356b1e600fb731d,,,,,,,52656590595653430000,0xFA6700Fcf753e92A4837bb0f205586Cd3eDAC023
0x3f007863257846a76071cbc65586e4527051e8c1,,,,,,,52656590595653430000,0xFA6700Fcf753e92A4837bb0f205586Cd3eDAC023
0x3fb80901e16924da6e3be1ae39d181a52ec9af90,,,,,,,341416910313807,0xFA6700Fcf753e92A4837bb0f205586Cd3eDAC023
0x3fbf669c9a72f06c125032c6dd7aa1d1d51c5eb8,,,,,,,105313181206419310000,0xFA6700Fcf753e92A4837bb0f205586Cd3eDAC023
0x405202c2686dae017b2c3dc917512fde0e06833b,,,,,,,25124857432199,0xFA6700Fcf753e92A4837bb0f205586Cd3eDAC023
0x405478248bfb0b5a74b68ddd241e13fa22c7424b,,,,,,,432014315362602,0xFA6700Fcf753e92A4837bb0f205586Cd3eDAC023
0x409bdde1bbc00bb071fe0225383ab4e85cc7e8db,,,,,,,126859620743218,0xFA6700Fcf753e92A4837bb0f205586Cd3eDAC023
0x413533fcb1051524239db3a120ba424d62270e9a,,,,,,,668857447337851,0xFA6700Fcf753e92A4837bb0f205586Cd3eDAC023
0x4151e640507727da497eb3997b020d3f9fe6b6ea,,,,,,,1454603347217869,0xFA6700Fcf753e92A4837bb0f205586Cd3eDAC023
0x41727144b46c556e8bf2c009ebe0111bb23b6874,,,,,,,198755422585234,0xFA6700Fcf753e92A4837bb0f205586Cd3eDAC023
0x41736fe61ccdf0ff31310b736d80284d80bda768,,,,,,,21152628694006096000,0xFA6700Fcf753e92A4837bb0f205586Cd3eDAC023
0x41adbe54901c420e9af3988ecc5f2bc85da5f9be,,,,,,,154447700747088,0xFA6700Fcf753e92A4837bb0f205586Cd3eDAC023
0x41d45c3336c6d3f10118b5ea4a2833f99577352a,,,,,,,105133602966639,0xFA6700Fcf753e92A4837bb0f205586Cd3eDAC023
0x4207a529ffc1076e4f59ab8674d86b71b7a7f69b,,,,,,,153666133330808,0xFA6700Fcf753e92A4837bb0f205586Cd3eDAC023
0x4299caecefa01fc58b229572d4a527b2285139bf,,,,,,,111529577835537,0xFA6700Fcf753e92A4837bb0f205586Cd3eDAC023
0x42ef2b43aeb6e371a24866514a461b12419d9517,,,,,,,414322688896838,0xFA6700Fcf753e92A4837bb0f205586Cd3eDAC023
0x431cc95f92a7cec50011bb22ad45a62739b3a894,,,,,,,1746383480671,0xFA6700Fcf753e92A4837bb0f205586Cd3eDAC023
0x435a631494289d4fd415cd963a4f38b445dafe8a,,,,,,,12786872120902,0xFA6700Fcf753e92A4837bb0f205586Cd3eDAC023
0x43b6b231abb536bbfe48409803b61f3edeebd99d,,,,,,,244376125061666,0xFA6700Fcf753e92A4837bb0f205586Cd3eDAC023
0x43b7d6b49ced76814e910d1a6d18c07b20b429b6,,,,,,,325001816338481,0xFA6700Fcf753e92A4837bb0f205586Cd3eDAC023
0x43b9eb6beecd92ba8342eb25017ecc437806f6d5,,,,,,,195703313709084,0xFA6700Fcf753e92A4837bb0f205586Cd3eDAC023
0x43c80a17558604f8e2dc807e98948823b4d6185c,,,,,,,177228576472900,0xFA6700Fcf753e92A4837bb0f205586Cd3eDAC023
0x43e736b115e629df4950ba07baaefffe0bbbe486,,,,,,,109134080989044,0xFA6700Fcf753e92A4837bb0f205586Cd3eDAC023
0x4420559d41b04cc68f91ef8b6cc7842a8384c203,,,,,,,52656590595653430000,0xFA6700Fcf753e92A4837bb0f205586Cd3eDAC023
0x4423e1aa29f8fa79701fc0fdd4cb9b83d2a2b97a,,,,,,,534436297961465,0xFA6700Fcf753e92A4837bb0f205586Cd3eDAC023
0x44424b581f8d2612ff603ae4e8c6e8746bd262d7,,,,,,,40140038476686,0xFA6700Fcf753e92A4837bb0f205586Cd3eDAC023
0x4491172eecc4bef5659b0ed33459a1a7b848d447,,,,,,,52656590595653430000,0xFA6700Fcf753e92A4837bb0f205586Cd3eDAC023
0x44d310e12e9e309651dc3c8bcc9d3b459bbd0ca3,,,,,,,12059198161356,0xFA6700Fcf753e92A4837bb0f205586Cd3eDAC023
0x44f4c27cda69f1b683f458b25564a4c555342255,,,,,,,2492488989054,0xFA6700Fcf753e92A4837bb0f205586Cd3eDAC023
0x4559d6b52b6a736684345b42d5e3ee8405991466,,,,,,,1163627131529669890,0xFA6700Fcf753e92A4837bb0f205586Cd3eDAC023
0x4578605337fd4975db63a692882065ba45c0b10f,,,,,,,446435762945892,0xFA6700Fcf753e92A4837bb0f205586Cd3eDAC023
0x4582985c66cc83f8333e99dcfe8461872499e1a2,,,,,,,125493290801536,0xFA6700Fcf753e92A4837bb0f205586Cd3eDAC023
0x45fbfa2c2d78632fcdf6f5edb3c693c7bfb6bcde,,,,,,,52656590595653430000,0xFA6700Fcf753e92A4837bb0f205586Cd3eDAC023
0x462f0560e473e1545fd4d0680c02c499aaf01711,,,,,,,52656590595653430000,0xFA6700Fcf753e92A4837bb0f205586Cd3eDAC023
0x463ba5667ac4aabd51e64f4f09963c81366bf3ac,,,,,,,46105095139327,0xFA6700Fcf753e92A4837bb0f205586Cd3eDAC023
0x466e55b2745df2dcf015bb5641d11f4a9a2cf50f,,,,,,,125288416361726,0xFA6700Fcf753e92A4837bb0f205586Cd3eDAC023
0x4686b28928b64440c8282aac3870e5121db35018,,,,,,,150776046059830,0xFA6700Fcf753e92A4837bb0f205586Cd3eDAC023
0x46aa454e92d00e4b944ca12004bd54d0e8cdc379,,,,,,,45405288635034,0xFA6700Fcf753e92A4837bb0f205586Cd3eDAC023
0x46d36b19086c7456a6fcf364bfe5e5fcc024190e,,,,,,,121976304460191,0xFA6700Fcf753e92A4837bb0f205586Cd3eDAC023
0x46d63ccb21c2da65d9d144bf504a47a3f0f256a2,,,,,,,225069654007919,0xFA6700Fcf753e92A4837bb0f205586Cd3eDAC023
0x473a0d1ddc0e35ec37010a22bb0d4c69e359ce06,,,,,,,11529187951749,0xFA6700Fcf753e92A4837bb0f205586Cd3eDAC023
0x474ea54efec898a3cbb6c41e52ccd9626d003f7d,,,,,,,616308083569168,0xFA6700Fcf753e92A4837bb0f205586Cd3eDAC023
0x476a7c1d6ff8fbb15d1688b6895285e08bf856ff,,,,,,,136323929451786,0xFA6700Fcf753e92A4837bb0f205586Cd3eDAC023
0x479a87455f5bbd3038dfef07ab6d2c7e355d80e1,,,,,,,422955390763705,0xFA6700Fcf753e92A4837bb0f205586Cd3eDAC023
0x47ab19ad14faf69e67bca1e79370d808a3b9525f,,,,,,,52656590595653430000,0xFA6700Fcf753e92A4837bb0f205586Cd3eDAC023
0x4827ea83570339eb8ee2396d9f8dccb57257d82a,,,,,,,36692249929965,0xFA6700Fcf753e92A4837bb0f205586Cd3eDAC023
0x486ecf3e0c3e6335fdefef79542f05eb495e541e,,,,,,,718517956129210,0xFA6700Fcf753e92A4837bb0f205586Cd3eDAC023
0x4898a6bf1921599d04cb00ba82b8d512573654d5,,,,,,,147637560587721,0xFA6700Fcf753e92A4837bb0f205586Cd3eDAC023
0x48ae08b8ee201da2bc3c52d2ab22eed081bf502f,,,,,,,146589375250423,0xFA6700Fcf753e92A4837bb0f205586Cd3eDAC023
0x48e871fbb055d50dc1477e18950d06437263756f,,,,,,,17661905608453,0xFA6700Fcf753e92A4837bb0f205586Cd3eDAC023
0x49ae533c9d5796a4bb5d26d8ad7d82f0666ca934,,,,,,,1550612333701874,0xFA6700Fcf753e92A4837bb0f205586Cd3eDAC023
0x49ccc4a0e122ce38bc0f9fdeb387491d4741fe91,,,,,,,31185348707328,0xFA6700Fcf753e92A4837bb0f205586Cd3eDAC023
0x4a23a25ac6cf545287fe463d7141479d6f155f2c,,,,,,,307143586403298,0xFA6700Fcf753e92A4837bb0f205586Cd3eDAC023
0x4a7670395b62a78a31935fd6f3925e1aaee1b123,,,,,,,105313181206419310000,0xFA6700Fcf753e92A4837bb0f205586Cd3eDAC023
0x4a77bd25239a035774ae2fd59283aaab96108b0b,,,,,,,21233720613121,0xFA6700Fcf753e92A4837bb0f205586Cd3eDAC023
0x4a8d53f9c3dcacc05b5a1923fa2bc41ea7cc64cd,,,,,,,52656590595653430000,0xFA6700Fcf753e92A4837bb0f205586Cd3eDAC023
0x4a8f3bbfa6023220155aaa42c7be7f9b051d9229,,,,,,,193042495229442,0xFA6700Fcf753e92A4837bb0f205586Cd3eDAC023
0x4aaea82303c840b75dcc2617feeee6f53bf2ef46,,,,,,,11903617290347,0xFA6700Fcf753e92A4837bb0f205586Cd3eDAC023
0x4b578f41a3087ccf764f8d5d1122642cfa533430,,,,,,,2307806141492,0xFA6700Fcf753e92A4837bb0f205586Cd3eDAC023
0x4b6937f94113e72636b149d711a8dfd722110be6,,,,,,,26059678436221,0xFA6700Fcf753e92A4837bb0f205586Cd3eDAC023
0x4b86a4b076ed3fc11ad46b5be100205b784a5083,,,,,,,147119949864700,0xFA6700Fcf753e92A4837bb0f205586Cd3eDAC023
0x4b8a85b93ef305987851b607cfdf29099cd667b6,,,,,,,130933470967658,0xFA6700Fcf753e92A4837bb0f205586Cd3eDAC023
0x4bee17df44fecf49d7f7f5d27234b1a5357954b3,,,,,,,154131963621252,0xFA6700Fcf753e92A4837bb0f205586Cd3eDAC023
0x4c0a73b2bc7595c99986c39a39bc92fc720af95e,,,,,,,97164780320520,0xFA6700Fcf753e92A4837bb0f205586Cd3eDAC023
0x4c248c9e22ef8d56bca46a08e62aec654e1dff53,,,,,,,52656590595653430000,0xFA6700Fcf753e92A4837bb0f205586Cd3eDAC023
0x4c343ab17ab6c4512c86a7b59bcecca76b06f669,,,,,,,132028658435351,0xFA6700Fcf753e92A4837bb0f205586Cd3eDAC023
0x4c84febc6434febcaa7bcf5b6cc2bc4f724fed82,,,,,,,136686226418889,0xFA6700Fcf753e92A4837bb0f205586Cd3eDAC023
0x4c993674c028fbbb1a6223853df7d012e9f9292e,,,,,,,175702639087533,0xFA6700Fcf753e92A4837bb0f205586Cd3eDAC023
0x4c9ad6814893a01e95941d478f215732e314c187,,,,,,,122646971927991,0xFA6700Fcf753e92A4837bb0f205586Cd3eDAC023
0x4cee688d05cb25f0903552f2891367b40a759a8e,,,,,,,327309893442817,0xFA6700Fcf753e92A4837bb0f205586Cd3eDAC023
0x4d23576b2330a96d82f51bff32b71ba41ad117ae,,,,,,,54174809322307,0xFA6700Fcf753e92A4837bb0f205586Cd3eDAC023
0x4d408d799da66f914c678450d6490b47adaba545,,,,,,,28079158037041,0xFA6700Fcf753e92A4837bb0f205586Cd3eDAC023
0x4d48a074b816335558b58a0de92dbce594a7e4ae,,,,,,,444939816368115,0xFA6700Fcf753e92A4837bb0f205586Cd3eDAC023
0x4e0c70d0582d81f05b977aa0d677b6ccc66d0353,,,,,,,576296144296145,0xFA6700Fcf753e92A4837bb0f205586Cd3eDAC023
0x4e535455d23135c1114a79700d48b2b9ed7f1995,,,,,,,126073408886072,0xFA6700Fcf753e92A4837bb0f205586Cd3eDAC023
0x4e5b250935c847507c3efe64d11d393935bf5416,,,,,,,132019627960636,0xFA6700Fcf753e92A4837bb0f205586Cd3eDAC023
0x4eb9a761885eb383a422067af4f7279dfc204745,,,,,,,52656590595653430000,0xFA6700Fcf753e92A4837bb0f205586Cd3eDAC023
0x4ed9d94c16eb0c7f9d8de868cd2160b5d747489a,,,,,,,2530186239162,0xFA6700Fcf753e92A4837bb0f205586Cd3eDAC023
0x4eeb252ea907a972688ec0bba7d68327e9869285,,,,,,,52656590595653430000,0xFA6700Fcf753e92A4837bb0f205586Cd3eDAC023
0x4f1eea37ebe13b68ee8db24f7aa9a7fba12bceb6,,,,,,,207946727519734,0xFA6700Fcf753e92A4837bb0f205586Cd3eDAC023
0x4f2bc6a460307581aef099d11f2be8c5626c81b9,,,,,,,116905344584618,0xFA6700Fcf753e92A4837bb0f205586Cd3eDAC023
0x4f8f32bd0f6773c0ba59c326c88d0412c714dbb5,,,,,,,52656590595653430000,0xFA6700Fcf753e92A4837bb0f205586Cd3eDAC023
0x4f9be993e7c24151405cb530426a6bbf26c803a0,,,,,,,52656590595653430000,0xFA6700Fcf753e92A4837bb0f205586Cd3eDAC023
0x4ff195da42ea5dfbe11fd9177a67b0f2a70063fe,,,,,,,169552334970146,0xFA6700Fcf753e92A4837bb0f205586Cd3eDAC023
0x4ff7f22b44ba51936562416c1e8dd130b029b00d,,,,,,,37222722477520,0xFA6700Fcf753e92A4837bb0f205586Cd3eDAC023
0x507e97ac4a3d92aba7ef116e7c85141321fce663,,,,,,,18543576784714,0xFA6700Fcf753e92A4837bb0f205586Cd3eDAC023
0x50bff2e06494db3882f41c5a13f1e74ab30efa5d,,,,,,,229478004826392,0xFA6700Fcf753e92A4837bb0f205586Cd3eDAC023
0x50d2dec635c48f5e8cede341df87c651c6cd5318,,,,,,,848567831841394,0xFA6700Fcf753e92A4837bb0f205586Cd3eDAC023
0x50e7f0f389e667ce5699dd419493bc428ed18031,,,,,,,1613367455703,0xFA6700Fcf753e92A4837bb0f205586Cd3eDAC023
0x50ed91f59dfbc117efe0677fd630b5f8d040b19e,,,,,,,201121976428143,0xFA6700Fcf753e92A4837bb0f205586Cd3eDAC023
0x5120d54e2d477f451ccc0455299d62bff668f74c,,,,,,,112205094687700,0xFA6700Fcf753e92A4837bb0f205586Cd3eDAC023
0x52125406e1619c907e24e0fc1fec4a76ead035c0,,,,,,,118793252080562,0xFA6700Fcf753e92A4837bb0f205586Cd3eDAC023
0x52372a6dd24699cfd9ef227ad5375fa32133dc4c,41667.374244,1.0,1.0,2026-06-08 00:00:00,2026-06-08 00:00:00,0.3333333333333333,9634313719293825000,0xFA6700Fcf753e92A4837bb0f205586Cd3eDAC023
0x52513b0b365bc5c14a1e607f24e4f5470f5bfe63,,,,,,,134571370124395,0xFA6700Fcf753e92A4837bb0f205586Cd3eDAC023
0x52535eb9615e8b190b04d8ed54506997a55480fd,,,,,,,3299684468108,0xFA6700Fcf753e92A4837bb0f205586Cd3eDAC023
0x52903903d93da6b7b40bceb3fb2a52090dcbebbb,,,,,,,52656590595653430000,0xFA6700Fcf753e92A4837bb0f205586Cd3eDAC023
0x52e7d2dcd4c0599b91f74572cfa290197683de53,,,,,,,39263565817781,0xFA6700Fcf753e92A4837bb0f205586Cd3eDAC023
0x53390590476dc98860316e4b46bb9842af55efc4,,,,,,,52656590595653430000,0xFA6700Fcf753e92A4837bb0f205586Cd3eDAC023
0x53c19d44c88cdd480145bf791c0abbd5a76b80c0,,,,,,,77999834295,0xFA6700Fcf753e92A4837bb0f205586Cd3eDAC023
0x53e8d6744b81e343d0ac47821d203727ccb20068,,,,,,,560331314626141,0xFA6700Fcf753e92A4837bb0f205586Cd3eDAC023
0x53f692a1a80a585eb36712cf0139ef977931731d,,,,,,,610354132737917,0xFA6700Fcf753e92A4837bb0f205586Cd3eDAC023
0x545a34946f65731fca501fcddef8971534598402,,,,,,,49809893969342,0xFA6700Fcf753e92A4837bb0f205586Cd3eDAC023
0x54989e023bea8f37b0a5e57b8bfb8a8a282455c8,,,,,,,377497981364331460,0xFA6700Fcf753e92A4837bb0f205586Cd3eDAC023
0x551eb1e8cdd615ea1fc1c806a16af92d75cbd927,,,,,,,715310824711321,0xFA6700Fcf753e92A4837bb0f205586Cd3eDAC023
0x5583424727c64539833fdf1a4484a6bfcd753c8c,,,,,,,194826916587653,0xFA6700Fcf753e92A4837bb0f205586Cd3eDAC023
0x55ad9fb7193b0f23fe32718ce3befe4a90da061c,,,,,,,52656590595653430000,0xFA6700Fcf753e92A4837bb0f205586Cd3eDAC023
0x55bb8f041180addd656177141abbbdedf04203d4,,,,,,,635717944161785,0xFA6700Fcf753e92A4837bb0f205586Cd3eDAC023
0x563dd04c7b5a690e39e0a4208c76a14998779121,,,,,,,122429961673959,0xFA6700Fcf753e92A4837bb0f205586Cd3eDAC023
0x5643e0b85ac8c3db7d8b098755ab6f64cf65b790,,,,,,,259414456215737,0xFA6700Fcf753e92A4837bb0f205586Cd3eDAC023
0x5680dd76a439868eac2f31857f119700d079c4ae,,,,,,,600336005541813,0xFA6700Fcf753e92A4837bb0f205586Cd3eDAC023
0x569cf316c06e033aa2a6036380121ba955b7fd29,,,,,,,587351668134042,0xFA6700Fcf753e92A4837bb0f205586Cd3eDAC023
0x56a64476be449952fb7cd5915c1ae08d188644c4,,,,,,,52656590595653430000,0xFA6700Fcf753e92A4837bb0f205586Cd3eDAC023
0x5746b903703c1a589cd318bd987a962c37008f49,,,,,,,52656590595653430000,0xFA6700Fcf753e92A4837bb0f205586Cd3eDAC023
0x5771011e035b03a282a2561e3ef1a0a0b5a191e2,,,,,,,269605113636575,0xFA6700Fcf753e92A4837bb0f205586Cd3eDAC023
0x5816148ffbba3d46660ec167495a092c7d157bae,,,,,,,561927304614926,0xFA6700Fcf753e92A4837bb0f205586Cd3eDAC023
0x581b6c030fdf983297a16baddaf20c874abd5de9,,,,,,,2090527152262,0xFA6700Fcf753e92A4837bb0f205586Cd3eDAC023
0x581e86115c7f0928b893e67d08cba6737b9d8acb,,,,,,,52656590595653430000,0xFA6700Fcf753e92A4837bb0f205586Cd3eDAC023
0x58612370ec12cc86c8c1f61f578eddef08cf907f,,,,,,,2476614576121,0xFA6700Fcf753e92A4837bb0f205586Cd3eDAC023
0x58d0e256910f4d39e8bed816ce0ab105a54b98e8,,,,,,,125622599212333,0xFA6700Fcf753e92A4837bb0f205586Cd3eDAC023
0x58e2f7d323dcc894d04d7b5d8d6239b59e279a06,,,,,,,139051477290989,0xFA6700Fcf753e92A4837bb0f205586Cd3eDAC023
0x58e56596e056e4691ee9a7b80b4c82ab8166ac9b,,,,,,,41943213379940,0xFA6700Fcf753e92A4837bb0f205586Cd3eDAC023
0x5a2a2758ad3d721cdf165917be05f54e587c1b40,,,,,,,52656590595653430000,0xFA6700Fcf753e92A4837bb0f205586Cd3eDAC023
0x5aa3b5b86f2b0b8921a7dd35ce7d53787849bc3c,,,,,,,37662042962121,0xFA6700Fcf753e92A4837bb0f205586Cd3eDAC023
0x5b32bb63ec92d96efdb29b49a3dc167dc8367b41,,,,,,,68303928701391,0xFA6700Fcf753e92A4837bb0f205586Cd3eDAC023
0x5bb05323427b6646325b34d7602c1de12f79efb3,,,,,,,52656590595653430000,0xFA6700Fcf753e92A4837bb0f205586Cd3eDAC023
0x5bb73e04b810527b14b87c37eff3d62481f2d416,,,,,,,115684388278579696,0xFA6700Fcf753e92A4837bb0f205586Cd3eDAC023
0x5c4c4133a2166ee8a43cbd182db4cadca5366eaf,,,,,,,52656590595653430000,0xFA6700Fcf753e92A4837bb0f205586Cd3eDAC023
0x5c8f1ac2def8f78ae3123c6e38ded525662039d0,,,,,,,2433759716351,0xFA6700Fcf753e92A4837bb0f205586Cd3eDAC023
0x5cbb805a48ea285c0824cba4c3163d1ab062f0e6,,,,,,,24048172289121760,0xFA6700Fcf753e92A4837bb0f205586Cd3eDAC023
0x5cc0f208a769e1aec46256f1cdcc8a89880df81c,,,,,,,714033749282627,0xFA6700Fcf753e92A4837bb0f205586Cd3eDAC023
0x5ccaa2ac72a48ff15473c6a442f8a3a989d935e1,,,,,,,85043180914638,0xFA6700Fcf753e92A4837bb0f205586Cd3eDAC023
0x5ccdb848b0f771c0ff531b5386471f53fcda73ea,,,,,,,273229172829361,0xFA6700Fcf753e92A4837bb0f205586Cd3eDAC023
0x5cdf7402cb6a36067f146fc144df95d0aed62e6c,,,,,,,52656590595653430000,0xFA6700Fcf753e92A4837bb0f205586Cd3eDAC023
0x5d2dd2a50526e623f5ef1597d76c29c81b385fb5,,,,,,,252961060917832,0xFA6700Fcf753e92A4837bb0f205586Cd3eDAC023
0x5dc65dc03e49c854441f4cae1e03673433080f44,,,,,,,303075068355016,0xFA6700Fcf753e92A4837bb0f205586Cd3eDAC023
0x5dee3232f7d6ba2845d2e007aca6fad8e390b314,,,,,,,52656590595653430000,0xFA6700Fcf753e92A4837bb0f205586Cd3eDAC023
0x5deea49b127ed42dc23dbc968a4cb46ff6e66299,,,,,,,52656590595653430000,0xFA6700Fcf753e92A4837bb0f205586Cd3eDAC023
0x5e279d6858ca0ff084db713ca3f42e2a372e92d1,,,,,,,14587739182170,0xFA6700Fcf753e92A4837bb0f205586Cd3eDAC023
0x5e2b284a659ab1fde36dbd7b78dc8dce9ecdef2c,,,,,,,27043625125487,0xFA6700Fcf753e92A4837bb0f205586Cd3eDAC023
0x5e2cb905eb3bacfcaa45d06c739f7c31ebb9aa7d,,,,,,,152948139913788,0xFA6700Fcf753e92A4837bb0f205586Cd3eDAC023
0x5e2e0a3923422044d0f692c558f0dff49cd2c70b,,,,,,,195181347531728,0xFA6700Fcf753e92A4837bb0f205586Cd3eDAC023
0x5eb935297f624ad2ce394b4554fedbbb9fb8de53,,,,,,,32403428355768,0xFA6700Fcf753e92A4837bb0f205586Cd3eDAC023
0x5f303640a003d665ccfb76d28176a494469a8ce8,,,,,,,52656590595653430000,0xFA6700Fcf753e92A4837bb0f205586Cd3eDAC023
0x5f8d15178d1801c7be9e5c23210ef4d4058737b1,,,,,,,177634944797388,0xFA6700Fcf753e92A4837bb0f205586Cd3eDAC023
0x5fa8ae8628e5f96dfd56067dc812b596be092499,,,,,,,136837450215456,0xFA6700Fcf753e92A4837bb0f205586Cd3eDAC023
0x5fae5a45713afbfd497506afda9daf1d23c52424,,,,,,,118098066728101,0xFA6700Fcf753e92A4837bb0f205586Cd3eDAC023
0x5fc6117bab27fe0761a978ffcf98799d59ecf589,,,,,,,1525016010949035520,0xFA6700Fcf753e92A4837bb0f205586Cd3eDAC023
0x5fcce3ae2c2b5e565dda81cbb0a2ae4f9fabcf05,,,,,,,8580475702436,0xFA6700Fcf753e92A4837bb0f205586Cd3eDAC023
0x5fdcb78ca9a1164c13428e5fc9582c8c48dab69f,70544313.79000007,1.0,1.0,2026-06-08 00:00:00,2026-06-08 00:00:00,0.9166666666666666,16311228209035362000000,0xFA6700Fcf753e92A4837bb0f205586Cd3eDAC023
0x5fea759143a4631af2d5591a0e35f9d57b31b751,,,,,,,10861682122164,0xFA6700Fcf753e92A4837bb0f205586Cd3eDAC023
0x60aa666bcef5e9a3393c6b203690abc2ea76f06b,,,,,,,52656590595653430000,0xFA6700Fcf753e92A4837bb0f205586Cd3eDAC023
0x610ba5235115c7f995838b5e214af847bfd80077,,,,,,,22489933117856,0xFA6700Fcf753e92A4837bb0f205586Cd3eDAC023
0x61240080107e22ff8e24ed11b5c5f0bb7844c4af,,,,,,,2324260902159214,0xFA6700Fcf753e92A4837bb0f205586Cd3eDAC023
0x6175ced4e67e44cd73d87d2379d428e9468f579b,,,,,,,52656590595653430000,0xFA6700Fcf753e92A4837bb0f205586Cd3eDAC023
0x6189cb62daa1c6d1cf54b7475455782fe83a11ff,,,,,,,855559838900375,0xFA6700Fcf753e92A4837bb0f205586Cd3eDAC023
0x61d1085b322c450a40b218423f722de8d612b568,,,,,,,278038857895795,0xFA6700Fcf753e92A4837bb0f205586Cd3eDAC023
0x61eb49de5bc2f39a86bd613f22537e156e78a9d0,,,,,,,133412241095737,0xFA6700Fcf753e92A4837bb0f205586Cd3eDAC023
0x6263eecb3db6f28f96377786c017623bd53bb2a2,,,,,,,36771682496501464,0xFA6700Fcf753e92A4837bb0f205586Cd3eDAC023
0x626dd8ceb6be6121982d2eef2f772455d841047c,,,,,,,52656590595653430000,0xFA6700Fcf753e92A4837bb0f205586Cd3eDAC023
0x6293a0db64cd1ce72401b81e08861f30429668ac,,,,,,,356416185758307,0xFA6700Fcf753e92A4837bb0f205586Cd3eDAC023
0x63089e33789a2359a99f76ac5b2519d75b0cff48,,,,,,,743371263225560,0xFA6700Fcf753e92A4837bb0f205586Cd3eDAC023
0x640efae243358a4ce6497f28ef8b1036e2ee5126,,,,,,,10670598435564,0xFA6700Fcf753e92A4837bb0f205586Cd3eDAC023
0x6454ac71ca260f99cca99a3f4241dfda20cfa965,3605990.5103400005,1.0,1.0,2026-06-08 00:00:00,2026-06-08 00:00:00,0.7083333333333334,833775693231129500000,0xFA6700Fcf753e92A4837bb0f205586Cd3eDAC023
0x64867f5bb09aea861c6eba9886a45983e76f0e99,,,,,,,52656590595653430000,0xFA6700Fcf753e92A4837bb0f205586Cd3eDAC023
0x64a041c3b1f1bda2396add0c75a4d07124161cbb,,,,,,,52656590595653430000,0xFA6700Fcf753e92A4837bb0f205586Cd3eDAC023
0x64dbb04a68a9cc8ae6544f674051101a135ee706,,,,,,,140668787883873,0xFA6700Fcf753e92A4837bb0f205586Cd3eDAC023
0x64dbe3c702e703d98629f156d034d9e24b684f97,,,,,,,191937504698654,0xFA6700Fcf753e92A4837bb0f205586Cd3eDAC023
0x65f17d076b7bacbf59618c60febcb8a7cfc2acc9,,,,,,,52656590595653430000,0xFA6700Fcf753e92A4837bb0f205586Cd3eDAC023
0x665157387c1bb1244ac57e02ddf2def48adc219d,,,,,,,52656590595653430000,0xFA6700Fcf753e92A4837bb0f205586Cd3eDAC023
0x66648d2115b96a3fc714a85ef5906ee2d9f00f5e,,,,,,,123482591571460,0xFA6700Fcf753e92A4837bb0f205586Cd3eDAC023
0x6694d1a64a7bf6c2528815e073be7e117c8f2deb,,,,,,,132293691081969,0xFA6700Fcf753e92A4837bb0f205586Cd3eDAC023
0x66efee9389ba5d7251d70fa002e7c09fbc17ca63,,,,,,,268035230047066,0xFA6700Fcf753e92A4837bb0f205586Cd3eDAC023
0x676f6256f6b8f46f76477d89711cf26fb51a69d9,,,,,,,129397008559151,0xFA6700Fcf753e92A4837bb0f205586Cd3eDAC023
0x67d37b7817f00e5a471ec338db15093e86992a3c,,,,,,,31343873312201,0xFA6700Fcf753e92A4837bb0f205586Cd3eDAC023
0x681de196044eeeaf3f8b9f4d174290b75a2d0794,,,,,,,424030892517466,0xFA6700Fcf753e92A4837bb0f205586Cd3eDAC023
0x6828057f16244c5cf5523e4d1d0bdaacc471646d,,,,,,,24085029820312,0xFA6700Fcf753e92A4837bb0f205586Cd3eDAC023
0x6897abe0fd62b589260784b21f4ca3f78a0d8017,,,,,,,52656590595653430000,0xFA6700Fcf753e92A4837bb0f205586Cd3eDAC023
0x68ca2b6227fba0b643a937a2be456c43c4317cdd,,,,,,,26074537649796,0xFA6700Fcf753e92A4837bb0f205586Cd3eDAC023
0x68ceeb884c7b378ae0d9928938d99b9b9e1e7803,,,,,,,296759028537859,0xFA6700Fcf753e92A4837bb0f205586Cd3eDAC023
0x68f06309fab6678389dd9005253e25f6c397bb51,,,,,,,52656590595653430000,0xFA6700Fcf753e92A4837bb0f205586Cd3eDAC023
0x692bb68631a2988c00fe79fe3a13ce27d1bc6b28,,,,,,,310862945334689,0xFA6700Fcf753e92A4837bb0f205586Cd3eDAC023
0x69302fbe8cdde288225c59075db929e6ab80f3f3,,,,,,,125096634004115,0xFA6700Fcf753e92A4837bb0f205586Cd3eDAC023
0x6931b54b4897106b890cc66e6234c0d136af4a6c,,,,,,,2481854406198,0xFA6700Fcf753e92A4837bb0f205586Cd3eDAC023
0x6942192872784d2c95fa3c58945f11a36cacb29e,,,,,,,10827864015022,0xFA6700Fcf753e92A4837bb0f205586Cd3eDAC023
0x698c9f8017d2940370e63539b044305e6e03e013,,,,,,,52656590595653430000,0xFA6700Fcf753e92A4837bb0f205586Cd3eDAC023
0x69ec594c0ed2130a787cd1419cc4dbbef8426f30,,,,,,,143668412188574,0xFA6700Fcf753e92A4837bb0f205586Cd3eDAC023
0x69f598a514416f237e4d16192b66423a4570d096,,,,,,,48413354910693,0xFA6700Fcf753e92A4837bb0f205586Cd3eDAC023
0x6a1d9515af982ac761207d92eaec13b11069c64d,,,,,,,219169538512074,0xFA6700Fcf753e92A4837bb0f205586Cd3eDAC023
0x6a6c79d8da4d3b1c8963073529cd026b36817eb6,,,,,,,52656590595653430000,0xFA6700Fcf753e92A4837bb0f205586Cd3eDAC023
0x6a7371210086ee6b5ad6a9291aa8655b6d1d1141,,,,,,,52656590595653430000,0xFA6700Fcf753e92A4837bb0f205586Cd3eDAC023
0x6aa0757bc4ffdc9f0deb5e9fa08173c07ef2afcc,,,,,,,52656590595653430000,0xFA6700Fcf753e92A4837bb0f205586Cd3eDAC023
0x6b6f2578fc60bc05a9f35a3eb00b252c6e6b3f7d,,,,,,,120809835133126,0xFA6700Fcf753e92A4837bb0f205586Cd3eDAC023
0x6b7b9597b9e56408ed7a954c71c10e5b65c9a15a,,,,,,,2552907020473,0xFA6700Fcf753e92A4837bb0f205586Cd3eDAC023
0x6c1816b4c5d577ffc7dd0dc68b449f89b1c5df92,,,,,,,72967395695917,0xFA6700Fcf753e92A4837bb0f205586Cd3eDAC023
0x6c7c332a090c8d2085857cf3220ea01c6d45a723,,,,,,,105313181206419310000,0xFA6700Fcf753e92A4837bb0f205586Cd3eDAC023
0x6c7df43141820633a912693fd5e75b6c11639bb4,,,,,,,421823033390633,0xFA6700Fcf753e92A4837bb0f205586Cd3eDAC023
0x6ca5213886ea44a3643b9f44357cbcb6590113f7,,,,,,,29958412948157,0xFA6700Fcf753e92A4837bb0f205586Cd3eDAC023
0x6cebfc2dcb0a82a3e210a23944f6ac92ec31d9cf,,,,,,,14412948503571,0xFA6700Fcf753e92A4837bb0f205586Cd3eDAC023
0x6d6c0b6ad29eb897b7a9f87e074b3dd31688f409,,,,,,,129840470441490,0xFA6700Fcf753e92A4837bb0f205586Cd3eDAC023
0x6d7ec5ed2fd11bef70aba154324d931c01072976,,,,,,,155302212657,0xFA6700Fcf753e92A4837bb0f205586Cd3eDAC023
0x6e51f41f0f882b2aff369d84e7a02c1bf0d3ff51,,,,,,,44562950004075,0xFA6700Fcf753e92A4837bb0f205586Cd3eDAC023
0x6e9a41a43351284a13f8449025e736334ed45b39,,,,,,,52656590595653430000,0xFA6700Fcf753e92A4837bb0f205586Cd3eDAC023
0x6eded4c7dc5ca3db455c73af74eaa86ed85184f2,,,,,,,141194870144800,0xFA6700Fcf753e92A4837bb0f205586Cd3eDAC023
0x6ef4397a6552905ee0d5f62d9b48a2a167aa7f43,,,,,,,52656590595653430000,0xFA6700Fcf753e92A4837bb0f205586Cd3eDAC023
0x6f1fc2a9b903fc9f0edef09253b24aef5f50dd62,,,,,,,52656590595653430000,0xFA6700Fcf753e92A4837bb0f205586Cd3eDAC023
0x6f20fd9515b6bf8ea47656e1cd33ecbea294b0ca,,,,,,,311333556762502,0xFA6700Fcf753e92A4837bb0f205586Cd3eDAC023
0x6f39298afb9475705bc71af21339b669f49766f4,,,,,,,163054338539967,0xFA6700Fcf753e92A4837bb0f205586Cd3eDAC023
0x6f40aed4eef03a64f6bc82259512a104b964fd91,,,,,,,2130352615027,0xFA6700Fcf753e92A4837bb0f205586Cd3eDAC023
0x6f802a1e8859052eb46ec1d6dee799b303c638e7,,,,,,,52656590595653430000,0xFA6700Fcf753e92A4837bb0f205586Cd3eDAC023
0x6f82a5f08f4ac1eaadadb270e1d53680bd1c520d,,,,,,,260722023064989,0xFA6700Fcf753e92A4837bb0f205586Cd3eDAC023
0x712d2458d548892729470f473f28d3af7a593a22,,,,,,,4096066342516,0xFA6700Fcf753e92A4837bb0f205586Cd3eDAC023
0x715249e5cc7659ad78e5d65d4917902bc0f40b5e,,,,,,,212567089348006,0xFA6700Fcf753e92A4837bb0f205586Cd3eDAC023
0x71566461be178f0bca14a74d1a9b3ac0a960c44f,,,,,,,146344817512211,0xFA6700Fcf753e92A4837bb0f205586Cd3eDAC023
0x7163913551b42535d98495b18eacf2ae77a602cf,,,,,,,121846907551066,0xFA6700Fcf753e92A4837bb0f205586Cd3eDAC023
0x719f1ac4ace7880f43742250a8411539fbb2091e,,,,,,,11968873567896,0xFA6700Fcf753e92A4837bb0f205586Cd3eDAC023
0x721e72ebb94982e09ef89fa5a0c96f0810e32298,,,,,,,279856300268654,0xFA6700Fcf753e92A4837bb0f205586Cd3eDAC023
0x722978be3af20666949d1ea052cfff24f06d9628,,,,,,,135268390855228,0xFA6700Fcf753e92A4837bb0f205586Cd3eDAC023
0x7241d0cbf9d4010e695842876d457e8c4c89716f,,,,,,,55126447843871,0xFA6700Fcf753e92A4837bb0f205586Cd3eDAC023
0x7251e7549431b78cefef000d584c3356982ab0c9,,,,,,,52656590595653430000,0xFA6700Fcf753e92A4837bb0f205586Cd3eDAC023
0x727d8097915d43a07cd18e7658f261246cda8189,,,,,,,121379237629471,0xFA6700Fcf753e92A4837bb0f205586Cd3eDAC023
0x729250be25dc878dd400bf5bef702de77c83493e,,,,,,,52656590595653430000,0xFA6700Fcf753e92A4837bb0f205586Cd3eDAC023
0x72936c991cb0a738728e9d2a8d5875fb5096a0c2,,,,,,,52656590595653430000,0xFA6700Fcf753e92A4837bb0f205586Cd3eDAC023
0x72e1a17486bbc259f91136e0c605da8a22b93360,,,,,,,3325286609175,0xFA6700Fcf753e92A4837bb0f205586Cd3eDAC023
0x72ebc90f0e3457a1ff6b000dc9b1aa152ee82974,,,,,,,52656590595653430000,0xFA6700Fcf753e92A4837bb0f205586Cd3eDAC023
0x72f8089e37ef4bd3ccf77062be9892ae4e8b57a9,,,,,,,148206597344979,0xFA6700Fcf753e92A4837bb0f205586Cd3eDAC023
0x72fa66c195126c3257b287b37dd3bd724baf9e59,,,,,,,52656590595653430000,0xFA6700Fcf753e92A4837bb0f205586Cd3eDAC023
0x73119bcb1fe962d9504aa15e37b5135d54484562,,,,,,,8267588141762,0xFA6700Fcf753e92A4837bb0f205586Cd3eDAC023
0x736226a43f27d2c57d23ff9372eb5aa15cccb9a6,,,,,,,228547354584542,0xFA6700Fcf753e92A4837bb0f205586Cd3eDAC023
0x73f3adae7fdc38f2cc84075ffad561c2a6e81567,,,,,,,111176924351019,0xFA6700Fcf753e92A4837bb0f205586Cd3eDAC023
0x73fb36ce8b3f578326a1b28a533ff141faefaa5c,,,,,,,19964684153845,0xFA6700Fcf753e92A4837bb0f205586Cd3eDAC023
0x7509e306a6025e8e365fbe59bc7fbe47e6d9c19f,,,,,,,777781671856486,0xFA6700Fcf753e92A4837bb0f205586Cd3eDAC023
0x75557849930ea2db6dc3c01f0484525db991b94a,,,,,,,184248315910738,0xFA6700Fcf753e92A4837bb0f205586Cd3eDAC023
0x758c5d8b344b8319a2acdd20c7dbc677a334d7bb,,,,,,,11089502538115,0xFA6700Fcf753e92A4837bb0f205586Cd3eDAC023
0x75d3db08f15eab3a09ab53913ffd23f3f8bcd7aa,,,,,,,124609417090224,0xFA6700Fcf753e92A4837bb0f205586Cd3eDAC023
0x75d3e82e6ee672255cea67eecc12e9dc34cfff69,,,,,,,142071602223289,0xFA6700Fcf753e92A4837bb0f205586Cd3eDAC023
0x75fee38c63f8858a2dd21bd71a3e2c4689ee9086,,,,,,,383670994829126,0xFA6700Fcf753e92A4837bb0f205586Cd3eDAC023
0x7601c08e68665d88dcf381d215fe877dc46b7d73,,,,,,,234249141276649,0xFA6700Fcf753e92A4837bb0f205586Cd3eDAC023
0x763d67d060b51d700253322d8e8da80022769504,,,,,,,780043300907,0xFA6700Fcf753e92A4837bb0f205586Cd3eDAC023
0x764f404047edfd6fa3d3c2111d9d102af29409b5,,,,,,,132404027435833,0xFA6700Fcf753e92A4837bb0f205586Cd3eDAC023
0x765c6a8f20c842e8c826b0d9425015784f982afc,74597432.80499995,1.0,1.0,2026-06-08 00:00:00,2026-06-08 00:00:00,0.9583333333333334,17353701958687417000000,0xFA6700Fcf753e92A4837bb0f205586Cd3eDAC023
0x767b0ada9bf5c622e261447e4bb6c2c48a2acec6,,,,,,,39532157231266,0xFA6700Fcf753e92A4837bb0f205586Cd3eDAC023
0x76ac35cb454e4841364d98177b0a931624126855,,,,,,,126953571540487,0xFA6700Fcf753e92A4837bb0f205586Cd3eDAC023
0x772213aad4c6b37d2cc0fa3b74f9ace5a028b8c8,,,,,,,52656590595653430000,0xFA6700Fcf753e92A4837bb0f205586Cd3eDAC023
0x7765ffd90db97c2473315063203affce3998d937,,,,,,,52656590595653430000,0xFA6700Fcf753e92A4837bb0f205586Cd3eDAC023
0x7787c9dcd9bb2c3894f71b33dc0ebb5ce46b6d59,,,,,,,52656590595653430000,0xFA6700Fcf753e92A4837bb0f205586Cd3eDAC023
0x77c9ad8c09eee626b126184aebf535d0f60ce1d0,,,,,,,189070261539609,0xFA6700Fcf753e92A4837bb0f205586Cd3eDAC023
0x77fd77d52e12a30793deb1400bc802df18d3374a,,,,,,,345604498508630,0xFA6700Fcf753e92A4837bb0f205586Cd3eDAC023
0x7822c5c26c1fea5b0c2abd8c066b5c2469c7d540,,,,,,,132947612721947,0xFA6700Fcf753e92A4837bb0f205586Cd3eDAC023
0x783f126c5c5e8284ed7af7f551781f02369e7d26,,,,,,,11492517039231,0xFA6700Fcf753e92A4837bb0f205586Cd3eDAC023
0x785c0ad5dabab535173b9f0d55d7f3c4da0c0184,,,,,,,327821776076106,0xFA6700Fcf753e92A4837bb0f205586Cd3eDAC023
0x787719a0f669062157148e4e3a52236c603616b3,,,,,,,154526645103585,0xFA6700Fcf753e92A4837bb0f205586Cd3eDAC023
0x7897a596cb18d366ddc75914191d98a8d5c3c2c9,,,,,,,52656590595653430000,0xFA6700Fcf753e92A4837bb0f205586Cd3eDAC023
0x78b9ff33cfbe1b6b6914e38ada0593cc04d0fe39,,,,,,,52656590595653430000,0xFA6700Fcf753e92A4837bb0f205586Cd3eDAC023
0x78bdef852cb0433e9b88131abaafe60216e3468d,,,,,,,66253449574051,0xFA6700Fcf753e92A4837bb0f205586Cd3eDAC023
0x78edfb0e5e12289781de947aa0cef58fe63ce01f,,,,,,,26709238546464,0xFA6700Fcf753e92A4837bb0f205586Cd3eDAC023
0x78eefb78a6e088ea7bf77eac8e47955dede201ae,,,,,,,131465705988784,0xFA6700Fcf753e92A4837bb0f205586Cd3eDAC023
0x790ef5f5e02a1e3cd7528ea6a4fafd5d01788353,,,,,,,2283827752359,0xFA6700Fcf753e92A4837bb0f205586Cd3eDAC023
0x7910d1456b3e5a1ac0937c9b983b4dcd8eb9400f,,,,,,,26017111955442,0xFA6700Fcf753e92A4837bb0f205586Cd3eDAC023
0x794a4d2a039a1ef36d845bcca152db0ce6e46c2e,,,,,,,758795751063052,0xFA6700Fcf753e92A4837bb0f205586Cd3eDAC023
0x794fbfe098865642334f9027e911dc04bfef94ec,,,,,,,164564110703249,0xFA6700Fcf753e92A4837bb0f205586Cd3eDAC023
0x796597a2f7d43515811e40c7aee15bb5fe0fa2d8,,,,,,,102442963385584,0xFA6700Fcf753e92A4837bb0f205586Cd3eDAC023
0x79c1e17404c1a4326a1a6370bbf02a231c3a032c,,,,,,,204246143599799,0xFA6700Fcf753e92A4837bb0f205586Cd3eDAC023
0x79fc6e3ed1225335c2f09128b2045531fbcac0ec,,,,,,,194606001268948,0xFA6700Fcf753e92A4837bb0f205586Cd3eDAC023
0x7a42f3fdf3f6565e2aea54225d0f10a4fe8a0cdd,,,,,,,176570527206091,0xFA6700Fcf753e92A4837bb0f205586Cd3eDAC023
0x7a5306e73786a0fc1c3859a2ed5550e594c67484,,,,,,,736411312407690,0xFA6700Fcf753e92A4837bb0f205586Cd3eDAC023
0x7a76f571bd900061220b6b39d44dec87f983d743,,,,,,,2528759330191,0xFA6700Fcf753e92A4837bb0f205586Cd3eDAC023
0x7a903615bc1bab30fbdbe5556e58cfb34c69a88a,,,,,,,324315825294024,0xFA6700Fcf753e92A4837bb0f205586Cd3eDAC023
0x7abb2fef8d610baf489998a2cd468b7a7bfad48f,,,,,,,38570216046205,0xFA6700Fcf753e92A4837bb0f205586Cd3eDAC023
0x7b14f6f2cda46399c4d04741dfe936d299f0276c,,,,,,,363213293576910,0xFA6700Fcf753e92A4837bb0f205586Cd3eDAC023
0x7b17460e9a26f9cac768e65e8472e6b436432d3d,,,,,,,136872709812529,0xFA6700Fcf753e92A4837bb0f205586Cd3eDAC023
0x7bc43896da0f7ac10ad5123765cc1b81f8911881,,,,,,,119234504542397,0xFA6700Fcf753e92A4837bb0f205586Cd3eDAC023
0x7c0819379c5ff2a0cfae44bcae210934760f9e3f,,,,,,,52656590595653430000,0xFA6700Fcf753e92A4837bb0f205586Cd3eDAC023
0x7c2b118f6d1b962cb7824649dbaacb884379dea7,,,,,,,454845088551985,0xFA6700Fcf753e92A4837bb0f205586Cd3eDAC023
0x7c56de627822968fc1aaccea760baaa18fb42180,,,,,,,113604295379133,0xFA6700Fcf753e92A4837bb0f205586Cd3eDAC023
0x7c75cb0d1136ebe764208f9a807d35510025b12c,,,,,,,105313181206419310000,0xFA6700Fcf753e92A4837bb0f205586Cd3eDAC023
0x7cb698e45d970fd01150f89e2f1706d4bf804246,,,,,,,52656590595653430000,0xFA6700Fcf753e92A4837bb0f205586Cd3eDAC023
0x7d0f205f4a7f10b7b1c6282193aa202dc16fbbbe,,,,,,,52656590595653430000,0xFA6700Fcf753e92A4837bb0f205586Cd3eDAC023
0x7d2cd67e4a5e73c923b8ed1731d317c91df18ded,,,,,,,238135034215384,0xFA6700Fcf753e92A4837bb0f205586Cd3eDAC023
0x7d2d64c7fa6c3fc4c6c5179ce986c92224240609,,,,,,,9437124033510712,0xFA6700Fcf753e92A4837bb0f205586Cd3eDAC023
0x7d41aabfc18edd2e6ed08b62f831432c4d65d3b5,,,,,,,2237916966336,0xFA6700Fcf753e92A4837bb0f205586Cd3eDAC023
0x7d7c06957e46c630908483e35167047e52892c94,,,,,,,2465252767872,0xFA6700Fcf753e92A4837bb0f205586Cd3eDAC023
0x7d800a412ca8d1abda9c918accc74ca5ce5b19c8,,,,,,,105313181206419310000,0xFA6700Fcf753e92A4837bb0f205586Cd3eDAC023
0x7d992742d02ad7e5f8c030e28791e6035c438d72,,,,,,,52656590595653430000,0xFA6700Fcf753e92A4837bb0f205586Cd3eDAC023
0x7e3f02de2f15989ec561beef697d928c2ee9edc3,,,,,,,52656590595653430000,0xFA6700Fcf753e92A4837bb0f205586Cd3eDAC023
0x7e8196fe6384119749c8571228db16bb2626bffd,,,,,,,2121169242742,0xFA6700Fcf753e92A4837bb0f205586Cd3eDAC023
0x7ebfbccc0d779c5c9628db8268d00d1ecc79ad6d,,,,,,,52656590595653430000,0xFA6700Fcf753e92A4837bb0f205586Cd3eDAC023
0x7eccb051516f35c0bbedffcfa137ca8a05f8718d,,,,,,,355845631973643,0xFA6700Fcf753e92A4837bb0f205586Cd3eDAC023
0x7fee68592d92741cbf1bdfe9a16e2272e4f6e8ef,,,,,,,421046865182426,0xFA6700Fcf753e92A4837bb0f205586Cd3eDAC023
0x7ff1d31103dde4c75de08716813836b628bfdbc9,,,,,,,126697820485122,0xFA6700Fcf753e92A4837bb0f205586Cd3eDAC023
0x802f90d13480e357f5d947ebee956ead24261176,,,,,,,163751293707106944,0xFA6700Fcf753e92A4837bb0f205586Cd3eDAC023
0x80c6e4d56562a61187587f34ffefc92c5d925088,,,,,,,780043300907,0xFA6700Fcf753e92A4837bb0f205586Cd3eDAC023
0x813b1d4ff7815f5ecd582ffe664238e00694b588,,,,,,,171612340324850,0xFA6700Fcf753e92A4837bb0f205586Cd3eDAC023
0x816f57c3a2757ea9313c4043d6946d145bf21794,,,,,,,131671677240826,0xFA6700Fcf753e92A4837bb0f205586Cd3eDAC023
0x81c67bed179f1b657bf40e420d2ec42895e1992c,,,,,,,26881589546894,0xFA6700Fcf753e92A4837bb0f205586Cd3eDAC023
0x81d38529febf3ef9a88b88e7193eec1f245a7ad5,,,,,,,52656590595653430000,0xFA6700Fcf753e92A4837bb0f205586Cd3eDAC023
0x823817c6a6f2e78093341c18231ad28b29ad35e3,,,,,,,52656610095548210000,0xFA6700Fcf753e92A4837bb0f205586Cd3eDAC023
0x82907132791365aa7b50d7ba6bdd2d1d931b121f,,,,,,,105313181206419310000,0xFA6700Fcf753e92A4837bb0f205586Cd3eDAC023
0x82a41ee916e078a7d7fded3b43be4163d8adffde,,,,,,,142860111391728,0xFA6700Fcf753e92A4837bb0f205586Cd3eDAC023
0x82a6665ec0d31e79fc1ba807cc314c49ad1a9013,,,,,,,52656590595653430000,0xFA6700Fcf753e92A4837bb0f205586Cd3eDAC023
0x831d7aaedda775081d5ddc5cf91eef3b557c66ba,,,,,,,648380794077522,0xFA6700Fcf753e92A4837bb0f205586Cd3eDAC023
0x8439c2d89ab972b520989d42601d9d5ddd81e000,,,,,,,252785595869821,0xFA6700Fcf753e92A4837bb0f205586Cd3eDAC023
0x843e8785320f2d7b74a6190c9881261e43051499,,,,,,,388190863059243,0xFA6700Fcf753e92A4837bb0f205586Cd3eDAC023
0x84698c0b87691eebbb4a11ab20c49916e0d7ecd9,,,,,,,87342357152795,0xFA6700Fcf753e92A4837bb0f205586Cd3eDAC023
0x847b695f960d99c99142a835dd686586ad0b4e75,,,,,,,127871762351803,0xFA6700Fcf753e92A4837bb0f205586Cd3eDAC023
0x84f36bd98fed29df05bb50eca3d0ec825feb98e4,,,,,,,123650318787384,0xFA6700Fcf753e92A4837bb0f205586Cd3eDAC023
0x854711f82e1df2dc0278f623e9c66a2dbef5389a,,,,,,,52656590595653430000,0xFA6700Fcf753e92A4837bb0f205586Cd3eDAC023
0x857dc07ac7658544c486bba9602b4f79c5b6d82b,,,,,,,7309104805097580,0xFA6700Fcf753e92A4837bb0f205586Cd3eDAC023
0x8607d264ea59264985b376e7a3d77de93bda597a,,,,,,,52656590595653430000,0xFA6700Fcf753e92A4837bb0f205586Cd3eDAC023
0x862af0bb5bf3535fc0f119cccce0a38f6cc24a1f,,,,,,,21290398628235,0xFA6700Fcf753e92A4837bb0f205586Cd3eDAC023
0x86a325f98647541ddd1e70a0903d2baf69f7423a,,,,,,,138129284208597,0xFA6700Fcf753e92A4837bb0f205586Cd3eDAC023
0x86c795b0c8a1b08bcb4b22b0f8e2e70b7b394589,,,,,,,135450314863603,0xFA6700Fcf753e92A4837bb0f205586Cd3eDAC023
0x86ed5d9883c595678c5cf0e6dd849a10f1f9b1d7,,,,,,,122041113385779,0xFA6700Fcf753e92A4837bb0f205586Cd3eDAC023
0x87138ead456276321663c8cb0b7a5c4ca1278850,,,,,,,52656590595653430000,0xFA6700Fcf753e92A4837bb0f205586Cd3eDAC023
0x875c2aa1b9772fe760e330c2fb18a1853dcce8ec,116792.17688700001,1.0,1.0,2026-06-08 00:00:00,2026-06-08 00:00:00,0.4166666666666667,27004640741206372000,0xFA6700Fcf753e92A4837bb0f205586Cd3eDAC023
0x876b66a853b3d233b5c7fad53ec676316124714c,,,,,,,29596000345938,0xFA6700Fcf753e92A4837bb0f205586Cd3eDAC023
0x877a8f5107bac127ca4ac7237591b062c412500b,,,,,,,52656590595653430000,0xFA6700Fcf753e92A4837bb0f205586Cd3eDAC023
0x8843e68f1f1b979a2359a90ed1aab9e3e1b28f54,,,,,,,186125316240874,0xFA6700Fcf753e92A4837bb0f205586Cd3eDAC023
0x88758b26b8c20ff50a8221938efe59e63a8ff2c3,,,,,,,37137994340123,0xFA6700Fcf753e92A4837bb0f205586Cd3eDAC023
0x888880f5573159e378fdece526f5d73e6f47f595,,,,,,,52656590595653430000,0xFA6700Fcf753e92A4837bb0f205586Cd3eDAC023
0x888a13448567d77ad16d578527a4174cb4be9000,,,,,,,52656590595653430000,0xFA6700Fcf753e92A4837bb0f205586Cd3eDAC023
0x88b3d4785c877543df254db0fa183e9edb4d8280,,,,,,,164060489804049,0xFA6700Fcf753e92A4837bb0f205586Cd3eDAC023
0x8915e6724ba238bc6a86bffb0c4dd21cce840ae2,,,,,,,4640188086,0xFA6700Fcf753e92A4837bb0f205586Cd3eDAC023
0x89795c1d26d80ee794a0e2063416142add6e80f8,,,,,,,1978646026665,0xFA6700Fcf753e92A4837bb0f205586Cd3eDAC023
0x89d590a991cdea96d4b6549b996cab64f5f70866,,,,,,,1466158453337809150,0xFA6700Fcf753e92A4837bb0f205586Cd3eDAC023
0x89f0a2628835c5deeeb38c6269710c4c117112bc,,,,,,,151307572689304,0xFA6700Fcf753e92A4837bb0f205586Cd3eDAC023
0x8a1b73a88e1854dd3eebee4354bd4dba23861e3a,,,,,,,52656590595653430000,0xFA6700Fcf753e92A4837bb0f205586Cd3eDAC023
0x8a7867f68dc2ae1a1dd47ff654d83f1801e43e2c,,,,,,,132952100214977,0xFA6700Fcf753e92A4837bb0f205586Cd3eDAC023
0x8b51777996a8db2894051aecf697bae71731402a,,,,,,,309883036153819,0xFA6700Fcf753e92A4837bb0f205586Cd3eDAC023
0x8b5b54634d0f798a9a7f90d57b1e99ac54219149,,,,,,,52656590595653430000,0xFA6700Fcf753e92A4837bb0f205586Cd3eDAC023
0x8b5df58160f46c055f24ea12f4cb1c3ea7203088,,,,,,,544872212196554,0xFA6700Fcf753e92A4837bb0f205586Cd3eDAC023
0x8c156c6edd2844526d30e73a666c3b814d96326a,,,,,,,4806386326690,0xFA6700Fcf753e92A4837bb0f205586Cd3eDAC023
0x8c2934429c2c0438858e95b9f458a09ab0b6e485,,,,,,,131852173732690,0xFA6700Fcf753e92A4837bb0f205586Cd3eDAC023
0x8c66e5e2be2f8166f97ae041c0187feca369f983,,,,,,,587931223028988,0xFA6700Fcf753e92A4837bb0f205586Cd3eDAC023
0x8c98c5cdf17ca4db1b2b322adbebea50d55f0fd6,,,,,,,40096824965796,0xFA6700Fcf753e92A4837bb0f205586Cd3eDAC023
0x8cbf63f1ec6d4b86d9e38cd9e846d0e01ed64929,,,,,,,48657793368550,0xFA6700Fcf753e92A4837bb0f205586Cd3eDAC023
0x8cc44e8c9fec826f8e180fa0b7038cbb7381d6c5,,,,,,,119248908303478,0xFA6700Fcf753e92A4837bb0f205586Cd3eDAC023
0x8cd1a96b90d4f00c63f6bfe1cea911f4baf2bc70,,,,,,,27263236460817,0xFA6700Fcf753e92A4837bb0f205586Cd3eDAC023
0x8d006c42c22fe952f8cf6c1cf2934e19c77e2e1e,,,,,,,129340649097515,0xFA6700Fcf753e92A4837bb0f205586Cd3eDAC023
0x8d0689d9d6e61c7d2a8ff4e28f3e08fceb9ad139,,,,,,,7594755252518376,0xFA6700Fcf753e92A4837bb0f205586Cd3eDAC023
0x8d0eefa504af1116b29bfb1bf65e76b830ee3982,,,,,,,52656590595653430000,0xFA6700Fcf753e92A4837bb0f205586Cd3eDAC023
0x8d7900f06b89866bfe14b83fd119a0dbc1b50251,,,,,,,780969184378504060,0xFA6700Fcf753e92A4837bb0f205586Cd3eDAC023
0x8d7c47b35370667741ce1eccb7ad640b045d3563,,,,,,,50275407123900,0xFA6700Fcf753e92A4837bb0f205586Cd3eDAC023
0x8dc13eb54f389c9ffeb5e8fc8e024ad12a60b1e5,,,,,,,17130416241434,0xFA6700Fcf753e92A4837bb0f205586Cd3eDAC023
0x8e50d6cfce2bb51bb444c46fdbd26e7a23a04175,,,,,,,194061095798391,0xFA6700Fcf753e92A4837bb0f205586Cd3eDAC023
0x8e57bc446f76b2054089cc5c8fa6f0f5b72fc59a,,,,,,,23458102035943068000,0xFA6700Fcf753e92A4837bb0f205586Cd3eDAC023
0x8ef3fa40a403d4174da03769f3b514e729ff0cd5,,,,,,,52656590595653430000,0xFA6700Fcf753e92A4837bb0f205586Cd3eDAC023
0x8f4b496b95d069d11bb09b4860409170fab49302,,,,,,,8337599229946,0xFA6700Fcf753e92A4837bb0f205586Cd3eDAC023
0x8f97f1cdd060898ad82984c690ec3eaeaebffa45,,,,,,,47947841958649,0xFA6700Fcf753e92A4837bb0f205586Cd3eDAC023
0x8ff598aa597f6b729001b384e44334dcf64319c8,,,,,,,592668781552921,0xFA6700Fcf753e92A4837bb0f205586Cd3eDAC023
0x90241786f3ee61a3295400dea582c848c171cafb,,,,,,,52656590595653430000,0xFA6700Fcf753e92A4837bb0f205586Cd3eDAC023
0x902ad1f43b75e34c8fbf06ca51ee5a94572abd12,,,,,,,363803983870194,0xFA6700Fcf753e92A4837bb0f205586Cd3eDAC023
0x909cc7e298a0a3920131cbea25a1267af724dedc,,,,,,,28826694707176,0xFA6700Fcf753e92A4837bb0f205586Cd3eDAC023
0x90f1cfbebaa6e4a52f4e15a026d7f6d9ea2aacc4,,,,,,,52656590595653430000,0xFA6700Fcf753e92A4837bb0f205586Cd3eDAC023
0x913d97ea3f35f5e7426495c32fab629c703b2a26,,,,,,,31121704435941,0xFA6700Fcf753e92A4837bb0f205586Cd3eDAC023
0x914953367d50be14a45aa1069c2469eb4d94e555,,,,,,,3317504426668,0xFA6700Fcf753e92A4837bb0f205586Cd3eDAC023
0x915b13028f00c6b0bef03a88ddf1bfd5bd601b19,,,,,,,52656590595653430000,0xFA6700Fcf753e92A4837bb0f205586Cd3eDAC023
0x916727c5ba43d3f4c96ea7c0b163b3ff59094da2,,,,,,,52656590595653430000,0xFA6700Fcf753e92A4837bb0f205586Cd3eDAC023
0x9191c58dee8593a803901ce8871ef0971e85edb0,,,,,,,719344015523075,0xFA6700Fcf753e92A4837bb0f205586Cd3eDAC023
0x91ec68005d3114771f158f87224825965230a974,,,,,,,52656590595653430000,0xFA6700Fcf753e92A4837bb0f205586Cd3eDAC023
0x929467bdaa4ed9d1256a4bcf11e0caa3fa0a5ef1,,,,,,,1873475382996,0xFA6700Fcf753e92A4837bb0f205586Cd3eDAC023
0x92c19c1dc5a7d002d0072702d9124dd6aa0a5071,,,,,,,52656590595653430000,0xFA6700Fcf753e92A4837bb0f205586Cd3eDAC023
0x932f5ec1746b41dc9b95a65772db29a2c55a054d,,,,,,,124183132794140,0xFA6700Fcf753e92A4837bb0f205586Cd3eDAC023
0x93695de64071684538ee8337f441695bbb3ddcc2,,,,,,,655480960471996,0xFA6700Fcf753e92A4837bb0f205586Cd3eDAC023
0x93fed2282936fd43c6a3560ecfcd646864b7290b,,,,,,,128329720341304,0xFA6700Fcf753e92A4837bb0f205586Cd3eDAC023
0x94bf125ef30a7a496657d31216b7fd172929e298,,,,,,,52656590595653430000,0xFA6700Fcf753e92A4837bb0f205586Cd3eDAC023
0x94f783c24036126da37260a613bdcc791a2f0396,,,,,,,24207580968599,0xFA6700Fcf753e92A4837bb0f205586Cd3eDAC023
0x952283c92c8d44f88411977bffc681b9db98c6c4,,,,,,,52656590595653430000,0xFA6700Fcf753e92A4837bb0f205586Cd3eDAC023
0x95555f5c35cd07d7199bb902302aac80071892c5,,,,,,,701789513875369,0xFA6700Fcf753e92A4837bb0f205586Cd3eDAC023
0x958101e5ba3d6d2154cb5d8d674a971831dede9d,,,,,,,503928783061386,0xFA6700Fcf753e92A4837bb0f205586Cd3eDAC023
0x95a472bbaf98e62581cf588b31a7243bde25a8af,,,,,,,70212507341164,0xFA6700Fcf753e92A4837bb0f205586Cd3eDAC023
0x95b33c7e5283f4fa12d6a16adc1650e76e6cc01f,,,,,,,224320304843420,0xFA6700Fcf753e92A4837bb0f205586Cd3eDAC023
0x95f2096be898ea2d9a3bd4daad624351cdc4e43f,,,,,,,180000142610993,0xFA6700Fcf753e92A4837bb0f205586Cd3eDAC023
0x96e4e2ebbeff1f45bfb678695628fa7a0398de1c,,,,,,,52656590595653430000,0xFA6700Fcf753e92A4837bb0f205586Cd3eDAC023
0x973f8bb0b68e6c240aa47f3e634cdd6404d468a6,,,,,,,52656590595653430000,0xFA6700Fcf753e92A4837bb0f205586Cd3eDAC023
0x97403a22ec3d9d5ef1939f8316e3b9ced35ddca1,,,,,,,52656590595653430000,0xFA6700Fcf753e92A4837bb0f205586Cd3eDAC023
0x97435db5c546c83268cb57f2932e5fa343530e11,,,,,,,52656590595653430000,0xFA6700Fcf753e92A4837bb0f205586Cd3eDAC023
0x97a171f653fe35a296820d6ecbda8363efde8b54,,,,,,,52656590595653430000,0xFA6700Fcf753e92A4837bb0f205586Cd3eDAC023
0x97afbdd6c130083a21bd5c53f0d9245fa07cc9d9,,,,,,,542636400107262210,0xFA6700Fcf753e92A4837bb0f205586Cd3eDAC023
0x97de5243906035a503f2f1c52513a3e2d5080da5,,,,,,,52656590595653430000,0xFA6700Fcf753e92A4837bb0f205586Cd3eDAC023
0x97f4eeb00bcce640b6d1b276b046b3c8611fa97f,,,,,,,138995096160426,0xFA6700Fcf753e92A4837bb0f205586Cd3eDAC023
0x980370377038b3883d47270f092aea5646354cf1,,,,,,,150613617740715790000000,0xFA6700Fcf753e92A4837bb0f205586Cd3eDAC023
0x983363ed612a168e9ed332f194e66fd1b19bdd36,,,,,,,12068376470807,0xFA6700Fcf753e92A4837bb0f205586Cd3eDAC023
0x98cf77c87a43a40c3c2d8e46e341fa5e668ae080,,,,,,,465088456144130,0xFA6700Fcf753e92A4837bb0f205586Cd3eDAC023
0x98fec4340118206307dbc131abba3eb11617460a,,,,,,,124224447337470,0xFA6700Fcf753e92A4837bb0f205586Cd3eDAC023
0x9905c80db8b26470d6e0c3080b2181329f988086,,,,,,,79640177657413536,0xFA6700Fcf753e92A4837bb0f205586Cd3eDAC023
0x99666fb292c76a78b061c308533a1f8034ba8328,,,,,,,660395835623378,0xFA6700Fcf753e92A4837bb0f205586Cd3eDAC023
0x99fbfd8f61eef44da9dfe44b97cfca410bf4793d,,,,,,,2421865095513,0xFA6700Fcf753e92A4837bb0f205586Cd3eDAC023
0x9a2b02de5bc65ca76ee899b89c400d5d27f50001,,,,,,,52656590595653430000,0xFA6700Fcf753e92A4837bb0f205586Cd3eDAC023
0x9a415abd31c606abd8859b90dcda498a6d931cdc,,,,,,,105313181206419310000,0xFA6700Fcf753e92A4837bb0f205586Cd3eDAC023
0x9a524f688a87fd8f3f02c901f76008f76c1eb257,,,,,,,37671592883545,0xFA6700Fcf753e92A4837bb0f205586Cd3eDAC023
0x9ad304e7d13e157fb22d90a9acb2259dd48db966,,,,,,,7800432401529,0xFA6700Fcf753e92A4837bb0f205586Cd3eDAC023
0x9b66f2e29e9e48305573b2733306f10caedf30fb,,,,,,,270427559382458,0xFA6700Fcf753e92A4837bb0f205586Cd3eDAC023
0x9baba4482c3b58b6cc16278ddc158101506ed9b8,,,,,,,4077383069601,0xFA6700Fcf753e92A4837bb0f205586Cd3eDAC023
0x9bc170c20229d26252703c27030d2b535dfa50dd,,,,,,,34551314372983,0xFA6700Fcf753e92A4837bb0f205586Cd3eDAC023
0x9c09926927201527812364cf97aa9bb962a638b5,,,,,,,52656590595653430000,0xFA6700Fcf753e92A4837bb0f205586Cd3eDAC023
0x9ca1cc57d5d6d767f6b759712befb8b8783e534e,,,,,,,12891568680849,0xFA6700Fcf753e92A4837bb0f205586Cd3eDAC023
0x9cec8d78faa35d1c31f4b9cb5863104b493e8feb,,,,,,,702738563668948,0xFA6700Fcf753e92A4837bb0f205586Cd3eDAC023
0x9d412ef6bfc03c816c780bad7ce3654281ede184,,,,,,,52656590595653430000,0xFA6700Fcf753e92A4837bb0f205586Cd3eDAC023
0x9d816e145e925f52d7fea2be8d56bc07a7002d04,,,,,,,120264240914711,0xFA6700Fcf753e92A4837bb0f205586Cd3eDAC023
0x9da83755e17b576a7d1c923c8f353055afd6188f,,,,,,,406052873715910,0xFA6700Fcf753e92A4837bb0f205586Cd3eDAC023
0x9dff7476d17c43fc7b33d4ff7637a9b63dc228cb,,,,,,,52656590595653430000,0xFA6700Fcf753e92A4837bb0f205586Cd3eDAC023
0x9e263a4434466b21e6a4e90efcc2374a0ce9581f,,,,,,,52656590595653430000,0xFA6700Fcf753e92A4837bb0f205586Cd3eDAC023
0x9e355cd9e091543bba2aa4796664473341554af6,,,,,,,207737020099142,0xFA6700Fcf753e92A4837bb0f205586Cd3eDAC023
0x9e418f5a21a7ebefb66190bfcbdd42216ea4a6a7,,,,,,,52656590595653430000,0xFA6700Fcf753e92A4837bb0f205586Cd3eDAC023
0x9e460cc883715d58cc47d49da7307b88dd12c3e4,,,,,,,497609220524735,0xFA6700Fcf753e92A4837bb0f205586Cd3eDAC023
0x9e96c020579b0d3d0bc6f93c3a6f252a1c08034c,,,,,,,305819547726770,0xFA6700Fcf753e92A4837bb0f205586Cd3eDAC023
0x9f2bb4f166d77e4f72ce291a3a2654bc014d2a6c,,,,,,,52656590595653430000,0xFA6700Fcf753e92A4837bb0f205586Cd3eDAC023
0x9f33106d97f2490a258f9d0f1c5e58870c70d362,,,,,,,20856789829786,0xFA6700Fcf753e92A4837bb0f205586Cd3eDAC023
0x9f67e303f3b9db44d3e5441fb8fa924217a3b390,,,,,,,10617371247709,0xFA6700Fcf753e92A4837bb0f205586Cd3eDAC023
0x9f6b7f6a018955ae8a98c4f0e6d45f2b3c1d70c4,,,,,,,52656590595653430000,0xFA6700Fcf753e92A4837bb0f205586Cd3eDAC023
0x9f84fcd4528e85301892b7396cb50408ac56e7ee,,,,,,,401866957876223,0xFA6700Fcf753e92A4837bb0f205586Cd3eDAC023
0x9ffd008ae425bf41fb47e071dc7d57e0c6cc42f4,,,,,,,206787878364507,0xFA6700Fcf753e92A4837bb0f205586Cd3eDAC023
0x9fffa56eac7c63e79423d9dbdd392b67aa183f60,,,,,,,145200485323020,0xFA6700Fcf753e92A4837bb0f205586Cd3eDAC023
0xa010cf7fab51f9d93e09f3df4ea9f92fdd074cb5,,,,,,,396541044240292,0xFA6700Fcf753e92A4837bb0f205586Cd3eDAC023
0xa0181758b14efb2dadfec66d58251ae631e2b942,,,,,,,52656590595653430000,0xFA6700Fcf753e92A4837bb0f205586Cd3eDAC023
0xa06ef1e83a4c3594c7ccc9e3cf3b0a24624d31b7,,,,,,,145431172315253,0xFA6700Fcf753e92A4837bb0f205586Cd3eDAC023
0xa132c4edbb42620fddff5918e2e08d01e65b2c27,,,,,,,29589606797381,0xFA6700Fcf753e92A4837bb0f205586Cd3eDAC023
0xa13fda126a650b9faafa2833d7d6395ae1d819ef,,,,,,,164049908077174,0xFA6700Fcf753e92A4837bb0f205586Cd3eDAC023
0xa1495a31b170dbeaad76cdcc1a2d9e53334f322c,,,,,,,271086415462401,0xFA6700Fcf753e92A4837bb0f205586Cd3eDAC023
0xa1bff1f10c5a06f957215d23ff7a609efb8055ea,,,,,,,149434116342561,0xFA6700Fcf753e92A4837bb0f205586Cd3eDAC023
0xa2232150141e2e1838bc7b87f7518ef46330bfa5,,,,,,,365426794320280,0xFA6700Fcf753e92A4837bb0f205586Cd3eDAC023
0xa2538488098e73528e5d1bb7ccb5711a6453458f,,,,,,,28514990634442,0xFA6700Fcf753e92A4837bb0f205586Cd3eDAC023
0xa2cfb4a5e7e501d6bd2d6aa8ecc10893e1dbd624,15661.724075,1.0,1.0,2026-06-08 00:00:00,2026-06-08 00:00:00,0.16666666666666666,3621297618610913300,0xFA6700Fcf753e92A4837bb0f205586Cd3eDAC023
0xa32d9f53162bcc67b97245526dfe71f498e670a1,,,,,,,785559488581126,0xFA6700Fcf753e92A4837bb0f205586Cd3eDAC023
0xa37869334bdddacea92eabb162530026a855ad51,,,,,,,154394873523073,0xFA6700Fcf753e92A4837bb0f205586Cd3eDAC023
0xa38b76746b076c8a0a75747692ec8445d65e924f,,,,,,,154606127132992,0xFA6700Fcf753e92A4837bb0f205586Cd3eDAC023
0xa3f8167deab5e9d15c26c00631ab4a5a64359dcd,,,,,,,21658742036036,0xFA6700Fcf753e92A4837bb0f205586Cd3eDAC023
0xa481c3da5f4aa619e186c1bcea3d405f6d5484fa,,,,,,,152928918765451,0xFA6700Fcf753e92A4837bb0f205586Cd3eDAC023
0xa49224407bfbcfced35d70657f44041b8e162ef9,,,,,,,52656590595653430000,0xFA6700Fcf753e92A4837bb0f205586Cd3eDAC023
0xa4cd26a567908aac033b3d8a61e8f0fde844d384,,,,,,,52656590595653430000,0xFA6700Fcf753e92A4837bb0f205586Cd3eDAC023
0xa4d373ced1e8a1c4246072c26e782d4bfae518be,,,,,,,3356774131556518400,0xFA6700Fcf753e92A4837bb0f205586Cd3eDAC023
0xa5c6418d1bb26fe336cf5ee32dc203f5c249ce99,,,,,,,52656590595653430000,0xFA6700Fcf753e92A4837bb0f205586Cd3eDAC023
0xa5d9c11c25a97757bd41b665254a432ee6e708df,,,,,,,29947412221187,0xFA6700Fcf753e92A4837bb0f205586Cd3eDAC023
0xa5f3e907ca439d7732e7a6b9ba20610990b65e8c,,,,,,,52656590595653430000,0xFA6700Fcf753e92A4837bb0f205586Cd3eDAC023
0xa60d118dc57f40b465921a03e47d257bb079f87d,,,,,,,242761021661639,0xFA6700Fcf753e92A4837bb0f205586Cd3eDAC023
0xa629790eb727f3dadb63c7fbeeca7e3433af5568,,,,,,,590629837382733,0xFA6700Fcf753e92A4837bb0f205586Cd3eDAC023
0xa70222aa0e5a0a7accd9bbf019dc17c2eeed7f90,,,,,,,188230211511870,0xFA6700Fcf753e92A4837bb0f205586Cd3eDAC023
0xa73a77a692acef1a25c0c128ef87109265bacf04,,,,,,,225640807029547,0xFA6700Fcf753e92A4837bb0f205586Cd3eDAC023
0xa768f44c537e5b346b3053e1ee37eb0eb4e7a88e,,,,,,,49313311826189,0xFA6700Fcf753e92A4837bb0f205586Cd3eDAC023
0xa77998fd95a2bf4307b385912596b3cfe33937d6,,,,,,,1692531741685,0xFA6700Fcf753e92A4837bb0f205586Cd3eDAC023
0xa7a23c9d8b3c6f471d554749ec1173839cdde4b6,,,,,,,52656590595653430000,0xFA6700Fcf753e92A4837bb0f205586Cd3eDAC023
0xa852c845b0361f8292ad3898c68195a72836eb07,,,,,,,25176400519145,0xFA6700Fcf753e92A4837bb0f205586Cd3eDAC023
0xa8c295a30335748df2b55a86eb124da7a79585dd,,,,,,,2261794503827,0xFA6700Fcf753e92A4837bb0f205586Cd3eDAC023
0xa8dc290ec7ba45000f11ad76c8b93a3ed67e386a,,,,,,,146688313141124,0xFA6700Fcf753e92A4837bb0f205586Cd3eDAC023
0xa8e4386461d948ea06b94c3d1d085f844af946ff,,,,,,,3900216302021,0xFA6700Fcf753e92A4837bb0f205586Cd3eDAC023
0xa9a06d77d55a7a72b59454508e7e88a4f0785053,,,,,,,52656590595653430000,0xFA6700Fcf753e92A4837bb0f205586Cd3eDAC023
0xaa734fa3aa11d2e8fe60d50dde07d5c95b5f928c,,,,,,,338556861424648960,0xFA6700Fcf753e92A4837bb0f205586Cd3eDAC023
0xaa938607232836de144ceb0e33ccc926bc0c0b96,,,,,,,12195815075965,0xFA6700Fcf753e92A4837bb0f205586Cd3eDAC023
0xaac0f1f7715beb0a2c34eae16afe93fb10c1fb6f,24774384.022920005,1.0,1.0,2026-06-08 00:00:00,2026-06-08 00:00:00,0.8333333333333334,5728323231537488000000,0xFA6700Fcf753e92A4837bb0f205586Cd3eDAC023
0xaae27ee2fe5976e4173f38254596a2af8525b71b,,,,,,,30149276502759,0xFA6700Fcf753e92A4837bb0f205586Cd3eDAC023
0xaaf33a7e4756d097b2158551a25374daf600c49d,669785.4147600001,1.0,1.0,2026-06-08 00:00:00,2026-06-08 00:00:00,0.5416666666666666,154867517511842730000,0xFA6700Fcf753e92A4837bb0f205586Cd3eDAC023
0xab402d5f93fdf5ec1ade26e9c295a04ddc522a06,,,,,,,52656590595653430000,0xFA6700Fcf753e92A4837bb0f205586Cd3eDAC023
0xab420847576faca8f228a274d5e1e07d2ae98ac4,,,,,,,52656590595653430000,0xFA6700Fcf753e92A4837bb0f205586Cd3eDAC023
0xabccd387da89ca135597ff188a678ca2ba22f2a4,,,,,,,130350239443082,0xFA6700Fcf753e92A4837bb0f205586Cd3eDAC023
0xabff1e9cfa87ee14fee544c64957392852d9113d,,,,,,,52656590595653430000,0xFA6700Fcf753e92A4837bb0f205586Cd3eDAC023
0xac162fe3a19fdc96eed6da35d6f7fda3902f4b8c,,,,,,,52656590595653430000,0xFA6700Fcf753e92A4837bb0f205586Cd3eDAC023
0xac2bdb872655572f616879eb32e5fb81f336974c,,,,,,,52656590595653430000,0xFA6700Fcf753e92A4837bb0f205586Cd3eDAC023
0xac3f58f6d2d44cccb066e86c04da13f8d9dc4dca,,,,,,,97535176200990,0xFA6700Fcf753e92A4837bb0f205586Cd3eDAC023
0xac44a16c6c5d68d6e747e636bbd12777c908a7ca,,,,,,,189835028449466,0xFA6700Fcf753e92A4837bb0f205586Cd3eDAC023
0xac7828213593d6cbf293f51c85ea7fec0d2d3cae,,,,,,,29455471076175,0xFA6700Fcf753e92A4837bb0f205586Cd3eDAC023
0xacf1e8f3bfad1413cd6792c3d0dd7277ed10c2c7,,,,,,,28571814256646,0xFA6700Fcf753e92A4837bb0f205586Cd3eDAC023
0xad2e9541ab866c721277e7d37b00bd82de7052d2,,,,,,,17085249894437,0xFA6700Fcf753e92A4837bb0f205586Cd3eDAC023
0xad362d21bf2b8b905342e55e1ae7b5251a06a57f,,,,,,,52656590595653430000,0xFA6700Fcf753e92A4837bb0f205586Cd3eDAC023
0xad7347b91e20faa77937ddb7666190dd23327e7b,,,,,,,340076338245948,0xFA6700Fcf753e92A4837bb0f205586Cd3eDAC023
0xad7daf8a4d3eff12c0aa6d2791b89ad84ac6c1d3,,,,,,,293531995931847,0xFA6700Fcf753e92A4837bb0f205586Cd3eDAC023
0xadf3866f273d6d209c31d1244b185b078ff81373,,,,,,,151875376545368,0xFA6700Fcf753e92A4837bb0f205586Cd3eDAC023
0xae0ef3969305b24d17fa5948cc6458d136e573f9,,,,,,,446831464285390,0xFA6700Fcf753e92A4837bb0f205586Cd3eDAC023
0xae519a6d0c4143fdbea652f0a936ea045d64b8cb,,,,,,,6239979453089,0xFA6700Fcf753e92A4837bb0f205586Cd3eDAC023
0xae80000916925cf8770039959ba7eee0638b31d9,,,,,,,32086600695613,0xFA6700Fcf753e92A4837bb0f205586Cd3eDAC023
0xaefc7371b752b6f04f37b5c74f8aa11e671d153f,,,,,,,480610260348035,0xFA6700Fcf753e92A4837bb0f205586Cd3eDAC023
0xafbd66706f90bc56d29c39a260930b34b2757ed8,,,,,,,157969771802072740000,0xFA6700Fcf753e92A4837bb0f205586Cd3eDAC023
0xafc1c3936a46f236ff8c5ef5527e9405154119d5,,,,,,,633355895025541,0xFA6700Fcf753e92A4837bb0f205586Cd3eDAC023
0xb00f775cc37f4b6da3663a62c1db960e358fc431,,,,,,,2314858820074402800,0xFA6700Fcf753e92A4837bb0f205586Cd3eDAC023
0xb0341e5c023c4fa3f506b0a3a0fb8fb67bf6393a,,,,,,,152404285689963,0xFA6700Fcf753e92A4837bb0f205586Cd3eDAC023
0xb0528351c49ca7950c2f8ced526202ff4e69bfe3,,,,,,,52656590595653430000,0xFA6700Fcf753e92A4837bb0f205586Cd3eDAC023
0xb0e249d5c0349d906592506ebd81648f964e90d4,,,,,,,126588597549584,0xFA6700Fcf753e92A4837bb0f205586Cd3eDAC023
0xb0f1d91a60dfe3ee0cf52452720941245f92d087,,,,,,,1967848218059,0xFA6700Fcf753e92A4837bb0f205586Cd3eDAC023
0xb105e97728e6d26d983d7793cec2a110cf54de28,,,,,,,311112668783097,0xFA6700Fcf753e92A4837bb0f205586Cd3eDAC023
0xb108247a6228b52769440d2852001bc84bdd1fe5,,,,,,,226738821988449,0xFA6700Fcf753e92A4837bb0f205586Cd3eDAC023
0xb141a1f0996c48d6b2e70fddffd460dc3542ea27,,,,,,,478140873675,0xFA6700Fcf753e92A4837bb0f205586Cd3eDAC023
0xb18fb662b1923b5571e61aa59a35aebe71ea27dd,,,,,,,423031676930144,0xFA6700Fcf753e92A4837bb0f205586Cd3eDAC023
0xb1902208340e13c716591e8e626e75e3e30ed113,,,,,,,52656590595653430000,0xFA6700Fcf753e92A4837bb0f205586Cd3eDAC023
0xb197518bee0e0570c86e942b2020551892591fbe,,,,,,,22772162386982,0xFA6700Fcf753e92A4837bb0f205586Cd3eDAC023
0xb19a5c9b0efc14d504bfb182451e22846403db2d,,,,,,,444693126164466,0xFA6700Fcf753e92A4837bb0f205586Cd3eDAC023
0xb1f2b6afb7570cd6d696fc62736639adea619e5b,,,,,,,18227891502293,0xFA6700Fcf753e92A4837bb0f205586Cd3eDAC023
0xb1f55485d7eba772f0d454ceb0ea9a27586ad86f,,,,,,,389310549131112510,0xFA6700Fcf753e92A4837bb0f205586Cd3eDAC023
0xb2325daf2a1ecb7414e37c8e39715b7f4f371534,,,,,,,10421538826,0xFA6700Fcf753e92A4837bb0f205586Cd3eDAC023
0xb23bbd9aa7f2dc7e8f2bf93cc4e6ac728b1dcf17,,,,,,,52656590595653430000,0xFA6700Fcf753e92A4837bb0f205586Cd3eDAC023
0xb25632f9b3eff866175d81a7a62243a9e335aefe,,,,,,,1564307995357458,0xFA6700Fcf753e92A4837bb0f205586Cd3eDAC023
0xb2af6e04f8443a2f0ebf5f311cb7d425bb9ca803,,,,,,,685523212929028,0xFA6700Fcf753e92A4837bb0f205586Cd3eDAC023
0xb2b3d54465a4281e99f76ff354742679c42bad08,,,,,,,52656590595653430000,0xFA6700Fcf753e92A4837bb0f205586Cd3eDAC023
0xb2db644bab191cadc7f240e0e38df836bd7f0cd6,,,,,,,52656590595653430000,0xFA6700Fcf753e92A4837bb0f205586Cd3eDAC023
0xb2f3aed8ef84ad40484fc71ebb1301b8c8b4785f,,,,,,,52656590595653430000,0xFA6700Fcf753e92A4837bb0f205586Cd3eDAC023
0xb331abd0e1e1b6c3ddd2cedf95c19b6a0fba7174,,,,,,,88639572330321,0xFA6700Fcf753e92A4837bb0f205586Cd3eDAC023
0xb39b0cfc24bb5856957244c752c0cf67cc33ea4e,121751.796229,1.0,1.0,2026-06-08 00:00:00,2026-06-08 00:00:00,0.4583333333333333,28151401955131105000,0xFA6700Fcf753e92A4837bb0f205586Cd3eDAC023
0xb3d63596db7704f65551257e2f59ebe4c48b3e15,,,,,,,333768269961268,0xFA6700Fcf753e92A4837bb0f205586Cd3eDAC023
0xb3daf38b0e8629744cc25351bd4b6a9423a7cbef,,,,,,,52656590595653430000,0xFA6700Fcf753e92A4837bb0f205586Cd3eDAC023
0xb42cc175062a9a327d64bff081fe70e54168f914,,,,,,,172908225799807,0xFA6700Fcf753e92A4837bb0f205586Cd3eDAC023
0xb498233b3afcb3f211dda0be72217a46db38cf54,,,,,,,121378310928442,0xFA6700Fcf753e92A4837bb0f205586Cd3eDAC023
0xb4b00a9f6a6cc383f7ac3274a5d50fe03613cefd,,,,,,,181190301340659,0xFA6700Fcf753e92A4837bb0f205586Cd3eDAC023
0xb4b3314d6f44ebc56fc12f50b880700e33d6cda7,,,,,,,682324246646365,0xFA6700Fcf753e92A4837bb0f205586Cd3eDAC023
0xb4fe0f67f4ece794adfaa37034032f68fff0b974,,,,,,,105313181206419310000,0xFA6700Fcf753e92A4837bb0f205586Cd3eDAC023
0xb568f1adae3f4664b097dc051011b7a35e5f10ca,,,,,,,3328598917312,0xFA6700Fcf753e92A4837bb0f205586Cd3eDAC023
0xb573fac66f47f6279b233cc312e283c412dee47d,,,,,,,2223991744270,0xFA6700Fcf753e92A4837bb0f205586Cd3eDAC023
0xb59091d0195487d0c272800278373ed32c033a5e,,,,,,,392335758809992,0xFA6700Fcf753e92A4837bb0f205586Cd3eDAC023
0xb592281b6721c61d81dfa554c4bab7449ad71a09,,,,,,,354726379238596,0xFA6700Fcf753e92A4837bb0f205586Cd3eDAC023
0xb5b08083bd022c6ad41950bdb486fd16817ae509,,,,,,,147077623159712,0xFA6700Fcf753e92A4837bb0f205586Cd3eDAC023
0xb5ba5d17c9207720dbf87fbe8d76759631d2b3c0,,,,,,,136992730961700,0xFA6700Fcf753e92A4837bb0f205586Cd3eDAC023
0xb5ed8849596cf090fad90b0045fe56aff5ecfc54,,,,,,,936051880083,0xFA6700Fcf753e92A4837bb0f205586Cd3eDAC023
0xb6e69cd90f8c82f5ad1ea848d0db6d9f56d62a01,,,,,,,182643754747486,0xFA6700Fcf753e92A4837bb0f205586Cd3eDAC023
0xb7034e85366ed253c123505c558f41f4d6236f9b,,,,,,,120331271411604,0xFA6700Fcf753e92A4837bb0f205586Cd3eDAC023
0xb73a511319415a2d86abb7585ea13fc066561108,,,,,,,330967387182484,0xFA6700Fcf753e92A4837bb0f205586Cd3eDAC023
0xb7c215473e46a61cf6928e02069d1817db9b1712,,,,,,,52656590595653430000,0xFA6700Fcf753e92A4837bb0f205586Cd3eDAC023
0xb7d2f32e0d7a5d2968676529ecd33cb5d4bb5f01,,,,,,,36344225495300,0xFA6700Fcf753e92A4837bb0f205586Cd3eDAC023
0xb7d6e4ad3c3bef48c9e1cb4856b5ddfc98e3466c,,,,,,,2479211629023832,0xFA6700Fcf753e92A4837bb0f205586Cd3eDAC023
0xb81b84bb08dbf3a8f282aa09a0b9b31f4093cc9d,,,,,,,188864237634099,0xFA6700Fcf753e92A4837bb0f205586Cd3eDAC023
0xb828fa38e1a150a1795539692aced1b19358cd21,,,,,,,47482328804090,0xFA6700Fcf753e92A4837bb0f205586Cd3eDAC023
0xb84848de993b0ecf356036c552eed3abdade6ed3,,,,,,,2098876169599,0xFA6700Fcf753e92A4837bb0f205586Cd3eDAC023
0xb8950c47e8b9e539601cb47a167de8bf4cb1289e,,,,,,,52656590595653430000,0xFA6700Fcf753e92A4837bb0f205586Cd3eDAC023
0xb91d5a05ec5298d69cde53ab688ffab63bf16a0e,,,,,,,105313181206419310000,0xFA6700Fcf753e92A4837bb0f205586Cd3eDAC023
0xb938ace26be1932a8ac464b027e3ae98e1d82109,,,,,,,26767953238207,0xFA6700Fcf753e92A4837bb0f205586Cd3eDAC023
0xb9583576d32d34f5c533ac9d52f3ac2b2fb314b6,,,,,,,171025069874285,0xFA6700Fcf753e92A4837bb0f205586Cd3eDAC023
0xb986f24a3658b5ee7dd5885c32c7c4ad7b982175,,,,,,,93179581929378,0xFA6700Fcf753e92A4837bb0f205586Cd3eDAC023
0xb9d1ec7913605b2b3db67546a05efad9960e21b9,,,,,,,52656590595653430000,0xFA6700Fcf753e92A4837bb0f205586Cd3eDAC023
0xb9ed56cb5b6c6fe436c77d43b03903f572b052e3,,,,,,,52656590595653430000,0xFA6700Fcf753e92A4837bb0f205586Cd3eDAC023
0xb9f4d99371bda02012b6229c01cd8b846168040e,,,,,,,370106893938,0xFA6700Fcf753e92A4837bb0f205586Cd3eDAC023
0xba00d14d32a2fec5478162062543e7e84998e0aa,,,,,,,105313181206419310000,0xFA6700Fcf753e92A4837bb0f205586Cd3eDAC023
0xba1cf8a6709a907aa8708b4d05701c1991a7f259,,,,,,,52656590595653430000,0xFA6700Fcf753e92A4837bb0f205586Cd3eDAC023
0xba8cab38a35cee7001e84ba2a4a2be1fd5125c14,,,,,,,1551502842039492350,0xFA6700Fcf753e92A4837bb0f205586Cd3eDAC023
0xbb0b8a93221ce873ab3cae030646537378bbcf6b,,,,,,,204786698678855,0xFA6700Fcf753e92A4837bb0f205586Cd3eDAC023
0xbb2389247e4ff2c5049854cff0e98c7d56a736db,,,,,,,120368544801298,0xFA6700Fcf753e92A4837bb0f205586Cd3eDAC023
0xbb338d474184297b1f38025cab983bfe9cf7fc12,,,,,,,52656590595653430000,0xFA6700Fcf753e92A4837bb0f205586Cd3eDAC023
0xbb557a02f52e01a5fa4b57573bbe9631a1906df9,,,,,,,52656590595653430000,0xFA6700Fcf753e92A4837bb0f205586Cd3eDAC023
0xbb68707c223f937806c2f96233907656f01ebb82,,,,,,,364083641624970,0xFA6700Fcf753e92A4837bb0f205586Cd3eDAC023
0xbbbf18a1728abec13e413aea053206c37c4bb1dd,,,,,,,52656590595653430000,0xFA6700Fcf753e92A4837bb0f205586Cd3eDAC023
0xbbec1d91398077d3fb763598c8cd3f2b9742d41e,,,,,,,716934029049846,0xFA6700Fcf753e92A4837bb0f205586Cd3eDAC023
0xbbfc128b332418969a3fa37d7cf866055401cfa4,,,,,,,52656590595653430000,0xFA6700Fcf753e92A4837bb0f205586Cd3eDAC023
0xbc44ccb8f69032372cb0661480aca53351e468cd,,,,,,,52656590595653430000,0xFA6700Fcf753e92A4837bb0f205586Cd3eDAC023
0xbcbdaab5731aa89e0034804549e8fcd966b127d1,,,,,,,149205681096120,0xFA6700Fcf753e92A4837bb0f205586Cd3eDAC023
0xbcd4a7c5d37f26b872b8c0c808b0be038d63d084,,,,,,,144125155705595,0xFA6700Fcf753e92A4837bb0f205586Cd3eDAC023
0xbcf3e665c04e9cad40ffdabe4eb665af1b1ccd39,,,,,,,6629978219535,0xFA6700Fcf753e92A4837bb0f205586Cd3eDAC023
0xbcfb4414c471109315bc4be1413b38d56d74300e,,,,,,,29059489660732,0xFA6700Fcf753e92A4837bb0f205586Cd3eDAC023
0xbcfe7e7d2d7ff23844a0de610efa1eb26b787f7e,,,,,,,12408558981530,0xFA6700Fcf753e92A4837bb0f205586Cd3eDAC023
0xbd286ac236fa0752ae4bea89a8b6936ea197fc56,,,,,,,52656590595653430000,0xFA6700Fcf753e92A4837bb0f205586Cd3eDAC023
0xbdf21a89ac93b778b416d812f2521d3dcaac9114,,,,,,,399009927869780,0xFA6700Fcf753e92A4837bb0f205586Cd3eDAC023
0xbdfe0e381933666ac1417189495be2ac6921ced1,,,,,,,52656590595653430000,0xFA6700Fcf753e92A4837bb0f205586Cd3eDAC023
0xbe09a9497476014febb99b53d6ab42769b5695fd,,,,,,,396466198348705,0xFA6700Fcf753e92A4837bb0f205586Cd3eDAC023
0xbe5955ba42c678d91742985a2e6e19e9e90f4759,,,,,,,865847999202,0xFA6700Fcf753e92A4837bb0f205586Cd3eDAC023
0xbe6264811079a938c42c95f4782c5d6ffee9a3e9,,,,,,,186862015814816,0xFA6700Fcf753e92A4837bb0f205586Cd3eDAC023
0xbe6d84a503908f7ade8471d4f4b5bed5ecca4643,,,,,,,52656590595653430000,0xFA6700Fcf753e92A4837bb0f205586Cd3eDAC023
0xbe6e0481e9fce3145977da0fa41d10269138d2a6,,,,,,,32717383769266,0xFA6700Fcf753e92A4837bb0f205586Cd3eDAC023
0xbeb6350757fb9048cf517c540329d665a8960d4d,,,,,,,105313181206419310000,0xFA6700Fcf753e92A4837bb0f205586Cd3eDAC023
0xbec014cc4e0c131dfe70f7dd1f0949cce901b26e,,,,,,,169388956323104,0xFA6700Fcf753e92A4837bb0f205586Cd3eDAC023
0xbf00649d46e93b46f493505de79a2e5e48c89e68,,,,,,,160564777083710,0xFA6700Fcf753e92A4837bb0f205586Cd3eDAC023
0xbf405161a52a63e8c069931097a7a599e8bbe200,,,,,,,145207699253104,0xFA6700Fcf753e92A4837bb0f205586Cd3eDAC023
0xbf4d1e84c85f738bf3cea5d426a17809687124bb,,,,,,,109485544302681,0xFA6700Fcf753e92A4837bb0f205586Cd3eDAC023
0xbf54a6f732cb062a2ddc177dc385685812b53ec2,,,,,,,130951506197895,0xFA6700Fcf753e92A4837bb0f205586Cd3eDAC023
0xbf67e0e425ccb09f192d73bcefc9b5edda5f3352,,,,,,,19163131101382,0xFA6700Fcf753e92A4837bb0f205586Cd3eDAC023
0xc007e37b4d85a24669f7784f26712739586c5a4c,,,,,,,105313181206419310000,0xFA6700Fcf753e92A4837bb0f205586Cd3eDAC023
0xc11b75d7856eb08044f6af3b622deb4ea007dff2,,,,,,,113026210731013,0xFA6700Fcf753e92A4837bb0f205586Cd3eDAC023
0xc1328745ee9a2a5d2ad735a06deb0f77209a9cdc,,,,,,,143054082513484,0xFA6700Fcf753e92A4837bb0f205586Cd3eDAC023
0xc14b673b8a5353557938375937535a6f655aa852,,,,,,,2388004614075775,0xFA6700Fcf753e92A4837bb0f205586Cd3eDAC023
0xc1bb5aa56c8db9aeba0eeb89889e5265ebd6bfa5,,,,,,,144184679438119,0xFA6700Fcf753e92A4837bb0f205586Cd3eDAC023
0xc1e8bcd06f0336bdae77bafe980d6c67c07ebb3c,,,,,,,87815304166921,0xFA6700Fcf753e92A4837bb0f205586Cd3eDAC023
0xc1f420a783810fd23d3e501b4798ce6bc83b1bc9,,,,,,,679191001206846,0xFA6700Fcf753e92A4837bb0f205586Cd3eDAC023
0xc228dc9344567c2119e0ad8bccea9bbdc86e7f63,,,,,,,120592227464751,0xFA6700Fcf753e92A4837bb0f205586Cd3eDAC023
0xc22c2b5b6acd37561203198d07d7e09b4dc0d1b2,,,,,,,183158834053796,0xFA6700Fcf753e92A4837bb0f205586Cd3eDAC023
0xc23ed3f9141304e3e618de32eb42681e4e75fcee,,,,,,,91771531372925440,0xFA6700Fcf753e92A4837bb0f205586Cd3eDAC023
0xc2ae169de09bdb093d12b36d14479bbad692e509,,,,,,,333443822939329,0xFA6700Fcf753e92A4837bb0f205586Cd3eDAC023
0xc2ba670fae96628892df92272ed90a3ffe259592,,,,,,,449636905436872,0xFA6700Fcf753e92A4837bb0f205586Cd3eDAC023
0xc313d664353f5f3d8333e9ede3d7d76390d672b2,,,,,,,343566066494671,0xFA6700Fcf753e92A4837bb0f205586Cd3eDAC023
0xc31f11c815ea6d75ce6d2289e51e552e34618b31,,,,,,,131399481494972,0xFA6700Fcf753e92A4837bb0f205586Cd3eDAC023
0xc425de73a1861ce0e65cc18531fbb185aaf24e46,,,,,,,52656590595653430000,0xFA6700Fcf753e92A4837bb0f205586Cd3eDAC023
0xc42ae9062fba871ecd7e65cc32a4a4c0651036aa,,,,,,,126845092638948,0xFA6700Fcf753e92A4837bb0f205586Cd3eDAC023
0xc4456a785044d94a0324d4206d18d89c806ddf42,,,,,,,278636417643977,0xFA6700Fcf753e92A4837bb0f205586Cd3eDAC023
0xc49652b682f72b46c44279b42a539f69c5f7efcd,,,,,,,114897797677143,0xFA6700Fcf753e92A4837bb0f205586Cd3eDAC023
0xc4e5b1153b8c334d60ef83226b83a1a0ba811543,,,,,,,1780543227811,0xFA6700Fcf753e92A4837bb0f205586Cd3eDAC023
0xc4e6c10acb2b10cc320c5e963978e8023da93e9c,,,,,,,149405720935040,0xFA6700Fcf753e92A4837bb0f205586Cd3eDAC023
0xc55201a231d405182785efeccaf7babaa77fb70d,,,,,,,663117351602844,0xFA6700Fcf753e92A4837bb0f205586Cd3eDAC023
0xc5e7e12416fe85facac78b26cf207a1f20c4a916,,,,,,,3310769440625,0xFA6700Fcf753e92A4837bb0f205586Cd3eDAC023
0xc62188bdb24d2685aed8fa491e33efba47db63c2,116690.704308,1.0,1.0,2026-06-08 00:00:00,2026-06-08 00:00:00,0.375,26981178291802505000,0xFA6700Fcf753e92A4837bb0f205586Cd3eDAC023
0xc62fc063bb46bd5e3e6e53de7e9e523dc036964c,,,,,,,7758607432648883,0xFA6700Fcf753e92A4837bb0f205586Cd3eDAC023
0xc653e9188532238a36dd2c02d63ee1931f3e46f0,,,,,,,52656590595653430000,0xFA6700Fcf753e92A4837bb0f205586Cd3eDAC023
0xc67d9d48243cdbbfb87c75e0e32fd8ccc6b81fb2,,,,,,,17346761644181,0xFA6700Fcf753e92A4837bb0f205586Cd3eDAC023
0xc73d1f2de4b17be53cb4792ca56e7716cd070495,,,,,,,52656590595653430000,0xFA6700Fcf753e92A4837bb0f205586Cd3eDAC023
0xc7480bff1850ad8dbd8ad22b3948cf34b58e2cca,,,,,,,2497612576475,0xFA6700Fcf753e92A4837bb0f205586Cd3eDAC023
0xc7633c8da4783ed7f08802dea2c0eebaedd40010,,,,,,,39993684923356,0xFA6700Fcf753e92A4837bb0f205586Cd3eDAC023
0xc771a77617fba4403e70e1fe0b1d4131e00ae273,,,,,,,52656590595653430000,0xFA6700Fcf753e92A4837bb0f205586Cd3eDAC023
0xc7da7629753d4fc5c97aa3d87abb89cb53dcf39c,,,,,,,409018346576518,0xFA6700Fcf753e92A4837bb0f205586Cd3eDAC023
0xc7f8f0838229d92cdc3630ecd9e5279173f7dd6e,,,,,,,548074317233424,0xFA6700Fcf753e92A4837bb0f205586Cd3eDAC023
0xc803873e46b09d6233ad8080bc94633de39ae308,,,,,,,141691966266801,0xFA6700Fcf753e92A4837bb0f205586Cd3eDAC023
0xc8bd837f3e2c3923db1415def0bb8c17f6fe3ec9,,,,,,,305163721246346,0xFA6700Fcf753e92A4837bb0f205586Cd3eDAC023
0xc9611e0c3108faec9f75b31aca8658e564a2de36,,,,,,,128336384245166,0xFA6700Fcf753e92A4837bb0f205586Cd3eDAC023
0xc990ca8ec9bb0a5f38cea6c2e8447e454ddbda6e,,,,,,,129974287204191,0xFA6700Fcf753e92A4837bb0f205586Cd3eDAC023
0xc9c4c1001d52ec8fe480bf9952c58b3f3839bf20,,,,,,,1648032068593,0xFA6700Fcf753e92A4837bb0f205586Cd3eDAC023
0xc9d41f7f849e4b760626dbab2d942de33d75bf41,,,,,,,254196086679782,0xFA6700Fcf753e92A4837bb0f205586Cd3eDAC023
0xc9e33704edf94a3ab57b25677ececd7fad9f83f0,,,,,,,129400095469944,0xFA6700Fcf753e92A4837bb0f205586Cd3eDAC023
0xca4157455a6e4fa063cc17389e44ed4d18cf9324,,,,,,,24788876668188,0xFA6700Fcf753e92A4837bb0f205586Cd3eDAC023
0xca6817dab36850d58375a10c78703ce49d41d25a,,,,,,,105313181206419310000,0xFA6700Fcf753e92A4837bb0f205586Cd3eDAC023
0xcaa911b9900e2d7928baf991bb349dc0e8d443b5,,,,,,,211104076704141,0xFA6700Fcf753e92A4837bb0f205586Cd3eDAC023
0xcadb094f8711df4ce2ae4bdf41e3e19d7a521266,,,,,,,52656590595653430000,0xFA6700Fcf753e92A4837bb0f205586Cd3eDAC023
0xcae2fda51a1116c6a3025d55fd08a8a704e91dc9,,,,,,,118087344861997,0xFA6700Fcf753e92A4837bb0f205586Cd3eDAC023
0xcb0846eb4d89fa6d801bd219066ed55e3638abae,,,,,,,137886601946397,0xFA6700Fcf753e92A4837bb0f205586Cd3eDAC023
0xcb825c63bdd48f46c8ed2559fc32dd8890876b39,,,,,,,112062475885327,0xFA6700Fcf753e92A4837bb0f205586Cd3eDAC023
0xcb9592d22f8741186b6a138ed9eadb3760b7c021,,,,,,,1560086399300,0xFA6700Fcf753e92A4837bb0f205586Cd3eDAC023
0xcbe4a1d4e98d8c330dfdb461001e7dc2c458f4ff,,,,,,,52656590595653430000,0xFA6700Fcf753e92A4837bb0f205586Cd3eDAC023
0xcbedbbbfc5719919f641210e4421d41b231e158c,,,,,,,2091182080393,0xFA6700Fcf753e92A4837bb0f205586Cd3eDAC023
0xcc165987007ada429807b7c7f29b050683bc8cb7,,,,,,,52656590595653430000,0xFA6700Fcf753e92A4837bb0f205586Cd3eDAC023
0xcca8e5beece02affa32e6267835221f35bb7cb23,,,,,,,142514433074071,0xFA6700Fcf753e92A4837bb0f205586Cd3eDAC023
0xccc7f9ac1d3794a6a28d08710caad016710208b2,20831.689422,1.0,1.0,2026-06-08 00:00:00,2026-06-08 00:00:00,0.2916666666666667,4816694952246549500,0xFA6700Fcf753e92A4837bb0f205586Cd3eDAC023
0xccf2daba8bb04a232a2fda0d01010d4ef6c69b85,,,,,,,171423319229311850000000,0xFA6700Fcf753e92A4837bb0f205586Cd3eDAC023
0xcda5da14611dc814936629d97299a9404247995d,,,,,,,126922393397204,0xFA6700Fcf753e92A4837bb0f205586Cd3eDAC023
0xcda7a5a824f5d71d5e4d48debfd7d2ff5dd1b604,,,,,,,120314517685762,0xFA6700Fcf753e92A4837bb0f205586Cd3eDAC023
0xcdaa63e7762d078c07f344eb05b1d6c792fff2e5,,,,,,,94530187926,0xFA6700Fcf753e92A4837bb0f205586Cd3eDAC023
0xcddc34edcff235ed94cc79c559a540962da0af45,,,,,,,1952106451362,0xFA6700Fcf753e92A4837bb0f205586Cd3eDAC023
0xce098865d5584a9e22dd6318cca410b5f46cb38a,,,,,,,141201554502508,0xFA6700Fcf753e92A4837bb0f205586Cd3eDAC023
0xce3f9384e107c37b70d7ce9aae3d6972cf071679,,,,,,,202886219357474,0xFA6700Fcf753e92A4837bb0f205586Cd3eDAC023
0xceb79934f00bd41a8749965b78824fb157bd2e9f,,,,,,,52656590595653430000,0xFA6700Fcf753e92A4837bb0f205586Cd3eDAC023
0xcef78991df18b131eed7bbf91c3c7da2e78338e5,,,,,,,157969771802072740000,0xFA6700Fcf753e92A4837bb0f205586Cd3eDAC023
0xcf106c310c9011cd9f00651f54ba98736f9c807a,,,,,,,29952939215176,0xFA6700Fcf753e92A4837bb0f205586Cd3eDAC023
0xcf2e5db58db8d9ece60d1b4e2667c3f84ee21516,,,,,,,52656590595653430000,0xFA6700Fcf753e92A4837bb0f205586Cd3eDAC023
0xcfd2952da039d3ab9f185dfdb122bf27aa742152,,,,,,,128009212811306,0xFA6700Fcf753e92A4837bb0f205586Cd3eDAC023
0xd061f0863caa6d5af96781789da8bda834bf1db4,,,,,,,597600943445248,0xFA6700Fcf753e92A4837bb0f205586Cd3eDAC023
0xd0de469a46c463cd6af6904fc1a0d1a624aebb4e,,,,,,,144547379406762,0xFA6700Fcf753e92A4837bb0f205586Cd3eDAC023
0xd0eac4ff30b0589e2d379ddf827d8f2706666c5f,,,,,,,391026362047595970,0xFA6700Fcf753e92A4837bb0f205586Cd3eDAC023
0xd0ebcf4b49a1dfebec5e2dd9e84a523e84e7cdb4,,,,,,,52656590595653430000,0xFA6700Fcf753e92A4837bb0f205586Cd3eDAC023
0xd114b0fc5bcd540cd8a6627705103fb530a4db16,,,,,,,52656590595653430000,0xFA6700Fcf753e92A4837bb0f205586Cd3eDAC023
0xd179f69b181b8630642b60b0f1a70fa722e41859,,,,,,,195668858697498,0xFA6700Fcf753e92A4837bb0f205586Cd3eDAC023
0xd1974322bf4fd3b92c1f01215b22d1182c960227,,,,,,,117741111050257,0xFA6700Fcf753e92A4837bb0f205586Cd3eDAC023
0xd248e620bf3d9e915e789714ec2bc38461cecfab,,,,,,,52656590595653430000,0xFA6700Fcf753e92A4837bb0f205586Cd3eDAC023
0xd2ab7f82cf50a1c201730069f8adc939e7111fcf,,,,,,,1746142489800,0xFA6700Fcf753e92A4837bb0f205586Cd3eDAC023
0xd2dd2307383b392fe36908fb58bc0258ef560b26,,,,,,,105313181206419310000,0xFA6700Fcf753e92A4837bb0f205586Cd3eDAC023
0xd2eedf128a46e5cf2ed9f7ad60d7cdfc828abdef,,,,,,,28609740954365,0xFA6700Fcf753e92A4837bb0f205586Cd3eDAC023
0xd2f0f0980eb5f426eb92a9b4d053be06c6117f63,,,,,,,13347642688779,0xFA6700Fcf753e92A4837bb0f205586Cd3eDAC023
0xd2f931fbaaa5b39f14c147f843bbf1a13186399c,,,,,,,32039823557535,0xFA6700Fcf753e92A4837bb0f205586Cd3eDAC023
0xd3c5ddb7d775cc0fee00a3da03241535aa548850,,,,,,,227477036362150,0xFA6700Fcf753e92A4837bb0f205586Cd3eDAC023
0xd41fb19bafc0949cfdd8c25675ec4098fef41cb0,,,,,,,157969771802072740000,0xFA6700Fcf753e92A4837bb0f205586Cd3eDAC023
0xd42f7e082ce42d89797775b5b328c54df7a22726,,,,,,,157969771802072740000,0xFA6700Fcf753e92A4837bb0f205586Cd3eDAC023
0xd495331b106324f41b5d824f8f3ce1fa87a133aa,,,,,,,155661930819508,0xFA6700Fcf753e92A4837bb0f205586Cd3eDAC023
0xd495daac3bc1895912e3a68cab70cc827e48f1e4,,,,,,,317879311507876,0xFA6700Fcf753e92A4837bb0f205586Cd3eDAC023
0xd4bb555d3b0d7ff17c606161b44e372689c14f4b,,,,,,,1456760051678335,0xFA6700Fcf753e92A4837bb0f205586Cd3eDAC023
0xd4cf93ae2ace6653c8451f8701052a0ef7ba713b,,,,,,,2564178305260,0xFA6700Fcf753e92A4837bb0f205586Cd3eDAC023
0xd4d3bc8f7bcf818751fedbf27950952bf9178c74,,,,,,,148885818976126,0xFA6700Fcf753e92A4837bb0f205586Cd3eDAC023
0xd5281b0011eb37ab391e59add92ccb33a6870816,999819.3900646027,1.0,1.0,2026-06-08 00:00:00,2026-06-08 00:00:00,0.5833333333333334,231177842167543200000,0xFA6700Fcf753e92A4837bb0f205586Cd3eDAC023
0xd5ee523e537e3e01540e5a330589b007534109e6,,,,,,,105313181206419310000,0xFA6700Fcf753e92A4837bb0f205586Cd3eDAC023
0xd629cd5bb273ac1a43ec82b8b4e60aa1e91b954f,,,,,,,52656590595653430000,0xFA6700Fcf753e92A4837bb0f205586Cd3eDAC023
0xd62d50749d5216a403ba24a76fed82231f120774,,,,,,,4242794758777767400,0xFA6700Fcf753e92A4837bb0f205586Cd3eDAC023
0xd6365f8efa0039923983355ee12b1d0694e7b468,,,,,,,39169966786178,0xFA6700Fcf753e92A4837bb0f205586Cd3eDAC023
0xd6368d2e97695a30678e5ec2668f23c05320522e,,,,,,,40932739671197,0xFA6700Fcf753e92A4837bb0f205586Cd3eDAC023
0xd6adc9883d42aa2bc819eb78f8c93d0ffac8f4dc,,,,,,,14175365122165,0xFA6700Fcf753e92A4837bb0f205586Cd3eDAC023
0xd6f522adce56f97b2ccea1031dee88f32400d90f,,,,,,,324419885152,0xFA6700Fcf753e92A4837bb0f205586Cd3eDAC023
0xd75cb066fa6dca808d14b3c3f111576e6dda4d00,,,,,,,155595722729276,0xFA6700Fcf753e92A4837bb0f205586Cd3eDAC023
0xd7f5b619441fafe525ea3abebcd4a961c1227426,,,,,,,52656590595653430000,0xFA6700Fcf753e92A4837bb0f205586Cd3eDAC023
0xd820c5a05e79fc06ef7e54377f902d5d6fa1a0c4,,,,,,,105313181206419310000,0xFA6700Fcf753e92A4837bb0f205586Cd3eDAC023
0xd82e9fbad52d6ca5596d6b75a20f3cb9a30ffed1,,,,,,,129712484645296,0xFA6700Fcf753e92A4837bb0f205586Cd3eDAC023
0xd84e19e2c0819573859bacabff974f13b6296676,,,,,,,31187644398514,0xFA6700Fcf753e92A4837bb0f205586Cd3eDAC023
0xd861415f6703ab50ce101c7e6f6a80ada1fc2b1c,,,,,,,29105073207276588,0xFA6700Fcf753e92A4837bb0f205586Cd3eDAC023
0xd87319234b60166651fb69f8a5e660f0e30df6ba,,,,,,,22769503386870,0xFA6700Fcf753e92A4837bb0f205586Cd3eDAC023
0xd8a3daf192c9aee9cbacf04e28f0762ce8941ac8,,,,,,,490950700075509,0xFA6700Fcf753e92A4837bb0f205586Cd3eDAC023
0xd8d93e91ea5f24d0e2a328bc242055d40f00be1a,,,,,,,52656590595653430000,0xFA6700Fcf753e92A4837bb0f205586Cd3eDAC023
0xd8df9a3920b1a4f22f02e909b84f806db787657f,,,,,,,429697010940587,0xFA6700Fcf753e92A4837bb0f205586Cd3eDAC023
0xd8f84c7a76d1b16ebf88cc70805234f06e44c214,,,,,,,17917749617439,0xFA6700Fcf753e92A4837bb0f205586Cd3eDAC023
0xd9004af638f129ba76c1d0c17b9d2c2b17bd4748,,,,,,,133334145270120,0xFA6700Fcf753e92A4837bb0f205586Cd3eDAC023
0xd9574b34f42874d33b040548548fc2249bde649d,,,,,,,290754844880952,0xFA6700Fcf753e92A4837bb0f205586Cd3eDAC023
0xd97cc9f16b5a09312f65076871d199022374e7f3,,,,,,,28167996587635,0xFA6700Fcf753e92A4837bb0f205586Cd3eDAC023
0xd9995dabb781dcc8ec408fea5f293712febf17db,,,,,,,37724392565747,0xFA6700Fcf753e92A4837bb0f205586Cd3eDAC023
0xd9d651fe1b9b930e94e01b30de834863f051d770,,,,,,,622225337363681,0xFA6700Fcf753e92A4837bb0f205586Cd3eDAC023
0xda5bad74ece4cc5a2b3eb1d7fcaee26d35fda890,,,,,,,52656590595653430000,0xFA6700Fcf753e92A4837bb0f205586Cd3eDAC023
0xda752a97a4972a0fb6b977d75759343096fabb5d,,,,,,,52656590595653430000,0xFA6700Fcf753e92A4837bb0f205586Cd3eDAC023
0xdaac4d9ebd8f2b3466ff70d0d0f5239910ee88a0,,,,,,,127070886098911,0xFA6700Fcf753e92A4837bb0f205586Cd3eDAC023
0xdaaf3c8f3d6accdef64b814e4267d861cf546391,,,,,,,52656590595653430000,0xFA6700Fcf753e92A4837bb0f205586Cd3eDAC023
0xdad15c110d63911fc53cd3c185f0a48fc5fe81f9,,,,,,,315118556949295,0xFA6700Fcf753e92A4837bb0f205586Cd3eDAC023
0xdae261031bef3eba808a1eff4ce038e10cbb25b8,,,,,,,141646031584204,0xFA6700Fcf753e92A4837bb0f205586Cd3eDAC023
0xdaed8b30893ddc9df16dff5a863efcf6f9380fc1,,,,,,,114224715237802,0xFA6700Fcf753e92A4837bb0f205586Cd3eDAC023
0xdaf0f490d8f8a5fdbbddfa95c89b160093ee831f,,,,,,,269983566510150,0xFA6700Fcf753e92A4837bb0f205586Cd3eDAC023
0xdb17a35d6c1f617fbbc51d10062e07bd2007750b,,,,,,,11499307716441,0xFA6700Fcf753e92A4837bb0f205586Cd3eDAC023
0xdb5319a63d5117ef98e2875351d988754c1746b5,,,,,,,116357346532895,0xFA6700Fcf753e92A4837bb0f205586Cd3eDAC023
0xdb5dc738a9361ac109e4b9bb8813b35680a2e6b2,,,,,,,52656590595653430000,0xFA6700Fcf753e92A4837bb0f205586Cd3eDAC023
0xdbb8d2a04ff901dc71ba1596fe202b8eb3e10556,,,,,,,119282222152411,0xFA6700Fcf753e92A4837bb0f205586Cd3eDAC023
0xdbc7413d859100eb142bf8515e18b7cf983f3c19,,,,,,,1928273264292,0xFA6700Fcf753e92A4837bb0f205586Cd3eDAC023
0xdbdee04c72a02a740b9f26ada9203582c8a99daf,,,,,,,782106507,0xFA6700Fcf753e92A4837bb0f205586Cd3eDAC023
0xdd10e84e45b49c08f568b1eaf9b181e564d68c77,,,,,,,2554399138739,0xFA6700Fcf753e92A4837bb0f205586Cd3eDAC023
0xdd18dcb7df6b324298213b37ef21c5d88f4b353b,,,,,,,128466465244343,0xFA6700Fcf753e92A4837bb0f205586Cd3eDAC023
0xdd1a8f60198500184c05310293078e49df680928,,,,,,,139164632427988,0xFA6700Fcf753e92A4837bb0f205586Cd3eDAC023
0xdd3727362a290757ff6161e102a9b7789b35ad82,,,,,,,144392009,0xFA6700Fcf753e92A4837bb0f205586Cd3eDAC023
0xdd3b7d7dae4ccf333fad0c6365b18c81f8364518,,,,,,,13287930011312,0xFA6700Fcf753e92A4837bb0f205586Cd3eDAC023
0xdd5f3ba39be2612ea4a7d0b5523866a5043af973,,,,,,,13676736176718,0xFA6700Fcf753e92A4837bb0f205586Cd3eDAC023
0xddb884d2b74afff0a414260d996c558dedf7bd26,,,,,,,140455022096010,0xFA6700Fcf753e92A4837bb0f205586Cd3eDAC023
0xde0fd401fa29d92b19a6b910d6cb3da07140ca61,,,,,,,152311556655655,0xFA6700Fcf753e92A4837bb0f205586Cd3eDAC023
0xde2bf4eb1cbf47039b84741b04f1b14e3ebf20e2,,,,,,,29101357673012,0xFA6700Fcf753e92A4837bb0f205586Cd3eDAC023
0xde4a1b2ea88ec03e93aad9d4c5bffeb18687d079,9064033.83324,1.0,1.0,2026-06-08 00:00:00,2026-06-08 00:00:00,0.7916666666666666,2095782302008201000000,0xFA6700Fcf753e92A4837bb0f205586Cd3eDAC023
0xde4a35699b172514360e86e365fc0e5bed508b09,,,,,,,626258684515731,0xFA6700Fcf753e92A4837bb0f205586Cd3eDAC023
0xde505f3bd60274d515308421b9acfdbb9d48cfba,,,,,,,116242823823332,0xFA6700Fcf753e92A4837bb0f205586Cd3eDAC023
0xde569071cce220f29e800ea080940cfcc6e93bb7,,,,,,,55147571605008,0xFA6700Fcf753e92A4837bb0f205586Cd3eDAC023
0xde5ae4de36c966747ea7df13bd9589642e2b1d0d,,,,,,,888366796969617020,0xFA6700Fcf753e92A4837bb0f205586Cd3eDAC023
0xde621223d04b38179b92e3c98a2f92fdf86efc98,,,,,,,52656590595653430000,0xFA6700Fcf753e92A4837bb0f205586Cd3eDAC023
0xde75e318519c38d205041096385ddb041a9123e4,,,,,,,52656590595653430000,0xFA6700Fcf753e92A4837bb0f205586Cd3eDAC023
0xdf03a7aa5c28cd06cd524542de55865626559212,,,,,,,408248082239619,0xFA6700Fcf753e92A4837bb0f205586Cd3eDAC023
0xdfb3fb4a6f7aeb73b304359b336109c50662da7a,,,,,,,345448735780645,0xFA6700Fcf753e92A4837bb0f205586Cd3eDAC023
0xe0df64dfbe7a82c8d02ca2f1bd9601f75b417c81,,,,,,,401741097052472,0xFA6700Fcf753e92A4837bb0f205586Cd3eDAC023
0xe10a296a7235ac9d278e87d5837aae318823390f,,,,,,,35175693367386,0xFA6700Fcf753e92A4837bb0f205586Cd3eDAC023
0xe12c7bb2ff754988006cac84673ac6b1649fb597,,,,,,,126025116948235,0xFA6700Fcf753e92A4837bb0f205586Cd3eDAC023
0xe191bb75dcd4c3482124a4eaa945026af4bbe5a2,,,,,,,52656590595653430000,0xFA6700Fcf753e92A4837bb0f205586Cd3eDAC023
0xe1c86cb8a38772b8046e018d35561b2b59c7399a,,,,,,,138237509968465,0xFA6700Fcf753e92A4837bb0f205586Cd3eDAC023
0xe2551f91193f127a99af86c5ef6562b4e5a556af,,,,,,,192175706758303,0xFA6700Fcf753e92A4837bb0f205586Cd3eDAC023
0xe31a3e7c014b180e0eaa4bc083cd8ab6a5a9623e,,,,,,,778481374066411,0xFA6700Fcf753e92A4837bb0f205586Cd3eDAC023
0xe34818309bdfd0b9951f246e8601e2e6f98480cf,,,,,,,360141989676643,0xFA6700Fcf753e92A4837bb0f205586Cd3eDAC023
0xe349bd3eaedbdac74b85f8cca774592470e9ee4a,,,,,,,223325334340664,0xFA6700Fcf753e92A4837bb0f205586Cd3eDAC023
0xe359f340a0ff6d5b535067793773dd31b61187b5,,,,,,,78024083849105,0xFA6700Fcf753e92A4837bb0f205586Cd3eDAC023
0xe37c3d584a476b250dc429073d83a087145c4095,,,,,,,187670604788140,0xFA6700Fcf753e92A4837bb0f205586Cd3eDAC023
0xe400e558befc3358c2a0f7cca48ac209d0c15656,,,,,,,6093825577909,0xFA6700Fcf753e92A4837bb0f205586Cd3eDAC023
0xe40a2db39b1f23c52d50e1b7436fca3bbb2c3aa7,,,,,,,138577632737754,0xFA6700Fcf753e92A4837bb0f205586Cd3eDAC023
0xe41c917a7608912ffa9262797c8197311ed648ba,,,,,,,49344381017297,0xFA6700Fcf753e92A4837bb0f205586Cd3eDAC023
0xe442f446bb6bd9e4aa13faba1a2e370943753505,,,,,,,3306139580719,0xFA6700Fcf753e92A4837bb0f205586Cd3eDAC023
0xe46827825ad452680e933913b9edbb0c9fb57a09,,,,,,,2202873775420194,0xFA6700Fcf753e92A4837bb0f205586Cd3eDAC023
0xe475e99bc6fbe41f10118c8f5d5ad99e2261c871,,,,,,,20900662116560,0xFA6700Fcf753e92A4837bb0f205586Cd3eDAC023
0xe5235502657a4107f691283654de9bb6c0eb8f3c,,,,,,,319267811394592,0xFA6700Fcf753e92A4837bb0f205586Cd3eDAC023
0xe556da28015c04f35a52b3111b9f4120e908056e,,,,,,,52656590595653430000,0xFA6700Fcf753e92A4837bb0f205586Cd3eDAC023
0xe58bdf25121b110554e678fd80f42421075bdece,,,,,,,297172603704464,0xFA6700Fcf753e92A4837bb0f205586Cd3eDAC023
0xe61458094a0be9fa2394427ad688d10b73b5d466,,,,,,,101697446583471,0xFA6700Fcf753e92A4837bb0f205586Cd3eDAC023
0xe6194767f06602683cd10d6385397c7b5a9eeebd,,,,,,,24322782907893,0xFA6700Fcf753e92A4837bb0f205586Cd3eDAC023
0xe64c848df44a22e3e44d0bf1d59c8dfe067959e5,,,,,,,28234380054417,0xFA6700Fcf753e92A4837bb0f205586Cd3eDAC023
0xe6eefb0e8c984a617967ec4234a58e07b4e8ae14,,,,,,,287035540628161,0xFA6700Fcf753e92A4837bb0f205586Cd3eDAC023
0xe774308562604771318d9486601fd1032fe70b96,,,,,,,4061356164126,0xFA6700Fcf753e92A4837bb0f205586Cd3eDAC023
0xe7f373d652bea36dade8a5ba8bd6689e9b9f6673,,,,,,,52656590595653430000,0xFA6700Fcf753e92A4837bb0f205586Cd3eDAC023
0xe8b3979447d01dda47dafed89be75ca1a7e00f6b,,,,,,,339515246694433,0xFA6700Fcf753e92A4837bb0f205586Cd3eDAC023
0xe8cce7552236059dd961b39b49f809bed420f3d7,,,,,,,182963629018280,0xFA6700Fcf753e92A4837bb0f205586Cd3eDAC023
0xe8f5c2570607105cab4cabb65bc56ef509beb0bc,,,,,,,24122065054322,0xFA6700Fcf753e92A4837bb0f205586Cd3eDAC023
0xe8f61256f78e0ca9be6361682713c0f9d250e3d4,,,,,,,118860923127139,0xFA6700Fcf753e92A4837bb0f205586Cd3eDAC023
0xe96b4fa591d7341bd21e3f2e21166837b3b4a458,,,,,,,402048213793100,0xFA6700Fcf753e92A4837bb0f205586Cd3eDAC023
0xe96d476fb23413b34c848f8fc06bdb0be354121e,,,,,,,192103273813124,0xFA6700Fcf753e92A4837bb0f205586Cd3eDAC023
0xe98afdd85438000707165da41342885c59fe592e,,,,,,,202869940930434,0xFA6700Fcf753e92A4837bb0f205586Cd3eDAC023
0xe98e19248b22e9fbd0d06bf0373d2a4f3e1ef027,,,,,,,725878015989353,0xFA6700Fcf753e92A4837bb0f205586Cd3eDAC023
0xea839fa4c85203d96d989623e335a4d8e86e9f66,,,,,,,52656590595653430000,0xFA6700Fcf753e92A4837bb0f205586Cd3eDAC023
0xea8dd12d029b64e67e8a0dfb5c6e8bbbcdc3eb1e,,,,,,,139815661975003,0xFA6700Fcf753e92A4837bb0f205586Cd3eDAC023
0xead2e001d3f3363fe851b4c141f37271ce9f2cf3,,,,,,,415113351592101,0xFA6700Fcf753e92A4837bb0f205586Cd3eDAC023
0xeb0489ccf767113df9a70b7d003dc7a36e06be4b,,,,,,,278636868438665,0xFA6700Fcf753e92A4837bb0f205586Cd3eDAC023
0xeb2e3aebb7224006cf3f16f939a6589302cd8e85,,,,,,,10876237565734,0xFA6700Fcf753e92A4837bb0f205586Cd3eDAC023
0xeb837f4ebae7e35e168bae0fc255dd7df92021cb,,,,,,,125648909947565,0xFA6700Fcf753e92A4837bb0f205586Cd3eDAC023
0xebb9398861309f2ebfa64cc8931f2167f25322e6,,,,,,,733993185708375,0xFA6700Fcf753e92A4837bb0f205586Cd3eDAC023
0xece4013a2eb2164ac84663a935fe283ca8d56051,,,,,,,660317307026762,0xFA6700Fcf753e92A4837bb0f205586Cd3eDAC023
0xecf569858fc9bb45a9b46356eded5fc2c4cf6439,,,,,,,135703353252821,0xFA6700Fcf753e92A4837bb0f205586Cd3eDAC023
0xed2223b55e8085fff9c9b3ac964ae2696cd6618b,6946121.584999997,1.0,1.0,2026-06-08 00:00:00,2026-06-08 00:00:00,0.75,1606079473363621500000,0xFA6700Fcf753e92A4837bb0f205586Cd3eDAC023
0xed37bdeca9c187a5e4372295cf03ecb260982dbd,,,,,,,180640455152224,0xFA6700Fcf753e92A4837bb0f205586Cd3eDAC023
0xee0fddcdbbe6bae1aefae6508efaf58d3c920ce9,,,,,,,9523977845667,0xFA6700Fcf753e92A4837bb0f205586Cd3eDAC023
0xee29cffbed39be9a9142b5f8f3c5cb770c363b88,,,,,,,137946462458600,0xFA6700Fcf753e92A4837bb0f205586Cd3eDAC023
0xee4f045f41a6ede8444af2e33fffc47514c41dd7,,,,,,,301125458690584,0xFA6700Fcf753e92A4837bb0f205586Cd3eDAC023
0xee730a25ca18b1ba36f5992ba50e562b70391954,,,,,,,7328303478707165,0xFA6700Fcf753e92A4837bb0f205586Cd3eDAC023
0xeed46b612376b0e0da895c0eb355f52493e844c2,,,,,,,125211328850014,0xFA6700Fcf753e92A4837bb0f205586Cd3eDAC023
0xeeda1b827e47ce5994713a305e699e9f812de44a,2322754.9133999995,1.0,1.0,2026-06-08 00:00:00,2026-06-08 00:00:00,0.6666666666666666,537066468304015000000,0xFA6700Fcf753e92A4837bb0f205586Cd3eDAC023
0xeee2a8590120a258009359ad4cd52464508e0ce9,,,,,,,128507549327496,0xFA6700Fcf753e92A4837bb0f205586Cd3eDAC023
0xef6ee1ece8664605493e69de51f490c096beeaa7,,,,,,,52656590595653430000,0xFA6700Fcf753e92A4837bb0f205586Cd3eDAC023
0xefa991c978f7129593b851ba9e29aa6794f217f2,,,,,,,16477846753609690000,0xFA6700Fcf753e92A4837bb0f205586Cd3eDAC023
0xefb5f9fe9372bb44ca45f28dd88b7629a30f72fb,,,,,,,746390935743066,0xFA6700Fcf753e92A4837bb0f205586Cd3eDAC023
0xf0068b0bb48f2fc9f91d39530ef922cc38495742,,,,,,,105671850608734,0xFA6700Fcf753e92A4837bb0f205586Cd3eDAC023
0xf0507043e4ce3cbbd5e015152a190551c605370e,,,,,,,128433323329233,0xFA6700Fcf753e92A4837bb0f205586Cd3eDAC023
0xf08e22139f77506e6aacd84184d92cc1b79a77e4,,,,,,,105313181206419310000,0xFA6700Fcf753e92A4837bb0f205586Cd3eDAC023
0xf1716f4811a4c3dd0f01e597a8702dec49af5cc5,,,,,,,137287485478195,0xFA6700Fcf753e92A4837bb0f205586Cd3eDAC023
0xf1855aa2700349958a9cc27bd9262c444d8d4999,,,,,,,52656590595653430000,0xFA6700Fcf753e92A4837bb0f205586Cd3eDAC023
0xf19104757d9185d1822ff395f010e338f60831e7,,,,,,,599471858857153,0xFA6700Fcf753e92A4837bb0f205586Cd3eDAC023
0xf1a2ca33b6fa8ddeca5fba3ffd71e5f6c676b284,,,,,,,30902099783551,0xFA6700Fcf753e92A4837bb0f205586Cd3eDAC023
0xf1b085e939e20d154d3d3a5819330d02e4b66e28,,,,,,,105342508636931,0xFA6700Fcf753e92A4837bb0f205586Cd3eDAC023
0xf1bbe711c21ee84031aa6d5d3030d74d3520147c,,,,,,,136081408795229,0xFA6700Fcf753e92A4837bb0f205586Cd3eDAC023
0xf235c33f21d52216d5c13090ae6cb894e6c5ed90,1.00082321575,1.0,1.0,2026-06-08 00:00:00,2026-06-08 00:00:00,0.0,231409946343726,0xFA6700Fcf753e92A4837bb0f205586Cd3eDAC023
0xf2b0784cace4f7a966f4ad5a59c45696f83b09ba,,,,,,,172985293262699,0xFA6700Fcf753e92A4837bb0f205586Cd3eDAC023
0xf36700ff798394c4a58fe861a4661f5489d90735,,,,,,,1480614099270927870,0xFA6700Fcf753e92A4837bb0f205586Cd3eDAC023
0xf3a4e454f56e61b46488d3b7acb6d817b04fe87f,,,,,,,801165553319134,0xFA6700Fcf753e92A4837bb0f205586Cd3eDAC023
0xf3bf9ddba413825e5ddf92d15b09c2abd8d190dd,,,,,,,52656590595653430000,0xFA6700Fcf753e92A4837bb0f205586Cd3eDAC023
0xf4049ce06747295bc9be65bc6cfc6e661d2c3d1a,,,,,,,120037028848824,0xFA6700Fcf753e92A4837bb0f205586Cd3eDAC023
0xf44e42425de15a1c8cce0abb16241980e2dd38e5,,,,,,,1955521028734,0xFA6700Fcf753e92A4837bb0f205586Cd3eDAC023
0xf4611d1eb66a101edb85c8aaaa8d211f918356be,,,,,,,52656590595653430000,0xFA6700Fcf753e92A4837bb0f205586Cd3eDAC023
0xf4a920a1c9764cdd56bae4b40db355f8713617ee,,,,,,,52656590595653430000,0xFA6700Fcf753e92A4837bb0f205586Cd3eDAC023
0xf4f07681ae8441d69939e4a9d09056720f6b9ef8,,,,,,,52656590595653430000,0xFA6700Fcf753e92A4837bb0f205586Cd3eDAC023
0xf52ec5dfe11d16c13b2c52ae94fd4ec6528996fa,,,,,,,157969771802072740000,0xFA6700Fcf753e92A4837bb0f205586Cd3eDAC023
0xf55176422742452135de1d93d9c4b7c8e82e719a,,,,,,,1014056169671,0xFA6700Fcf753e92A4837bb0f205586Cd3eDAC023
0xf57d4b3c1304ee65e9d51b2eeaebe8cc307b0f22,,,,,,,52656590595653430000,0xFA6700Fcf753e92A4837bb0f205586Cd3eDAC023
0xf595be99c0ed4c53a79487f47ed11acdf755c516,,,,,,,175644624281882,0xFA6700Fcf753e92A4837bb0f205586Cd3eDAC023
0xf59d9a7838544358de29df243d27101b78485b37,,,,,,,107870131867302,0xFA6700Fcf753e92A4837bb0f205586Cd3eDAC023
0xf5aa49566931f40404643682cc0e3a96b9bc21e8,,,,,,,22520624419077,0xFA6700Fcf753e92A4837bb0f205586Cd3eDAC023
0xf5fa3a780dd9ba01e494e59f03f101a1dd82cc31,,,,,,,196990335377802,0xFA6700Fcf753e92A4837bb0f205586Cd3eDAC023
0xf60d27b9c2098962200d707f491470bcccc49006,,,,,,,111003208815725,0xFA6700Fcf753e92A4837bb0f205586Cd3eDAC023
0xf66c2f02d43010c0ed665dd35fb12f21cf4fadb3,,,,,,,52656590595653430000,0xFA6700Fcf753e92A4837bb0f205586Cd3eDAC023
0xf68da9133f27e7cecd729edac888af822bdf6ad6,,,,,,,24252471087404,0xFA6700Fcf753e92A4837bb0f205586Cd3eDAC023
0xf6ac9cda88d67d9499b1c551028a7e7e766908e7,,,,,,,167208096476848,0xFA6700Fcf753e92A4837bb0f205586Cd3eDAC023
0xf6b7986121dbbe26352f86a920e46824ab116765,,,,,,,780426129486160,0xFA6700Fcf753e92A4837bb0f205586Cd3eDAC023
0xf6d38b43ba5bf4eaaec2c7d4ffdad16dfbb95671,,,,,,,2280708236919,0xFA6700Fcf753e92A4837bb0f205586Cd3eDAC023
0xf6dc93dcaa16b1d48eb9929b9a8830331c89963a,,,,,,,23637191422251,0xFA6700Fcf753e92A4837bb0f205586Cd3eDAC023
0xf71fa0a5aafdc6484ed2894dc5ac85df6c1bcd1a,,,,,,,549190563860499,0xFA6700Fcf753e92A4837bb0f205586Cd3eDAC023
0xf76f2479d4a3d96134c0e64008df612662864520,,,,,,,52656590595653430000,0xFA6700Fcf753e92A4837bb0f205586Cd3eDAC023
0xf7e2e135f434dba9faf29e375f54f6f6a2004854,,,,,,,52656590595653430000,0xFA6700Fcf753e92A4837bb0f205586Cd3eDAC023
0xf7f49bb21585b441ee11cf84d3788d766f782699,,,,,,,20125607529192,0xFA6700Fcf753e92A4837bb0f205586Cd3eDAC023
0xf7f5ad6bf4469ee87787f701bfd817a846d8b0ec,,,,,,,22538860542544,0xFA6700Fcf753e92A4837bb0f205586Cd3eDAC023
0xf8017158a27d4c3799a8a119649bddf07f5075da,,,,,,,127779223072491,0xFA6700Fcf753e92A4837bb0f205586Cd3eDAC023
0xf8055141fc5f66a91871bdafa606b419f12f1d1d,,,,,,,52656590595653430000,0xFA6700Fcf753e92A4837bb0f205586Cd3eDAC023
0xf867f81237ae166030be69c8d8265068c04d9b9d,,,,,,,155452856050579,0xFA6700Fcf753e92A4837bb0f205586Cd3eDAC023
0xf8a71e4c6f1914feab72053559973314526396c7,,,,,,,442001334687552,0xFA6700Fcf753e92A4837bb0f205586Cd3eDAC023
0xf8af73b9a00288ff62f6f49e00267b1d929a0544,,,,,,,14313607611329,0xFA6700Fcf753e92A4837bb0f205586Cd3eDAC023
0xf8d307bc22158c8b1852881da9a7dbd97dfd7df3,,,,,,,52656590595653430000,0xFA6700Fcf753e92A4837bb0f205586Cd3eDAC023
0xf93c8f32eb376ce1fc800e67c8e5c69b4846f535,,,,,,,52656590595653430000,0xFA6700Fcf753e92A4837bb0f205586Cd3eDAC023
0xf96637933869023e1fb277b5ba95db6b889d4082,,,,,,,11110535370763,0xFA6700Fcf753e92A4837bb0f205586Cd3eDAC023
0xf966614412df64e80fad2c7108c8b657b19c3cba,1.00082321575,1.0,1.0,2026-06-08 00:00:00,2026-06-08 00:00:00,0.0,231409946343726,0xFA6700Fcf753e92A4837bb0f205586Cd3eDAC023
0xf983eb3fc572a4df4a8824f235c75c3a0c001cb7,,,,,,,117307339026057,0xFA6700Fcf753e92A4837bb0f205586Cd3eDAC023
0xf9bfbd07caddba71a31228123ccbce0d08f2364c,,,,,,,143528984591363,0xFA6700Fcf753e92A4837bb0f205586Cd3eDAC023
0xf9e29052fa16e5e02461d49547ea3d59d5e468cb,,,,,,,440719788979461,0xFA6700Fcf753e92A4837bb0f205586Cd3eDAC023
0xf9f2abcc9df889794b60f0791a784f5a97d32920,,,,,,,549884982502731650,0xFA6700Fcf753e92A4837bb0f205586Cd3eDAC023
0xfa9ca1c903ef8cad3f9686ad209aa45c723d3e75,,,,,,,29397905850132,0xFA6700Fcf753e92A4837bb0f205586Cd3eDAC023
0xfadb7b2db89cbb5b2bfb26814e9e40a8b7b9bccc,,,,,,,131980351309014,0xFA6700Fcf753e92A4837bb0f205586Cd3eDAC023
0xfb2e6d829e4061aff8ab49f1cdc8978d24f2e718,,,,,,,602607964595041,0xFA6700Fcf753e92A4837bb0f205586Cd3eDAC023
0xfb6091bed2d9a7ca758fef33e724726febe58cdf,,,,,,,52656590595653430000,0xFA6700Fcf753e92A4837bb0f205586Cd3eDAC023
0xfb6745d6c1b41fd0d27a94b58d362e232328cfe1,,,,,,,143521879410941,0xFA6700Fcf753e92A4837bb0f205586Cd3eDAC023
0xfbc36c37f580dd41e4e0cf5e4381483153d39c4d,,,,,,,52656590595653430000,0xFA6700Fcf753e92A4837bb0f205586Cd3eDAC023
0xfbd0cf97f05e759ecca2517370ee3e476aec6643,,,,,,,499857066719976,0xFA6700Fcf753e92A4837bb0f205586Cd3eDAC023
0xfc448b35f4c932dc21e1f4c415af7f772a674a26,,,,,,,212751035654562,0xFA6700Fcf753e92A4837bb0f205586Cd3eDAC023
0xfc9b404b198c7d35110903a5570299cd642999ff,,,,,,,52656590595653430000,0xFA6700Fcf753e92A4837bb0f205586Cd3eDAC023
0xfce8be4cd5093a97649a2c621cdad40dec36297d,,,,,,,52656590595653430000,0xFA6700Fcf753e92A4837bb0f205586Cd3eDAC023
0xfd039015e6f6cf6a2805de5564c32f65ea65d8a2,,,,,,,52656590595653430000,0xFA6700Fcf753e92A4837bb0f205586Cd3eDAC023
0xfd52fb43fec22181294482c5c0cdfc7a621884ae,,,,,,,16915246631120,0xFA6700Fcf753e92A4837bb0f205586Cd3eDAC023
0xfd660518dc1b52d9f67facd42bbba962b06b8e54,,,,,,,52656590595653430000,0xFA6700Fcf753e92A4837bb0f205586Cd3eDAC023
0xfd7f25a9a5404223fe7d5bf5f9547b0108961760,,,,,,,26366343572108,0xFA6700Fcf753e92A4837bb0f205586Cd3eDAC023
0xfdab7d28b01b809ae8b006bca24c4d2b30dad76a,,,,,,,11526013960221,0xFA6700Fcf753e92A4837bb0f205586Cd3eDAC023
0xfe003428a2c67bfd3b51b6c8d9a0b28fdfd3b8bf,,,,,,,105313181206419310000,0xFA6700Fcf753e92A4837bb0f205586Cd3eDAC023
0xfe0174acd46e2eb5838af9213f0c49633a00cfec,,,,,,,128109242248893,0xFA6700Fcf753e92A4837bb0f205586Cd3eDAC023
0xfe222247735b3c7ef099ba761f9477450f5256fe,15599.0771787,1.0,1.0,2026-06-08 00:00:00,2026-06-08 00:00:00,0.125,3606812428136469500,0xFA6700Fcf753e92A4837bb0f205586Cd3eDAC023
0xfea5dfed58fcd97f18d547139e9817b85074a103,,,,,,,48878867862738,0xFA6700Fcf753e92A4837bb0f205586Cd3eDAC023
0xfea66cb7571e251c4fc000beaf0ef771d5c78793,,,,,,,52656590595653430000,0xFA6700Fcf753e92A4837bb0f205586Cd3eDAC023
0xfeef177e6168f9b7fd59e6c5b6c2d87ff398c6fd,,,,,,,52656590595653430000,0xFA6700Fcf753e92A4837bb0f205586Cd3eDAC023
0xff56136bee3439fa22df7bce6a1718c9823cc346,,,,,,,509852870465936,0xFA6700Fcf753e92A4837bb0f205586Cd3eDAC023
0xff5e7f42e70904d93b67ced03be7afc15002405f,,,,,,,133568467781776,0xFA6700Fcf753e92A4837bb0f205586Cd3eDAC023
0xffc82689ae265dd09963275892263177740a3b50,,,,,,,782440200563294,0xFA6700Fcf753e92A4837bb0f205586Cd3eDAC023
