address,total_contribution,contribution_count,unique_clusters,first_contribution,last_contribution,contribution_percentile,amount,contract_address
0x000a99532e11ad7b06c26ceade3655ed64f68467,,,,,,,22233519136938,0x8df0f54F762B2d40DA738C6A1dFaF1F01E554a16
0x000a99532e11ad7b06c26ceade3655ed64f68467,,,,,,,22278347605020,0x21b8fa0E0eD5b98Ba21f406291BF433cf4682641
0x00d62617ad2059fc99f0d6692c48dcf13e94ea82,,,,,,,104767701510158,0x8df0f54F762B2d40DA738C6A1dFaF1F01E554a16
0x00d62617ad2059fc99f0d6692c48dcf13e94ea82,,,,,,,104978940025043,0x21b8fa0E0eD5b98Ba21f406291BF433cf4682641
0x010a0d6f6dd0da242faaafed264483bd2ba360de,,,,,,,93075404728066,0x8df0f54F762B2d40DA738C6A1dFaF1F01E554a16
0x010a0d6f6dd0da242faaafed264483bd2ba360de,,,,,,,93263068578505,0x21b8fa0E0eD5b98Ba21f406291BF433cf4682641
0x010bb700d230644a0da1c90e1874d312fbe28612,,,,,,,34072691889294440000,0x8df0f54F762B2d40DA738C6A1dFaF1F01E554a16
0x010bb700d230644a0da1c90e1874d312fbe28612,,,,,,,34141391161389543000,0x21b8fa0E0eD5b98Ba21f406291BF433cf4682641
0x014b14c769329556a8e814e40cf41f8d56d75fe1,,,,,,,239946968517927,0x8df0f54F762B2d40DA738C6A1dFaF1F01E554a16
0x014b14c769329556a8e814e40cf41f8d56d75fe1,,,,,,,240430763051455,0x21b8fa0E0eD5b98Ba21f406291BF433cf4682641
0x014cae32236468fe41384c1545a356d9c2a8641e,,,,,,,146910005519298,0x8df0f54F762B2d40DA738C6A1dFaF1F01E554a16
0x014cae32236468fe41384c1545a356d9c2a8641e,,,,,,,147206213710757,0x21b8fa0E0eD5b98Ba21f406291BF433cf4682641
0x0176b2a97968632b4538aad93f0cc20f06e8b758,,,,,,,97127646518575,0x8df0f54F762B2d40DA738C6A1dFaF1F01E554a16
0x0176b2a97968632b4538aad93f0cc20f06e8b758,,,,,,,97323480726152,0x21b8fa0E0eD5b98Ba21f406291BF433cf4682641
0x0289639d204efe94819b75de48933eb86ca779c0,,,,,,,117777462166245,0x8df0f54F762B2d40DA738C6A1dFaF1F01E554a16
0x0289639d204efe94819b75de48933eb86ca779c0,,,,,,,118014931690118,0x21b8fa0E0eD5b98Ba21f406291BF433cf4682641
0x02992c708a938e7b6d28b5d56e5fb7540f501bab,,,,,,,578405119361788,0x8df0f54F762B2d40DA738C6A1dFaF1F01E554a16
0x02992c708a938e7b6d28b5d56e5fb7540f501bab,,,,,,,579571332198900,0x21b8fa0E0eD5b98Ba21f406291BF433cf4682641
0x02e87aa5346669e1f23d5c8988f53fd9de48381d,,,,,,,91312321292245,0x8df0f54F762B2d40DA738C6A1dFaF1F01E554a16
0x02e87aa5346669e1f23d5c8988f53fd9de48381d,,,,,,,91496430314992,0x21b8fa0E0eD5b98Ba21f406291BF433cf4682641
0x037bcbed5b412c8613064297896a67840c0bd9cf,,,,,,,107425234745658,0x8df0f54F762B2d40DA738C6A1dFaF1F01E554a16
0x037bcbed5b412c8613064297896a67840c0bd9cf,,,,,,,107641831528080,0x21b8fa0E0eD5b98Ba21f406291BF433cf4682641
0x039abddbaf885513e4c034059986e0fe0473e33a,,,,,,,34072691889294440000,0x8df0f54F762B2d40DA738C6A1dFaF1F01E554a16
0x039abddbaf885513e4c034059986e0fe0473e33a,,,,,,,34141391161389543000,0x21b8fa0E0eD5b98Ba21f406291BF433cf4682641
0x039c6ff5972943554ecd20b30ce3c0c6daf67732,,,,,,,13955028556751,0x8df0f54F762B2d40DA738C6A1dFaF1F01E554a16
0x039c6ff5972943554ecd20b30ce3c0c6daf67732,,,,,,,13983165467889,0x21b8fa0E0eD5b98Ba21f406291BF433cf4682641
0x03d825a2ad0534e39ec7e72e659ad520e9130d98,,,,,,,68145383788367750000,0x8df0f54F762B2d40DA738C6A1dFaF1F01E554a16
0x03d825a2ad0534e39ec7e72e659ad520e9130d98,,,,,,,68282782332577680000,0x21b8fa0E0eD5b98Ba21f406291BF433cf4682641
0x03fafe1022ee34a2d2f72884244cd093075c4945,,,,,,,97015042559568,0x8df0f54F762B2d40DA738C6A1dFaF1F01E554a16
0x03fafe1022ee34a2d2f72884244cd093075c4945,,,,,,,97210649728728,0x21b8fa0E0eD5b98Ba21f406291BF433cf4682641
0x04206cb7239af7c11f40133ae3d97d2a4eeeb5ed,,,,,,,10346776020005,0x8df0f54F762B2d40DA738C6A1dFaF1F01E554a16
0x04206cb7239af7c11f40133ae3d97d2a4eeeb5ed,,,,,,,10367637770037,0x21b8fa0E0eD5b98Ba21f406291BF433cf4682641
0x042440ea217f3b262f4dd6a6dc1b77562f98a351,,,,,,,95730739418148,0x8df0f54F762B2d40DA738C6A1dFaF1F01E554a16
0x042440ea217f3b262f4dd6a6dc1b77562f98a351,,,,,,,95923757103294,0x21b8fa0E0eD5b98Ba21f406291BF433cf4682641
0x0438cdd88aec2e43899ec7301b0b14b7f4959ba4,,,,,,,30212672806701,0x8df0f54F762B2d40DA738C6A1dFaF1F01E554a16
0x0438cdd88aec2e43899ec7301b0b14b7f4959ba4,,,,,,,30273589291862,0x21b8fa0E0eD5b98Ba21f406291BF433cf4682641
0x0478faa792e45d7a3a273c081e25e550f0e12c51,,,,,,,95930779887775,0x8df0f54F762B2d40DA738C6A1dFaF1F01E554a16
0x0478faa792e45d7a3a273c081e25e550f0e12c51,,,,,,,96124200905734,0x21b8fa0E0eD5b98Ba21f406291BF433cf4682641
0x048a1648f5b4610a5faa9dc429c03116a49b12d9,,,,,,,124829886341601,0x8df0f54F762B2d40DA738C6A1dFaF1F01E554a16
0x048a1648f5b4610a5faa9dc429c03116a49b12d9,,,,,,,125081575358578,0x21b8fa0E0eD5b98Ba21f406291BF433cf4682641
0x0507ddae04044158a03315b4791e1bb189c43e1e,,,,,,,104710140820802,0x8df0f54F762B2d40DA738C6A1dFaF1F01E554a16
0x0507ddae04044158a03315b4791e1bb189c43e1e,,,,,,,104921263278597,0x21b8fa0E0eD5b98Ba21f406291BF433cf4682641
0x0508fbe4d6b92f3b647f54229668d76bf715fb63,,,,,,,97853558603623,0x8df0f54F762B2d40DA738C6A1dFaF1F01E554a16
0x0508fbe4d6b92f3b647f54229668d76bf715fb63,,,,,,,98050856435853,0x21b8fa0E0eD5b98Ba21f406291BF433cf4682641
0x05b1abeae68d396756037f80316b1a492bd4188e,,,,,,,80846679904474,0x8df0f54F762B2d40DA738C6A1dFaF1F01E554a16
0x05b1abeae68d396756037f80316b1a492bd4188e,,,,,,,81009687514169,0x21b8fa0E0eD5b98Ba21f406291BF433cf4682641
0x05ca82f89f662962018130cd0707d12c73ab62d4,,,,,,,34072691889294440000,0x8df0f54F762B2d40DA738C6A1dFaF1F01E554a16
0x05ca82f89f662962018130cd0707d12c73ab62d4,,,,,,,34141391161389543000,0x21b8fa0E0eD5b98Ba21f406291BF433cf4682641
0x05e22156054b86b257622edea814d48d2626ce26,,,,,,,11140910330900,0x8df0f54F762B2d40DA738C6A1dFaF1F01E554a16
0x05e22156054b86b257622edea814d48d2626ce26,,,,,,,11163373259063,0x21b8fa0E0eD5b98Ba21f406291BF433cf4682641
0x063882309dff155ad967bcf08db42e0ee799b602,,,,,,,34072691889294440000,0x8df0f54F762B2d40DA738C6A1dFaF1F01E554a16
0x063882309dff155ad967bcf08db42e0ee799b602,,,,,,,34141391161389543000,0x21b8fa0E0eD5b98Ba21f406291BF433cf4682641
0x0661dfd72c155f27f047a7ce190c48dd7bd1835d,,,,,,,1041787062662857,0x8df0f54F762B2d40DA738C6A1dFaF1F01E554a16
0x0661dfd72c155f27f047a7ce190c48dd7bd1835d,,,,,,,1043887572159306,0x21b8fa0E0eD5b98Ba21f406291BF433cf4682641
0x0665d7782d9d5a123ac67ed1a629307bcd43236e,,,,,,,356937826699239,0x8df0f54F762B2d40DA738C6A1dFaF1F01E554a16
0x0665d7782d9d5a123ac67ed1a629307bcd43236e,,,,,,,357657504761575,0x21b8fa0E0eD5b98Ba21f406291BF433cf4682641
0x067adbab7b27f9a1556436d38de21a3318121049,,,,,,,34072691889294440000,0x8df0f54F762B2d40DA738C6A1dFaF1F01E554a16
0x067adbab7b27f9a1556436d38de21a3318121049,,,,,,,34141391161389543000,0x21b8fa0E0eD5b98Ba21f406291BF433cf4682641
0x06a2b9f378a0a25b70027d2f730278154406582e,,,,,,,68145383788367750000,0x8df0f54F762B2d40DA738C6A1dFaF1F01E554a16
0x06a2b9f378a0a25b70027d2f730278154406582e,,,,,,,68282782332577680000,0x21b8fa0E0eD5b98Ba21f406291BF433cf4682641
0x0750cc7e3d7883c5c21f907da3ce2a94bb3ea880,,,,,,,336488080709161,0x8df0f54F762B2d40DA738C6A1dFaF1F01E554a16
0x0750cc7e3d7883c5c21f907da3ce2a94bb3ea880,,,,,,,337166526846863,0x21b8fa0E0eD5b98Ba21f406291BF433cf4682641
0x078b0b48afca88a54aff387da0b4647f0207f93b,,,,,,,34072691889294440000,0x8df0f54F762B2d40DA738C6A1dFaF1F01E554a16
0x078b0b48afca88a54aff387da0b4647f0207f93b,,,,,,,34141391161389543000,0x21b8fa0E0eD5b98Ba21f406291BF433cf4682641
0x0794a9016338fc37fdd4065513a904f53ed1a288,,,,,,,218203607582371,0x8df0f54F762B2d40DA738C6A1dFaF1F01E554a16
0x0794a9016338fc37fdd4065513a904f53ed1a288,,,,,,,218643561932269,0x21b8fa0E0eD5b98Ba21f406291BF433cf4682641
0x079ac41c57508cd7f29c2cbba191fb851da304e8,,,,,,,465573982502093,0x8df0f54F762B2d40DA738C6A1dFaF1F01E554a16
0x079ac41c57508cd7f29c2cbba191fb851da304e8,,,,,,,466512698873791,0x21b8fa0E0eD5b98Ba21f406291BF433cf4682641
0x07a81a8dd5b07245d60b4e45ded429e833d5a9dd,,,,,,,94664243949243,0x8df0f54F762B2d40DA738C6A1dFaF1F01E554a16
0x07a81a8dd5b07245d60b4e45ded429e833d5a9dd,,,,,,,94855111306418,0x21b8fa0E0eD5b98Ba21f406291BF433cf4682641
0x07c7a5905f877d42395b730a815d4a90c9335241,281764.08999999997,1.0,1.0,2026-07-06 00:00:00,2026-07-06 00:00:00,0.4090909090909091,,
0x07e3d4a95f31dc04e2d310998402c32282752a60,,,,,,,218073440230073,0x8df0f54F762B2d40DA738C6A1dFaF1F01E554a16
0x07e3d4a95f31dc04e2d310998402c32282752a60,,,,,,,218513132129256,0x21b8fa0E0eD5b98Ba21f406291BF433cf4682641
0x082784c86d4d6e9ca0e19e93da1f78b116bd8307,,,,,,,56170790572564,0x8df0f54F762B2d40DA738C6A1dFaF1F01E554a16
0x082784c86d4d6e9ca0e19e93da1f78b116bd8307,,,,,,,56284045270429,0x21b8fa0E0eD5b98Ba21f406291BF433cf4682641
0x082a7114ceaf2f1853a6065efed4599e2ffd448b,,,,,,,34072691889294440000,0x8df0f54F762B2d40DA738C6A1dFaF1F01E554a16
0x082a7114ceaf2f1853a6065efed4599e2ffd448b,,,,,,,34141391161389543000,0x21b8fa0E0eD5b98Ba21f406291BF433cf4682641
0x082ca0930073e2ef45cf1840632d527a27e5499f,,,,,,,102185744517669,0x8df0f54F762B2d40DA738C6A1dFaF1F01E554a16
0x082ca0930073e2ef45cf1840632d527a27e5499f,,,,,,,102391777146077,0x21b8fa0E0eD5b98Ba21f406291BF433cf4682641
0x087c4e8d89c9697bcc8a7b5a2e23f34477b9e7f2,,,,,,,34072691889294440000,0x8df0f54F762B2d40DA738C6A1dFaF1F01E554a16
0x087c4e8d89c9697bcc8a7b5a2e23f34477b9e7f2,,,,,,,34141391161389543000,0x21b8fa0E0eD5b98Ba21f406291BF433cf4682641
0x0927830a0cb5d4541cda20d16a97f25af73b971a,,,,,,,102793156000142,0x8df0f54F762B2d40DA738C6A1dFaF1F01E554a16
0x0927830a0cb5d4541cda20d16a97f25af73b971a,,,,,,,103000413325642,0x21b8fa0E0eD5b98Ba21f406291BF433cf4682641
0x093b8785454b438a9bd4936d22039d8b7d3ff367,,,,,,,157447029700126,0x8df0f54F762B2d40DA738C6A1dFaF1F01E554a16
0x093b8785454b438a9bd4936d22039d8b7d3ff367,,,,,,,157764483230627,0x21b8fa0E0eD5b98Ba21f406291BF433cf4682641
0x09cf30aaedeb144c6caf6f135d4582945b4191b7,,,,,,,16035928933324,0x8df0f54F762B2d40DA738C6A1dFaF1F01E554a16
0x09cf30aaedeb144c6caf6f135d4582945b4191b7,,,,,,,16068261472493,0x21b8fa0E0eD5b98Ba21f406291BF433cf4682641
0x09e5c7ef85bdb38ca1538dffa462bd1fe7d114a5,,,,,,,16288341720834,0x8df0f54F762B2d40DA738C6A1dFaF1F01E554a16
0x09e5c7ef85bdb38ca1538dffa462bd1fe7d114a5,,,,,,,16321183188819,0x21b8fa0E0eD5b98Ba21f406291BF433cf4682641
0x09f3c18f669d7384b8cabb3cfe1f289eabfa166f,,,,,,,114989544102809,0x8df0f54F762B2d40DA738C6A1dFaF1F01E554a16
0x09f3c18f669d7384b8cabb3cfe1f289eabfa166f,,,,,,,115221392469944,0x21b8fa0E0eD5b98Ba21f406291BF433cf4682641
0x0a6bf6dd4d2a2bbccab4b006e4d2efa82b329856,,,,,,,96556540813964,0x8df0f54F762B2d40DA738C6A1dFaF1F01E554a16
0x0a6bf6dd4d2a2bbccab4b006e4d2efa82b329856,,,,,,,96751223526192,0x21b8fa0E0eD5b98Ba21f406291BF433cf4682641
0x0a709a544ec4d0822c9e583fa31bdae88b1b175f,,,,,,,120339158325175,0x8df0f54F762B2d40DA738C6A1dFaF1F01E554a16
0x0a709a544ec4d0822c9e583fa31bdae88b1b175f,,,,,,,120581792884498,0x21b8fa0E0eD5b98Ba21f406291BF433cf4682641
0x0aa3d68311c993b494877f19055b7c62b63e32dd,,,,,,,355353016598092,0x8df0f54F762B2d40DA738C6A1dFaF1F01E554a16
0x0aa3d68311c993b494877f19055b7c62b63e32dd,,,,,,,356069499277430,0x21b8fa0E0eD5b98Ba21f406291BF433cf4682641
0x0b1f9aaa9cc2c36e9eead3228c3a985748242185,,,,,,,34072691889294440000,0x8df0f54F762B2d40DA738C6A1dFaF1F01E554a16
0x0b1f9aaa9cc2c36e9eead3228c3a985748242185,,,,,,,34141391161389543000,0x21b8fa0E0eD5b98Ba21f406291BF433cf4682641
0x0b2fc4fa7a66aa0e8bcbb398338440a9d1f8e504,,,,,,,1991645101499,0x8df0f54F762B2d40DA738C6A1dFaF1F01E554a16
0x0b2fc4fa7a66aa0e8bcbb398338440a9d1f8e504,,,,,,,1995660768039,0x21b8fa0E0eD5b98Ba21f406291BF433cf4682641
0x0b33986b567eb0a30f98dd168e4557cf6ee91cd6,,,,,,,24456954801529,0x8df0f54F762B2d40DA738C6A1dFaF1F01E554a16
0x0b33986b567eb0a30f98dd168e4557cf6ee91cd6,,,,,,,24506266285283,0x21b8fa0E0eD5b98Ba21f406291BF433cf4682641
0x0b4d26b31d636b8fd2809e1c0803e0750c83274d,,,,,,,34072691889294440000,0x8df0f54F762B2d40DA738C6A1dFaF1F01E554a16
0x0b4d26b31d636b8fd2809e1c0803e0750c83274d,,,,,,,34141391161389543000,0x21b8fa0E0eD5b98Ba21f406291BF433cf4682641
0x0bc3f01c8f82d728e74862b220ea868dc8dd68fa,,,,,,,143526846004593,0x8df0f54F762B2d40DA738C6A1dFaF1F01E554a16
0x0bc3f01c8f82d728e74862b220ea868dc8dd68fa,,,,,,,143816232880120,0x21b8fa0E0eD5b98Ba21f406291BF433cf4682641
0x0bc7fcf4bf885259dc09b20418b2353e15ff9646,,,,,,,96006560783967,0x8df0f54F762B2d40DA738C6A1dFaF1F01E554a16
0x0bc7fcf4bf885259dc09b20418b2353e15ff9646,,,,,,,96200134595618,0x21b8fa0E0eD5b98Ba21f406291BF433cf4682641
0x0bef930f5a00d075915eb6d3b13d73fde553edf6,,,,,,,40729094671665,0x8df0f54F762B2d40DA738C6A1dFaF1F01E554a16
0x0bef930f5a00d075915eb6d3b13d73fde553edf6,,,,,,,40811214956324,0x21b8fa0E0eD5b98Ba21f406291BF433cf4682641
0x0bf845c266decde18ca78b28d3ab5b45124612fe,,,,,,,125195953517384,0x8df0f54F762B2d40DA738C6A1dFaF1F01E554a16
0x0bf845c266decde18ca78b28d3ab5b45124612fe,,,,,,,125448380619529,0x21b8fa0E0eD5b98Ba21f406291BF433cf4682641
0x0c54e86d86b37f23c7ba03f69e0be49e017f93de,,,,,,,26926178777307320,0x8df0f54F762B2d40DA738C6A1dFaF1F01E554a16
0x0c54e86d86b37f23c7ba03f69e0be49e017f93de,,,,,,,26980468848908176,0x21b8fa0E0eD5b98Ba21f406291BF433cf4682641
0x0c63cc66a0bcd6161742dbe67c6422e49d6bd3b6,,,,,,,0,0x8df0f54F762B2d40DA738C6A1dFaF1F01E554a16
0x0c63cc66a0bcd6161742dbe67c6422e49d6bd3b6,,,,,,,0,0x21b8fa0E0eD5b98Ba21f406291BF433cf4682641
0x0c8f3e3912f35a59ffddc9ff1abb8fafc89b29de,,,,,,,34072691889294440000,0x8df0f54F762B2d40DA738C6A1dFaF1F01E554a16
0x0c8f3e3912f35a59ffddc9ff1abb8fafc89b29de,,,,,,,34141391161389543000,0x21b8fa0E0eD5b98Ba21f406291BF433cf4682641
0x0d8f5cc1b483e47450628bf54ca52db381b3e821,,,,,,,297016195324913,0x8df0f54F762B2d40DA738C6A1dFaF1F01E554a16
0x0d8f5cc1b483e47450628bf54ca52db381b3e821,,,,,,,297615056033822,0x21b8fa0E0eD5b98Ba21f406291BF433cf4682641
0x0e05f6de602cf2b54d5fa41c970aed1464fafb83,,,,,,,614688853729730,0x8df0f54F762B2d40DA738C6A1dFaF1F01E554a16
0x0e05f6de602cf2b54d5fa41c970aed1464fafb83,,,,,,,615928223866772,0x21b8fa0E0eD5b98Ba21f406291BF433cf4682641
0x0e1afb5289eafc34b39f4b3cf9465539bf3405e0,,,,,,,88522355684708,0x8df0f54F762B2d40DA738C6A1dFaF1F01E554a16
0x0e1afb5289eafc34b39f4b3cf9465539bf3405e0,,,,,,,88700839422343,0x21b8fa0E0eD5b98Ba21f406291BF433cf4682641
0x0ebb319b2af7eef80deba5233036247f7b08a902,,,,,,,1990013781137,0x8df0f54F762B2d40DA738C6A1dFaF1F01E554a16
0x0ebb319b2af7eef80deba5233036247f7b08a902,,,,,,,1994026158517,0x21b8fa0E0eD5b98Ba21f406291BF433cf4682641
0x0ed088d2d05f154d9cd1a32c01eb0377608573ce,,,,,,,23339151110050,0x8df0f54F762B2d40DA738C6A1dFaF1F01E554a16
0x0ed088d2d05f154d9cd1a32c01eb0377608573ce,,,,,,,23386208815317,0x21b8fa0E0eD5b98Ba21f406291BF433cf4682641
0x0f19b74767a3e873923d66cae131b6dc4af3ae8a,,,,,,,542366463841462,0x8df0f54F762B2d40DA738C6A1dFaF1F01E554a16
0x0f19b74767a3e873923d66cae131b6dc4af3ae8a,,,,,,,543460013520360,0x21b8fa0E0eD5b98Ba21f406291BF433cf4682641
0x0f1c130c52047c30a84d548ddeed9ddb2de983db,,,,,,,68145383788367750000,0x8df0f54F762B2d40DA738C6A1dFaF1F01E554a16
0x0f1c130c52047c30a84d548ddeed9ddb2de983db,,,,,,,68282782332577680000,0x21b8fa0E0eD5b98Ba21f406291BF433cf4682641
0x0f80aaf06db429ce17c2621216a79371f13c8bfc,,,,,,,103083616226501,0x8df0f54F762B2d40DA738C6A1dFaF1F01E554a16
0x0f80aaf06db429ce17c2621216a79371f13c8bfc,,,,,,,103291459194197,0x21b8fa0E0eD5b98Ba21f406291BF433cf4682641
0x0f86b8e80b2348be4726a7df2f218fd68fb69561,,,,,,,85466761553256,0x8df0f54F762B2d40DA738C6A1dFaF1F01E554a16
0x0f86b8e80b2348be4726a7df2f218fd68fb69561,,,,,,,85639084430653,0x21b8fa0E0eD5b98Ba21f406291BF433cf4682641
0x1001576ea66f1da4e320594f53cb37a4307f4ef7,,,,,,,81907505991009,0x8df0f54F762B2d40DA738C6A1dFaF1F01E554a16
0x1001576ea66f1da4e320594f53cb37a4307f4ef7,,,,,,,82072652497748,0x21b8fa0E0eD5b98Ba21f406291BF433cf4682641
0x1022768cbba610349e6b8f3205d9024229c30cff,,,,,,,32077110519130,0x8df0f54F762B2d40DA738C6A1dFaF1F01E554a16
0x1022768cbba610349e6b8f3205d9024229c30cff,,,,,,,32141786188159,0x21b8fa0E0eD5b98Ba21f406291BF433cf4682641
0x106a8946a2930c52c39436ca93190d01ca2a55f4,,,,,,,97890071565412,0x8df0f54F762B2d40DA738C6A1dFaF1F01E554a16
0x106a8946a2930c52c39436ca93190d01ca2a55f4,,,,,,,98087443017123,0x21b8fa0E0eD5b98Ba21f406291BF433cf4682641
0x10a25e930d99c389e41ca774c64ed81fd51d59e0,,,,,,,240236388438013,0x8df0f54F762B2d40DA738C6A1dFaF1F01E554a16
0x10a25e930d99c389e41ca774c64ed81fd51d59e0,,,,,,,240720766516213,0x21b8fa0E0eD5b98Ba21f406291BF433cf4682641
0x10ee0af996da1e206d96402b4f16fa00818083e0,,,,,,,102218075677662170000,0x8df0f54F762B2d40DA738C6A1dFaF1F01E554a16
0x10ee0af996da1e206d96402b4f16fa00818083e0,,,,,,,102424173493967210000,0x21b8fa0E0eD5b98Ba21f406291BF433cf4682641
0x1115f1d81a4027f5655b0955deb55c8a1c7ba6bf,,,,,,,34072691889294440000,0x8df0f54F762B2d40DA738C6A1dFaF1F01E554a16
0x1115f1d81a4027f5655b0955deb55c8a1c7ba6bf,,,,,,,34141391161389543000,0x21b8fa0E0eD5b98Ba21f406291BF433cf4682641
0x116858361f3de1851c0e02725a4d8f95a60a7b30,,,,,,,4010520381663546,0x8df0f54F762B2d40DA738C6A1dFaF1F01E554a16
0x116858361f3de1851c0e02725a4d8f95a60a7b30,,,,,,,4018606617756605,0x21b8fa0E0eD5b98Ba21f406291BF433cf4682641
0x117bbed3a5d3dff1bd8e83693208ceaf70e0bed3,,,,,,,34072691889294440000,0x8df0f54F762B2d40DA738C6A1dFaF1F01E554a16
0x117bbed3a5d3dff1bd8e83693208ceaf70e0bed3,,,,,,,34141391161389543000,0x21b8fa0E0eD5b98Ba21f406291BF433cf4682641
0x119eb58c8d264c966c56b45434ef0a4f435e6e4c,,,,,,,19924918899,0x8df0f54F762B2d40DA738C6A1dFaF1F01E554a16
0x119eb58c8d264c966c56b45434ef0a4f435e6e4c,,,,,,,19965092638,0x21b8fa0E0eD5b98Ba21f406291BF433cf4682641
0x125befb4e1824499e61edb879f48167d1214c260,,,,,,,104650607497495,0x8df0f54F762B2d40DA738C6A1dFaF1F01E554a16
0x125befb4e1824499e61edb879f48167d1214c260,,,,,,,104861609920865,0x21b8fa0E0eD5b98Ba21f406291BF433cf4682641
0x12841562c7ec52a0c9d804d2e5107a153ced647f,,,,,,,34072691889294440000,0x8df0f54F762B2d40DA738C6A1dFaF1F01E554a16
0x12841562c7ec52a0c9d804d2e5107a153ced647f,,,,,,,34141391161389543000,0x21b8fa0E0eD5b98Ba21f406291BF433cf4682641
0x12afc6451f21feddeb1f732d6baa02684c258d9c,,,,,,,34072691889294440000,0x8df0f54F762B2d40DA738C6A1dFaF1F01E554a16
0x12afc6451f21feddeb1f732d6baa02684c258d9c,,,,,,,34141391161389543000,0x21b8fa0E0eD5b98Ba21f406291BF433cf4682641
0x12cdc3af4c315c2f818e56acbe5c7ad3d68d84f8,,,,,,,287001631479497,0x8df0f54F762B2d40DA738C6A1dFaF1F01E554a16
0x12cdc3af4c315c2f818e56acbe5c7ad3d68d84f8,,,,,,,287580300263190,0x21b8fa0E0eD5b98Ba21f406291BF433cf4682641
0x12d10acba203fc7f2e9ae61c15b82c53a975439a,,,,,,,23088804088030,0x8df0f54F762B2d40DA738C6A1dFaF1F01E554a16
0x12d10acba203fc7f2e9ae61c15b82c53a975439a,,,,,,,23135357029592,0x21b8fa0E0eD5b98Ba21f406291BF433cf4682641
0x1311044a2c42c01590a710d2e93f8650aea48e59,,,,,,,118047817453142,0x8df0f54F762B2d40DA738C6A1dFaF1F01E554a16
0x1311044a2c42c01590a710d2e93f8650aea48e59,,,,,,,118285832082505,0x21b8fa0E0eD5b98Ba21f406291BF433cf4682641
0x13270b8f71598a5cb230b011544a97e5923e3972,,,,,,,34072691889294440000,0x8df0f54F762B2d40DA738C6A1dFaF1F01E554a16
0x13270b8f71598a5cb230b011544a97e5923e3972,,,,,,,34141391161389543000,0x21b8fa0E0eD5b98Ba21f406291BF433cf4682641
0x134269de23c0ab7ca2bb1a0581b480a9c2fa3323,,,,,,,112489484319034,0x8df0f54F762B2d40DA738C6A1dFaF1F01E554a16
0x134269de23c0ab7ca2bb1a0581b480a9c2fa3323,,,,,,,112716291925436,0x21b8fa0E0eD5b98Ba21f406291BF433cf4682641
0x13437dad921a47557b332274dab1ec78f8586818,,,,,,,9537400024321,0x8df0f54F762B2d40DA738C6A1dFaF1F01E554a16
0x13437dad921a47557b332274dab1ec78f8586818,,,,,,,9556629865083,0x21b8fa0E0eD5b98Ba21f406291BF433cf4682641
0x138bc2aad9227219feff922be66339068fc0cac3,,,,,,,356640112335917,0x8df0f54F762B2d40DA738C6A1dFaF1F01E554a16
0x138bc2aad9227219feff922be66339068fc0cac3,,,,,,,357359190129858,0x21b8fa0E0eD5b98Ba21f406291BF433cf4682641
0x13aee570d173b20b4c96e2b80e32deb27bdef3cd,,,,,,,261273326581278,0x8df0f54F762B2d40DA738C6A1dFaF1F01E554a16
0x13aee570d173b20b4c96e2b80e32deb27bdef3cd,,,,,,,261800120513859,0x21b8fa0E0eD5b98Ba21f406291BF433cf4682641
0x13e1d24d9bb53da48d9b212d1518faff9f12a0c9,,,,,,,89716857921717,0x8df0f54F762B2d40DA738C6A1dFaF1F01E554a16
0x13e1d24d9bb53da48d9b212d1518faff9f12a0c9,,,,,,,89897750081747,0x21b8fa0E0eD5b98Ba21f406291BF433cf4682641
0x13e7d3a08ea63f226d8853a3fe16646d0b9a09ba,,,,,,,24665023648388,0x8df0f54F762B2d40DA738C6A1dFaF1F01E554a16
0x13e7d3a08ea63f226d8853a3fe16646d0b9a09ba,,,,,,,24714754652218,0x21b8fa0E0eD5b98Ba21f406291BF433cf4682641
0x14199f8a5ffc0f34c37b5a3462a44ca944f0fa10,,,,,,,255059999847223,0x8df0f54F762B2d40DA738C6A1dFaF1F01E554a16
0x14199f8a5ffc0f34c37b5a3462a44ca944f0fa10,,,,,,,255574266122016,0x21b8fa0E0eD5b98Ba21f406291BF433cf4682641
0x147bda61f75172f4c810cbb2a430a74c44d00f70,,,,,,,101697421108815,0x8df0f54F762B2d40DA738C6A1dFaF1F01E554a16
0x147bda61f75172f4c810cbb2a430a74c44d00f70,,,,,,,101902469152181,0x21b8fa0E0eD5b98Ba21f406291BF433cf4682641
0x148882a1ef387d87b8af2ee783a3869d9a56287d,,,,,,,101823122027773,0x8df0f54F762B2d40DA738C6A1dFaF1F01E554a16
0x148882a1ef387d87b8af2ee783a3869d9a56287d,,,,,,,102028423516381,0x21b8fa0E0eD5b98Ba21f406291BF433cf4682641
0x14b322a59ce3c3ad8343b035a3bfae09f73e8f3b,,,,,,,34072691889294440000,0x8df0f54F762B2d40DA738C6A1dFaF1F01E554a16
0x14b322a59ce3c3ad8343b035a3bfae09f73e8f3b,,,,,,,34141391161389543000,0x21b8fa0E0eD5b98Ba21f406291BF433cf4682641
0x14c5d9756a2443aed4c5dbe05ce39e1f1a27818a,,,,,,,34072691889294440000,0x8df0f54F762B2d40DA738C6A1dFaF1F01E554a16
0x14c5d9756a2443aed4c5dbe05ce39e1f1a27818a,,,,,,,34141391161389543000,0x21b8fa0E0eD5b98Ba21f406291BF433cf4682641
0x14e378dfbd9cc1fa83633d49e1ee4d12614714e8,,,,,,,178329935028355,0x8df0f54F762B2d40DA738C6A1dFaF1F01E554a16
0x14e378dfbd9cc1fa83633d49e1ee4d12614714e8,,,,,,,178689493843638,0x21b8fa0E0eD5b98Ba21f406291BF433cf4682641
0x15663e1b016715cf8e365c47b58183b67ff127ed,1.5445084644140001,1.0,1.0,2026-07-06 00:00:00,2026-07-06 00:00:00,0.0,365263018023541,0x8df0f54F762B2d40DA738C6A1dFaF1F01E554a16
0x15663e1b016715cf8e365c47b58183b67ff127ed,1.5445084644140001,1.0,1.0,2026-07-06 00:00:00,2026-07-06 00:00:00,0.0,365999481803480,0x21b8fa0E0eD5b98Ba21f406291BF433cf4682641
0x15a8ae3d2233c7268eaf688e9adca1e9d74faf41,,,,,,,157094672768969,0x8df0f54F762B2d40DA738C6A1dFaF1F01E554a16
0x15a8ae3d2233c7268eaf688e9adca1e9d74faf41,,,,,,,157411415857666,0x21b8fa0E0eD5b98Ba21f406291BF433cf4682641
0x15ae7f370226700b8301da7ae01dbe7469d7c5a2,,,,,,,113102043006141,0x8df0f54F762B2d40DA738C6A1dFaF1F01E554a16
0x15ae7f370226700b8301da7ae01dbe7469d7c5a2,,,,,,,113330085687719,0x21b8fa0E0eD5b98Ba21f406291BF433cf4682641
0x1600f3810907c3e463cadb82ed8a6279fd9a1b0c,,,,,,,119522325395230,0x8df0f54F762B2d40DA738C6A1dFaF1F01E554a16
0x1600f3810907c3e463cadb82ed8a6279fd9a1b0c,,,,,,,119763313010193,0x21b8fa0E0eD5b98Ba21f406291BF433cf4682641
0x16028f81145cd5174e2a4389f203921d9048c6d7,,,,,,,34072691889294440000,0x8df0f54F762B2d40DA738C6A1dFaF1F01E554a16
0x16028f81145cd5174e2a4389f203921d9048c6d7,,,,,,,34141391161389543000,0x21b8fa0E0eD5b98Ba21f406291BF433cf4682641
0x1619fea9581f747afa42aaadfab55226482bad7a,,,,,,,34072691889294440000,0x8df0f54F762B2d40DA738C6A1dFaF1F01E554a16
0x1619fea9581f747afa42aaadfab55226482bad7a,,,,,,,34141391161389543000,0x21b8fa0E0eD5b98Ba21f406291BF433cf4682641
0x16909b6fc85c5fd4275d4a34a30b4ce9a79b6b56,,,,,,,218094177856614,0x8df0f54F762B2d40DA738C6A1dFaF1F01E554a16
0x16909b6fc85c5fd4275d4a34a30b4ce9a79b6b56,,,,,,,218533911568162,0x21b8fa0E0eD5b98Ba21f406291BF433cf4682641
0x16b3fbd04c42c47ceebf1202e31731f137affa36,,,,,,,307605075719683,0x8df0f54F762B2d40DA738C6A1dFaF1F01E554a16
0x16b3fbd04c42c47ceebf1202e31731f137affa36,,,,,,,308225286323042,0x21b8fa0E0eD5b98Ba21f406291BF433cf4682641
0x16d718bda864f0f48b67943859a7f26dfd7fbebb,,,,,,,246689633317725,0x8df0f54F762B2d40DA738C6A1dFaF1F01E554a16
0x16d718bda864f0f48b67943859a7f26dfd7fbebb,,,,,,,247187022790133,0x21b8fa0E0eD5b98Ba21f406291BF433cf4682641
0x17552381560d231eb371cbc3766595e5f4d21292,,,,,,,133517543922352,0x8df0f54F762B2d40DA738C6A1dFaF1F01E554a16
0x17552381560d231eb371cbc3766595e5f4d21292,,,,,,,133786749481725,0x21b8fa0E0eD5b98Ba21f406291BF433cf4682641
0x1788875a43a8327959be225502354b449b425980,,,,,,,10154099690534,0x8df0f54F762B2d40DA738C6A1dFaF1F01E554a16
0x1788875a43a8327959be225502354b449b425980,,,,,,,10174572955746,0x21b8fa0E0eD5b98Ba21f406291BF433cf4682641
0x17932df691a7d2cfd7c9befd4cc9d2519cae8d4c,,,,,,,268594586919677,0x8df0f54F762B2d40DA738C6A1dFaF1F01E554a16
0x17932df691a7d2cfd7c9befd4cc9d2519cae8d4c,,,,,,,269136142387910,0x21b8fa0E0eD5b98Ba21f406291BF433cf4682641
0x1793e42a910d91b8625bd138a6cfc4d918a2820c,,,,,,,2658724374372,0x8df0f54F762B2d40DA738C6A1dFaF1F01E554a16
0x1793e42a910d91b8625bd138a6cfc4d918a2820c,,,,,,,2664085043550,0x21b8fa0E0eD5b98Ba21f406291BF433cf4682641
0x17e4a4f30d24956cdb1319854d851707794065d2,,,,,,,206810033076295,0x8df0f54F762B2d40DA738C6A1dFaF1F01E554a16
0x17e4a4f30d24956cdb1319854d851707794065d2,,,,,,,207227015062352,0x21b8fa0E0eD5b98Ba21f406291BF433cf4682641
0x17ec551be0f5422eb3d63b075f8b8619593b68b5,,,,,,,34072691889294440000,0x8df0f54F762B2d40DA738C6A1dFaF1F01E554a16
0x17ec551be0f5422eb3d63b075f8b8619593b68b5,,,,,,,34141391161389543000,0x21b8fa0E0eD5b98Ba21f406291BF433cf4682641
0x181fd03634a36cfccfea6b8c75e255672715de60,,,,,,,102671134620513,0x8df0f54F762B2d40DA738C6A1dFaF1F01E554a16
0x181fd03634a36cfccfea6b8c75e255672715de60,,,,,,,102878145919665,0x21b8fa0E0eD5b98Ba21f406291BF433cf4682641
0x1828272f03a821bd28195ab97dd9c9cb4780e0f7,,,,,,,226897664413305,0x8df0f54F762B2d40DA738C6A1dFaF1F01E554a16
0x1828272f03a821bd28195ab97dd9c9cb4780e0f7,,,,,,,227355148208126,0x21b8fa0E0eD5b98Ba21f406291BF433cf4682641
0x18313412fdde30f42c385133907a9c22fdd7fbf8,,,,,,,34072691889294440000,0x8df0f54F762B2d40DA738C6A1dFaF1F01E554a16
0x18313412fdde30f42c385133907a9c22fdd7fbf8,,,,,,,34141391161389543000,0x21b8fa0E0eD5b98Ba21f406291BF433cf4682641
0x186d825535a99c1ea2bf7d220ec6f60ba716da08,,,,,,,108043762793169,0x8df0f54F762B2d40DA738C6A1dFaF1F01E554a16
0x186d825535a99c1ea2bf7d220ec6f60ba716da08,,,,,,,108261606686525,0x21b8fa0E0eD5b98Ba21f406291BF433cf4682641
0x18df113bec684c81b75144f647a63fe7a754c4f2,,,,,,,115151851283812,0x8df0f54F762B2d40DA738C6A1dFaF1F01E554a16
0x18df113bec684c81b75144f647a63fe7a754c4f2,,,,,,,115384026903786,0x21b8fa0E0eD5b98Ba21f406291BF433cf4682641
0x193dc94e360f2f20a0ddbdd1853b641335e9f7da,,,,,,,319183271014634,0x8df0f54F762B2d40DA738C6A1dFaF1F01E554a16
0x193dc94e360f2f20a0ddbdd1853b641335e9f7da,,,,,,,319826826224621,0x21b8fa0E0eD5b98Ba21f406291BF433cf4682641
0x19460b640ea9d3cc0e545d6a86e3fd9ee08872c3,,,,,,,34072691889294440000,0x8df0f54F762B2d40DA738C6A1dFaF1F01E554a16
0x19460b640ea9d3cc0e545d6a86e3fd9ee08872c3,,,,,,,34141391161389543000,0x21b8fa0E0eD5b98Ba21f406291BF433cf4682641
0x19702324510616997d7bece2a557b6975b17ca14,,,,,,,82802879682539,0x8df0f54F762B2d40DA738C6A1dFaF1F01E554a16
0x19702324510616997d7bece2a557b6975b17ca14,,,,,,,82969831491925,0x21b8fa0E0eD5b98Ba21f406291BF433cf4682641
0x19b2ad9e6ff56e5e4b6bcafe683deb5dd4b8a94e,,,,,,,275194478372398,0x8df0f54F762B2d40DA738C6A1dFaF1F01E554a16
0x19b2ad9e6ff56e5e4b6bcafe683deb5dd4b8a94e,,,,,,,275749340911883,0x21b8fa0E0eD5b98Ba21f406291BF433cf4682641
0x1a42c1c952913cde8c3725f8279b3f60453deefb,,,,,,,102997803612714,0x8df0f54F762B2d40DA738C6A1dFaF1F01E554a16
0x1a42c1c952913cde8c3725f8279b3f60453deefb,,,,,,,103205473560207,0x21b8fa0E0eD5b98Ba21f406291BF433cf4682641
0x1b4b3008727bbdb65da8d904f8b1e5a044694411,,,,,,,86169686345230,0x8df0f54F762B2d40DA738C6A1dFaF1F01E554a16
0x1b4b3008727bbdb65da8d904f8b1e5a044694411,,,,,,,86343426499011,0x21b8fa0E0eD5b98Ba21f406291BF433cf4682641
0x1b7b420b9d9d4f099233bc4e37a998e9263cfa17,,,,,,,103390408384020,0x8df0f54F762B2d40DA738C6A1dFaF1F01E554a16
0x1b7b420b9d9d4f099233bc4e37a998e9263cfa17,,,,,,,103598869923269,0x21b8fa0E0eD5b98Ba21f406291BF433cf4682641
0x1bf7133fc3758c223f5188b87dbbfde913394360,,,,,,,23553499418338,0x8df0f54F762B2d40DA738C6A1dFaF1F01E554a16
0x1bf7133fc3758c223f5188b87dbbfde913394360,,,,,,,23600989304684,0x21b8fa0E0eD5b98Ba21f406291BF433cf4682641
0x1cf4c7ddaa5d28c22667d6b50402bb1a9ecfafb4,,,,,,,92302955049729,0x8df0f54F762B2d40DA738C6A1dFaF1F01E554a16
0x1cf4c7ddaa5d28c22667d6b50402bb1a9ecfafb4,,,,,,,92489061443810,0x21b8fa0E0eD5b98Ba21f406291BF433cf4682641
0x1d1a7b1ca3c1b326d742bad93dce27fba380a0ac,,,,,,,36042202111011,0x8df0f54F762B2d40DA738C6A1dFaF1F01E554a16
0x1d1a7b1ca3c1b326d742bad93dce27fba380a0ac,,,,,,,36114872420061,0x21b8fa0E0eD5b98Ba21f406291BF433cf4682641
0x1d2ce05cd6335691597925cf6d1ee1883ba210a2,,,,,,,34072691889294440000,0x8df0f54F762B2d40DA738C6A1dFaF1F01E554a16
0x1d2ce05cd6335691597925cf6d1ee1883ba210a2,,,,,,,34141391161389543000,0x21b8fa0E0eD5b98Ba21f406291BF433cf4682641
0x1d3f4401350e1397f30835ba699a516f9316d815,,,,,,,5831457228375,0x8df0f54F762B2d40DA738C6A1dFaF1F01E554a16
0x1d3f4401350e1397f30835ba699a516f9316d815,,,,,,,5843214939451,0x21b8fa0E0eD5b98Ba21f406291BF433cf4682641
0x1d4685273dd7788dd3afcdc4bb7e7f080ccb8bee,,,,,,,181062410976205,0x8df0f54F762B2d40DA738C6A1dFaF1F01E554a16
0x1d4685273dd7788dd3afcdc4bb7e7f080ccb8bee,,,,,,,181427479162725,0x21b8fa0E0eD5b98Ba21f406291BF433cf4682641
0x1d5296d41266ac89f9f7710feef373bff21db5a8,,,,,,,67633186079539,0x8df0f54F762B2d40DA738C6A1dFaF1F01E554a16
0x1d5296d41266ac89f9f7710feef373bff21db5a8,,,,,,,67769551902005,0x21b8fa0E0eD5b98Ba21f406291BF433cf4682641
0x1d82f946acc900fc81c3ae677bb7cfef0eb1d98a,,,,,,,32810779179040,0x8df0f54F762B2d40DA738C6A1dFaF1F01E554a16
0x1d82f946acc900fc81c3ae677bb7cfef0eb1d98a,,,,,,,32876934111963,0x21b8fa0E0eD5b98Ba21f406291BF433cf4682641
0x1e41887ddbd9887ded33443cbe8d48b8c3e014c5,,,,,,,120833217422006,0x8df0f54F762B2d40DA738C6A1dFaF1F01E554a16
0x1e41887ddbd9887ded33443cbe8d48b8c3e014c5,,,,,,,121076848130985,0x21b8fa0E0eD5b98Ba21f406291BF433cf4682641
0x1e6717e6cb9d6d5d39e3285495bfc735b087436e,,,,,,,106798887698161,0x8df0f54F762B2d40DA738C6A1dFaF1F01E554a16
0x1e6717e6cb9d6d5d39e3285495bfc735b087436e,,,,,,,107014221604542,0x21b8fa0E0eD5b98Ba21f406291BF433cf4682641
0x1e79ac92f72bb10062fc785703cc3d96f05f7c20,,,,,,,301771178175069,0x8df0f54F762B2d40DA738C6A1dFaF1F01E554a16
0x1e79ac92f72bb10062fc785703cc3d96f05f7c20,,,,,,,302379626147048,0x21b8fa0E0eD5b98Ba21f406291BF433cf4682641
0x1e8eafa8de42f627cb138e1fd649d4bb0d6f7d03,,,,,,,95132625061394,0x8df0f54F762B2d40DA738C6A1dFaF1F01E554a16
0x1e8eafa8de42f627cb138e1fd649d4bb0d6f7d03,,,,,,,95324436794833,0x21b8fa0E0eD5b98Ba21f406291BF433cf4682641
0x1ec3cbe8fb1d8019092500cca2111c158a35bc82,,,,,,,102218075677662170000,0x8df0f54F762B2d40DA738C6A1dFaF1F01E554a16
0x1ec3cbe8fb1d8019092500cca2111c158a35bc82,,,,,,,102424173493967210000,0x21b8fa0E0eD5b98Ba21f406291BF433cf4682641
0x1f0ed6499447ae8340cdedbb987ad768a4497891,,,,,,,92810304286965,0x8df0f54F762B2d40DA738C6A1dFaF1F01E554a16
0x1f0ed6499447ae8340cdedbb987ad768a4497891,,,,,,,92997433627029,0x21b8fa0E0eD5b98Ba21f406291BF433cf4682641
0x1f4fb6e375f6a58bf2e87152fc4a3b478bed3208,,,,,,,1325235059557360130,0x8df0f54F762B2d40DA738C6A1dFaF1F01E554a16
0x1f4fb6e375f6a58bf2e87152fc4a3b478bed3208,,,,,,,1327907072800173570,0x21b8fa0E0eD5b98Ba21f406291BF433cf4682641
0x2012e29dffd2f8a90d3ead08d37afdfb33d7c401,,,,,,,104192646488446,0x8df0f54F762B2d40DA738C6A1dFaF1F01E554a16
0x2012e29dffd2f8a90d3ead08d37afdfb33d7c401,,,,,,,104402725545149,0x21b8fa0E0eD5b98Ba21f406291BF433cf4682641
0x201c0ac3f6899705a9068c3215baf7d294a85de4,,,,,,,34072691889294440000,0x8df0f54F762B2d40DA738C6A1dFaF1F01E554a16
0x201c0ac3f6899705a9068c3215baf7d294a85de4,,,,,,,34141391161389543000,0x21b8fa0E0eD5b98Ba21f406291BF433cf4682641
0x208a9bb512029239acb4cc7834824c8badbad316,,,,,,,84006167834107,0x8df0f54F762B2d40DA738C6A1dFaF1F01E554a16
0x208a9bb512029239acb4cc7834824c8badbad316,,,,,,,84175545780542,0x21b8fa0E0eD5b98Ba21f406291BF433cf4682641
0x20a6f5f32f20b5e03a1bee5f7ca4866d68cede6c,,,,,,,103557240880439,0x8df0f54F762B2d40DA738C6A1dFaF1F01E554a16
0x20a6f5f32f20b5e03a1bee5f7ca4866d68cede6c,,,,,,,103766038796722,0x21b8fa0E0eD5b98Ba21f406291BF433cf4682641
0x20d389af10c039836387943dde11abd7ccd30817,,,,,,,2605610209802,0x8df0f54F762B2d40DA738C6A1dFaF1F01E554a16
0x20d389af10c039836387943dde11abd7ccd30817,,,,,,,2610863787223,0x21b8fa0E0eD5b98Ba21f406291BF433cf4682641
0x211d158941829c694060b6016d69c4568cd4a771,,,,,,,38755448420883,0x8df0f54F762B2d40DA738C6A1dFaF1F01E554a16
0x211d158941829c694060b6016d69c4568cd4a771,,,,,,,38833589329294,0x21b8fa0E0eD5b98Ba21f406291BF433cf4682641
0x2182e01627dc99e5acb0ea04206e9990c69cebb8,,,,,,,34072691889294440000,0x8df0f54F762B2d40DA738C6A1dFaF1F01E554a16
0x2182e01627dc99e5acb0ea04206e9990c69cebb8,,,,,,,34141391161389543000,0x21b8fa0E0eD5b98Ba21f406291BF433cf4682641
0x21bfc392d17780da8e6e27bb91dc1d28925d75e2,,,,,,,612199795613839100,0x8df0f54F762B2d40DA738C6A1dFaF1F01E554a16
0x21bfc392d17780da8e6e27bb91dc1d28925d75e2,,,,,,,613434147172327420,0x21b8fa0E0eD5b98Ba21f406291BF433cf4682641
0x21de35acd9b19c6f9cc6a98fc7151a54e4a30421,,,,,,,325220282875776,0x8df0f54F762B2d40DA738C6A1dFaF1F01E554a16
0x21de35acd9b19c6f9cc6a98fc7151a54e4a30421,,,,,,,325876010247618,0x21b8fa0E0eD5b98Ba21f406291BF433cf4682641
0x226e85800d93eafd967e5e0c0937f2c4b4e0f645,,,,,,,307311496599104,0x8df0f54F762B2d40DA738C6A1dFaF1F01E554a16
0x226e85800d93eafd967e5e0c0937f2c4b4e0f645,,,,,,,307931115271776,0x21b8fa0E0eD5b98Ba21f406291BF433cf4682641
0x22b60248c77fb0cdf3f442b328dd5dedf3cbc70c,,,,,,,615241835733375,0x8df0f54F762B2d40DA738C6A1dFaF1F01E554a16
0x22b60248c77fb0cdf3f442b328dd5dedf3cbc70c,,,,,,,616482320823742,0x21b8fa0E0eD5b98Ba21f406291BF433cf4682641
0x22c2d08063a9e31de3b8b47d33b7ca90400f6de9,,,,,,,113326642194828,0x8df0f54F762B2d40DA738C6A1dFaF1F01E554a16
0x22c2d08063a9e31de3b8b47d33b7ca90400f6de9,,,,,,,113555137725885,0x21b8fa0E0eD5b98Ba21f406291BF433cf4682641
0x22f40f31b3d8c007aac17b8c1f7bc44de6402cbe,,,,,,,402007026840004,0x8df0f54F762B2d40DA738C6A1dFaF1F01E554a16
0x22f40f31b3d8c007aac17b8c1f7bc44de6402cbe,,,,,,,402817575951027,0x21b8fa0E0eD5b98Ba21f406291BF433cf4682641
0x22ff9a5afa2b3e294154c561342c04f6293ccc99,,,,,,,37828215644994,0x8df0f54F762B2d40DA738C6A1dFaF1F01E554a16
0x22ff9a5afa2b3e294154c561342c04f6293ccc99,,,,,,,37904487014685,0x21b8fa0E0eD5b98Ba21f406291BF433cf4682641
0x23461e24f1d7601a674ab672adee0b4459302214,,,,,,,34072691889294440000,0x8df0f54F762B2d40DA738C6A1dFaF1F01E554a16
0x23461e24f1d7601a674ab672adee0b4459302214,,,,,,,34141391161389543000,0x21b8fa0E0eD5b98Ba21f406291BF433cf4682641
0x2364963e6b99281def39aeda6a8acee790d93af4,31393980.497070007,1.0,1.0,2026-07-06 00:00:00,2026-07-06 00:00:00,0.8181818181818182,7424407394544576000000,0x8df0f54F762B2d40DA738C6A1dFaF1F01E554a16
0x2364963e6b99281def39aeda6a8acee790d93af4,31393980.497070007,1.0,1.0,2026-07-06 00:00:00,2026-07-06 00:00:00,0.8181818181818182,7439376901074907000000,0x21b8fa0E0eD5b98Ba21f406291BF433cf4682641
0x2414b45d2ad6d36cc43c2f6f0db9e13b933cf8d3,,,,,,,98897882861427,0x8df0f54F762B2d40DA738C6A1dFaF1F01E554a16
0x2414b45d2ad6d36cc43c2f6f0db9e13b933cf8d3,,,,,,,99097286318788,0x21b8fa0E0eD5b98Ba21f406291BF433cf4682641
0x242c49ed7d519b4cabb734be68cb297cd62af109,,,,,,,34072691889294440000,0x8df0f54F762B2d40DA738C6A1dFaF1F01E554a16
0x242c49ed7d519b4cabb734be68cb297cd62af109,,,,,,,34141391161389543000,0x21b8fa0E0eD5b98Ba21f406291BF433cf4682641
0x2462c818b7f8a075babc1d1188cb127c8121b2d3,,,,,,,34072691889294440000,0x8df0f54F762B2d40DA738C6A1dFaF1F01E554a16
0x2462c818b7f8a075babc1d1188cb127c8121b2d3,,,,,,,34141391161389543000,0x21b8fa0E0eD5b98Ba21f406291BF433cf4682641
0x24e045efaaaa10f72fa6104792ba8b5c2a9209ff,,,,,,,6165328224124,0x8df0f54F762B2d40DA738C6A1dFaF1F01E554a16
0x24e045efaaaa10f72fa6104792ba8b5c2a9209ff,,,,,,,6177759104625,0x21b8fa0E0eD5b98Ba21f406291BF433cf4682641
0x250376c283a38355687315fdc567113009016f22,,,,,,,299168951407045,0x8df0f54F762B2d40DA738C6A1dFaF1F01E554a16
0x250376c283a38355687315fdc567113009016f22,,,,,,,299772152623488,0x21b8fa0E0eD5b98Ba21f406291BF433cf4682641
0x25109b421f7df83dcf025025c56358263189d347,,,,,,,34072691889294440000,0x8df0f54F762B2d40DA738C6A1dFaF1F01E554a16
0x25109b421f7df83dcf025025c56358263189d347,,,,,,,34141391161389543000,0x21b8fa0E0eD5b98Ba21f406291BF433cf4682641
0x255c4e62086103d09b4e8661b8f8197e9b6b07b0,,,,,,,97480035337161,0x8df0f54F762B2d40DA738C6A1dFaF1F01E554a16
0x255c4e62086103d09b4e8661b8f8197e9b6b07b0,,,,,,,97676580050835,0x21b8fa0E0eD5b98Ba21f406291BF433cf4682641
0x25716f07abe9d539de0517103a584840cda112b4,,,,,,,12106096739234,0x8df0f54F762B2d40DA738C6A1dFaF1F01E554a16
0x25716f07abe9d539de0517103a584840cda112b4,,,,,,,12130505730358,0x21b8fa0E0eD5b98Ba21f406291BF433cf4682641
0x258cb32b1875168858e57bb31482054e008d344e,,,,,,,34072691889294440000,0x8df0f54F762B2d40DA738C6A1dFaF1F01E554a16
0x258cb32b1875168858e57bb31482054e008d344e,,,,,,,34141391161389543000,0x21b8fa0E0eD5b98Ba21f406291BF433cf4682641
0x26c8f09d794fb1b0333a5ef3123d523957bab6c8,,,,,,,34072691889294440000,0x8df0f54F762B2d40DA738C6A1dFaF1F01E554a16
0x26c8f09d794fb1b0333a5ef3123d523957bab6c8,,,,,,,34141391161389543000,0x21b8fa0E0eD5b98Ba21f406291BF433cf4682641
0x2761c535003dcd51443666df97b3dba06781c878,,,,,,,615226015519523,0x8df0f54F762B2d40DA738C6A1dFaF1F01E554a16
0x2761c535003dcd51443666df97b3dba06781c878,,,,,,,616466468712288,0x21b8fa0E0eD5b98Ba21f406291BF433cf4682641
0x276c8e5361932d400bbd0efa92b08ecabaab4cd7,,,,,,,43984705652427,0x8df0f54F762B2d40DA738C6A1dFaF1F01E554a16
0x276c8e5361932d400bbd0efa92b08ecabaab4cd7,,,,,,,44073390082511,0x21b8fa0E0eD5b98Ba21f406291BF433cf4682641
0x27bcb3955ce6a0097d93e76d92599854198a269f,,,,,,,116261465305035,0x8df0f54F762B2d40DA738C6A1dFaF1F01E554a16
0x27bcb3955ce6a0097d93e76d92599854198a269f,,,,,,,116495878191023,0x21b8fa0E0eD5b98Ba21f406291BF433cf4682641
0x28672e1e88061594b76b9d4105669748f9cb0254,,,,,,,24541863263302,0x8df0f54F762B2d40DA738C6A1dFaF1F01E554a16
0x28672e1e88061594b76b9d4105669748f9cb0254,,,,,,,24591345944257,0x21b8fa0E0eD5b98Ba21f406291BF433cf4682641
0x289d1d837fd13a69d40e1f343c30a7f0aa96213a,,,,,,,138706566136206,0x8df0f54F762B2d40DA738C6A1dFaF1F01E554a16
0x289d1d837fd13a69d40e1f343c30a7f0aa96213a,,,,,,,138986234093153,0x21b8fa0E0eD5b98Ba21f406291BF433cf4682641
0x28af2578c2e645a8fb857982e49760f52f2c8333,,,,,,,101470732028171,0x8df0f54F762B2d40DA738C6A1dFaF1F01E554a16
0x28af2578c2e645a8fb857982e49760f52f2c8333,,,,,,,101675323008301,0x21b8fa0E0eD5b98Ba21f406291BF433cf4682641
0x28c5c8e7877c51922e95fa6f20bf97f243b68405,,,,,,,133230709752175,0x8df0f54F762B2d40DA738C6A1dFaF1F01E554a16
0x28c5c8e7877c51922e95fa6f20bf97f243b68405,,,,,,,133499336980409,0x21b8fa0E0eD5b98Ba21f406291BF433cf4682641
0x28ff200afe1404f8c31fa655441e8c278a4b6f90,,,,,,,98607995765202,0x8df0f54F762B2d40DA738C6A1dFaF1F01E554a16
0x28ff200afe1404f8c31fa655441e8c278a4b6f90,,,,,,,98806814735944,0x21b8fa0E0eD5b98Ba21f406291BF433cf4682641
0x292cd9d3664d21ab100b00fbc13a52e3e33a2a61,,,,,,,183600237454484,0x8df0f54F762B2d40DA738C6A1dFaF1F01E554a16
0x292cd9d3664d21ab100b00fbc13a52e3e33a2a61,,,,,,,183970422549063,0x21b8fa0E0eD5b98Ba21f406291BF433cf4682641
0x29d8049993582a8ef1619b44c3e855f23f1d1ada,,,,,,,34072691889294440000,0x8df0f54F762B2d40DA738C6A1dFaF1F01E554a16
0x29d8049993582a8ef1619b44c3e855f23f1d1ada,,,,,,,34141391161389543000,0x21b8fa0E0eD5b98Ba21f406291BF433cf4682641
0x29f72830c5a4da85fce943b8685a536a2af0c107,,,,,,,176482292880179,0x8df0f54F762B2d40DA738C6A1dFaF1F01E554a16
0x29f72830c5a4da85fce943b8685a536a2af0c107,,,,,,,176838126375752,0x21b8fa0E0eD5b98Ba21f406291BF433cf4682641
0x29fc5aacd613410b68c9c08d4e1656e3c890e482,,,,,,,1768486921,0x8df0f54F762B2d40DA738C6A1dFaF1F01E554a16
0x29fc5aacd613410b68c9c08d4e1656e3c890e482,,,,,,,1772052643,0x21b8fa0E0eD5b98Ba21f406291BF433cf4682641
0x2a6f0adbe5910e0e23b5e541fe82fc66390c865c,,,,,,,73469107547937,0x8df0f54F762B2d40DA738C6A1dFaF1F01E554a16
0x2a6f0adbe5910e0e23b5e541fe82fc66390c865c,,,,,,,73617240082531,0x21b8fa0E0eD5b98Ba21f406291BF433cf4682641
0x2aaa357a6487fee83039bf6b38972aa02987e8f3,,,,,,,28419758090787,0x8df0f54F762B2d40DA738C6A1dFaF1F01E554a16
0x2aaa357a6487fee83039bf6b38972aa02987e8f3,,,,,,,28477059600755,0x21b8fa0E0eD5b98Ba21f406291BF433cf4682641
0x2b0acf7a618cfa4b6704a4d814c8925690cdc04b,,,,,,,34072691889294440000,0x8df0f54F762B2d40DA738C6A1dFaF1F01E554a16
0x2b0acf7a618cfa4b6704a4d814c8925690cdc04b,,,,,,,34141391161389543000,0x21b8fa0E0eD5b98Ba21f406291BF433cf4682641
0x2bbc6277f287b2aa2cac61d9d9f9b7eb6084e87b,,,,,,,20670126421328,0x8df0f54F762B2d40DA738C6A1dFaF1F01E554a16
0x2bbc6277f287b2aa2cac61d9d9f9b7eb6084e87b,,,,,,,20711802689346,0x21b8fa0E0eD5b98Ba21f406291BF433cf4682641
0x2bff0d5bc65b920806a50c5e27b879b05a6538ae,,,,,,,64708657716035,0x8df0f54F762B2d40DA738C6A1dFaF1F01E554a16
0x2bff0d5bc65b920806a50c5e27b879b05a6538ae,,,,,,,64839126940415,0x21b8fa0E0eD5b98Ba21f406291BF433cf4682641
0x2c7c7dc74fb496c8c6881ed146f4a571a783aef4,,,,,,,34072691889294440000,0x8df0f54F762B2d40DA738C6A1dFaF1F01E554a16
0x2c7c7dc74fb496c8c6881ed146f4a571a783aef4,,,,,,,34141391161389543000,0x21b8fa0E0eD5b98Ba21f406291BF433cf4682641
0x2c88db9e49f43a7525d693df6605b4fe07672f4a,,,,,,,34072691889294440000,0x8df0f54F762B2d40DA738C6A1dFaF1F01E554a16
0x2c88db9e49f43a7525d693df6605b4fe07672f4a,,,,,,,34141391161389543000,0x21b8fa0E0eD5b98Ba21f406291BF433cf4682641
0x2cd6ac0018b8412bed323c2895d8c09d77d3bd0e,,,,,,,13986178525432,0x8df0f54F762B2d40DA738C6A1dFaF1F01E554a16
0x2cd6ac0018b8412bed323c2895d8c09d77d3bd0e,,,,,,,14014378242884,0x21b8fa0E0eD5b98Ba21f406291BF433cf4682641
0x2d343899f1f8aad551a545da4a4c5b4776e092e2,,,,,,,364174908106246,0x8df0f54F762B2d40DA738C6A1dFaF1F01E554a16
0x2d343899f1f8aad551a545da4a4c5b4776e092e2,,,,,,,364909177977951,0x21b8fa0E0eD5b98Ba21f406291BF433cf4682641
0x2d674857986b5c052ca1cb07b1d2ebf304e2ac5c,,,,,,,6088262723969220,0x8df0f54F762B2d40DA738C6A1dFaF1F01E554a16
0x2d674857986b5c052ca1cb07b1d2ebf304e2ac5c,,,,,,,6100538220687220,0x21b8fa0E0eD5b98Ba21f406291BF433cf4682641
0x2d7b4766abe9a28a43a1b322083fd692a63edc54,,,,,,,120110232063023,0x8df0f54F762B2d40DA738C6A1dFaF1F01E554a16
0x2d7b4766abe9a28a43a1b322083fd692a63edc54,,,,,,,120352405048378,0x21b8fa0E0eD5b98Ba21f406291BF433cf4682641
0x2d8bc975533bc41cc459ca6cbf48264f3eded5e0,,,,,,,179025510021080,0x8df0f54F762B2d40DA738C6A1dFaF1F01E554a16
0x2d8bc975533bc41cc459ca6cbf48264f3eded5e0,,,,,,,179386471293669,0x21b8fa0E0eD5b98Ba21f406291BF433cf4682641
0x2d9e4284144a08c66118321d9050df50946e418e,,,,,,,633129519449601,0x8df0f54F762B2d40DA738C6A1dFaF1F01E554a16
0x2d9e4284144a08c66118321d9050df50946e418e,,,,,,,634406070690971,0x21b8fa0E0eD5b98Ba21f406291BF433cf4682641
0x2dde4eefe48b040c2db25617f7da204c2fcac1d2,,,,,,,34072691889294440000,0x8df0f54F762B2d40DA738C6A1dFaF1F01E554a16
0x2dde4eefe48b040c2db25617f7da204c2fcac1d2,,,,,,,34141391161389543000,0x21b8fa0E0eD5b98Ba21f406291BF433cf4682641
0x2df90b5aae9bf29bccc51b2c1d6a851ec46280cf,,,,,,,6335316563688,0x8df0f54F762B2d40DA738C6A1dFaF1F01E554a16
0x2df90b5aae9bf29bccc51b2c1d6a851ec46280cf,,,,,,,6348090184212,0x21b8fa0E0eD5b98Ba21f406291BF433cf4682641
0x2dfc234c940bb25c44d3793935c21b332ef23aa4,,,,,,,346025327876284,0x8df0f54F762B2d40DA738C6A1dFaF1F01E554a16
0x2dfc234c940bb25c44d3793935c21b332ef23aa4,,,,,,,346723003546548,0x21b8fa0E0eD5b98Ba21f406291BF433cf4682641
0x2eec81f61dc62ec3b4bbe759616ce9b7f4438521,,,,,,,17190183667618,0x8df0f54F762B2d40DA738C6A1dFaF1F01E554a16
0x2eec81f61dc62ec3b4bbe759616ce9b7f4438521,,,,,,,17224843479909,0x21b8fa0E0eD5b98Ba21f406291BF433cf4682641
0x2f072eab560896528ba175b7358305e6e45def1a,,,,,,,316264039844782,0x8df0f54F762B2d40DA738C6A1dFaF1F01E554a16
0x2f072eab560896528ba175b7358305e6e45def1a,,,,,,,316901709137181,0x21b8fa0E0eD5b98Ba21f406291BF433cf4682641
0x2fc97e60d48c3e97fd21ad6103ed231c5189974b,,,,,,,101657789758955,0x8df0f54F762B2d40DA738C6A1dFaF1F01E554a16
0x2fc97e60d48c3e97fd21ad6103ed231c5189974b,,,,,,,101862757895371,0x21b8fa0E0eD5b98Ba21f406291BF433cf4682641
0x30432355e26165929ebcc381f198ac7d9fe0b6d6,,,,,,,104047933575864,0x8df0f54F762B2d40DA738C6A1dFaF1F01E554a16
0x30432355e26165929ebcc381f198ac7d9fe0b6d6,,,,,,,104257720854277,0x21b8fa0E0eD5b98Ba21f406291BF433cf4682641
0x3081795c665076c289e028ac14233aa2ce1cdb70,,,,,,,522487849369628,0x8df0f54F762B2d40DA738C6A1dFaF1F01E554a16
0x3081795c665076c289e028ac14233aa2ce1cdb70,,,,,,,523541318671286,0x21b8fa0E0eD5b98Ba21f406291BF433cf4682641
0x3085dcaf2af3a86921bd2cfa08b7cf24d63424dd,,,,,,,94347904121922,0x8df0f54F762B2d40DA738C6A1dFaF1F01E554a16
0x3085dcaf2af3a86921bd2cfa08b7cf24d63424dd,,,,,,,94538133656998,0x21b8fa0E0eD5b98Ba21f406291BF433cf4682641
0x3106c024b3e1d77ac8708befd003d230c9a51e31,,,,,,,34072691889294440000,0x8df0f54F762B2d40DA738C6A1dFaF1F01E554a16
0x3106c024b3e1d77ac8708befd003d230c9a51e31,,,,,,,34141391161389543000,0x21b8fa0E0eD5b98Ba21f406291BF433cf4682641
0x314a5ad6c5f36eed1fe6cee59ce3ba9ad15833e3,,,,,,,482769843481759,0x8df0f54F762B2d40DA738C6A1dFaF1F01E554a16
0x314a5ad6c5f36eed1fe6cee59ce3ba9ad15833e3,,,,,,,483743231112664,0x21b8fa0E0eD5b98Ba21f406291BF433cf4682641
0x317c422ebf202211ba95e25f8cfeb2e04ebb19ef,,,,,,,68145383788367750000,0x8df0f54F762B2d40DA738C6A1dFaF1F01E554a16
0x317c422ebf202211ba95e25f8cfeb2e04ebb19ef,,,,,,,68282782332577680000,0x21b8fa0E0eD5b98Ba21f406291BF433cf4682641
0x318d61847439855744987bec073dd98fe425ab91,,,,,,,34072691889294440000,0x8df0f54F762B2d40DA738C6A1dFaF1F01E554a16
0x318d61847439855744987bec073dd98fe425ab91,,,,,,,34141391161389543000,0x21b8fa0E0eD5b98Ba21f406291BF433cf4682641
0x318e706186a91ee084052789b5176ffb63135a21,,,,,,,210389543,0x8df0f54F762B2d40DA738C6A1dFaF1F01E554a16
0x318e706186a91ee084052789b5176ffb63135a21,,,,,,,210813742,0x21b8fa0E0eD5b98Ba21f406291BF433cf4682641
0x31b33f4aba5db939932e5cfebb71077107d5db57,,,,,,,34072691889294440000,0x8df0f54F762B2d40DA738C6A1dFaF1F01E554a16
0x31b33f4aba5db939932e5cfebb71077107d5db57,,,,,,,34141391161389543000,0x21b8fa0E0eD5b98Ba21f406291BF433cf4682641
0x31b6c62795dec9940e4014577b9d75cb829723d9,,,,,,,468924031055607,0x8df0f54F762B2d40DA738C6A1dFaF1F01E554a16
0x31b6c62795dec9940e4014577b9d75cb829723d9,,,,,,,469869501983061,0x21b8fa0E0eD5b98Ba21f406291BF433cf4682641
0x31c79b1dff220eac323a92151b02626fa6187477,,,,,,,213790229188657,0x8df0f54F762B2d40DA738C6A1dFaF1F01E554a16
0x31c79b1dff220eac323a92151b02626fa6187477,,,,,,,214221285037547,0x21b8fa0E0eD5b98Ba21f406291BF433cf4682641
0x31fd90a94ec4ef0a4a88d7a46db4bde6979ee5f9,,,,,,,41362553459354,0x8df0f54F762B2d40DA738C6A1dFaF1F01E554a16
0x31fd90a94ec4ef0a4a88d7a46db4bde6979ee5f9,,,,,,,41445950959144,0x21b8fa0E0eD5b98Ba21f406291BF433cf4682641
0x32044f642d465498907e52ca508b4e3baee7dc35,,,,,,,122302419228466,0x8df0f54F762B2d40DA738C6A1dFaF1F01E554a16
0x32044f642d465498907e52ca508b4e3baee7dc35,,,,,,,122549012224516,0x21b8fa0E0eD5b98Ba21f406291BF433cf4682641
0x3241e987a5e336401cc4e08ead3959cfa16d8749,,,,,,,106393258346305,0x8df0f54F762B2d40DA738C6A1dFaF1F01E554a16
0x3241e987a5e336401cc4e08ead3959cfa16d8749,,,,,,,106607774400040,0x21b8fa0E0eD5b98Ba21f406291BF433cf4682641
0x324e6555a14758bb968ec0b4066454cd030e609b,,,,,,,17109482153124,0x8df0f54F762B2d40DA738C6A1dFaF1F01E554a16
0x324e6555a14758bb968ec0b4066454cd030e609b,,,,,,,17143979250496,0x21b8fa0E0eD5b98Ba21f406291BF433cf4682641
0x325764d741b33a66f86822229e5bdc0be29cfa7a,,,,,,,111391407304502,0x8df0f54F762B2d40DA738C6A1dFaF1F01E554a16
0x325764d741b33a66f86822229e5bdc0be29cfa7a,,,,,,,111616000906450,0x21b8fa0E0eD5b98Ba21f406291BF433cf4682641
0x32e9dbe758a92ace68acf2dc59117ce827c32200,,,,,,,341360807299431,0x8df0f54F762B2d40DA738C6A1dFaF1F01E554a16
0x32e9dbe758a92ace68acf2dc59117ce827c32200,,,,,,,342049078101734,0x21b8fa0E0eD5b98Ba21f406291BF433cf4682641
0x32fb8d16d0871450ffec17afb85b88c0c51055dc,,,,,,,87469735465219,0x8df0f54F762B2d40DA738C6A1dFaF1F01E554a16
0x32fb8d16d0871450ffec17afb85b88c0c51055dc,,,,,,,87646096850939,0x21b8fa0E0eD5b98Ba21f406291BF433cf4682641
0x334c13e486ac1e3d834b648d6647317b8eaa7fc7,,,,,,,125023343997434,0x8df0f54F762B2d40DA738C6A1dFaF1F01E554a16
0x334c13e486ac1e3d834b648d6647317b8eaa7fc7,,,,,,,125275423074585,0x21b8fa0E0eD5b98Ba21f406291BF433cf4682641
0x33de883c41a2d608e88fa1abe3d4c45f15216f2b,,,,,,,373210662862594,0x8df0f54F762B2d40DA738C6A1dFaF1F01E554a16
0x33de883c41a2d608e88fa1abe3d4c45f15216f2b,,,,,,,373963151129741,0x21b8fa0E0eD5b98Ba21f406291BF433cf4682641
0x33e8581f812585cd2f277b6e40c26f7d08a5f2a9,,,,,,,25177363352580,0x8df0f54F762B2d40DA738C6A1dFaF1F01E554a16
0x33e8581f812585cd2f277b6e40c26f7d08a5f2a9,,,,,,,25228127364452,0x21b8fa0E0eD5b98Ba21f406291BF433cf4682641
0x346d827a75f98f0a7a324ff80b7c3f90252e8bac,,,,,,,34072691889294440000,0x8df0f54F762B2d40DA738C6A1dFaF1F01E554a16
0x346d827a75f98f0a7a324ff80b7c3f90252e8bac,,,,,,,34141391161389543000,0x21b8fa0E0eD5b98Ba21f406291BF433cf4682641
0x34746d9a2f883bf6f1184d98aea454c06e65e103,,,,,,,34072691889294440000,0x8df0f54F762B2d40DA738C6A1dFaF1F01E554a16
0x34746d9a2f883bf6f1184d98aea454c06e65e103,,,,,,,34141391161389543000,0x21b8fa0E0eD5b98Ba21f406291BF433cf4682641
0x347d00dbb5f520f719af89d58a46f3655e48cd1b,,,,,,,94980274519120,0x8df0f54F762B2d40DA738C6A1dFaF1F01E554a16
0x347d00dbb5f520f719af89d58a46f3655e48cd1b,,,,,,,95171779074852,0x21b8fa0E0eD5b98Ba21f406291BF433cf4682641
0x3496cc53d6d8650ec936891038e656a85475126b,,,,,,,670631884040249,0x8df0f54F762B2d40DA738C6A1dFaF1F01E554a16
0x3496cc53d6d8650ec936891038e656a85475126b,,,,,,,671984049652142,0x21b8fa0E0eD5b98Ba21f406291BF433cf4682641
0x349f22494ad7a85bd312a8856395791003d0a483,,,,,,,41939648264206,0x8df0f54F762B2d40DA738C6A1dFaF1F01E554a16
0x349f22494ad7a85bd312a8856395791003d0a483,,,,,,,42024209334903,0x21b8fa0E0eD5b98Ba21f406291BF433cf4682641
0x34af4bdee0e501c822cff52780e2bc9857f41a3d,,,,,,,142918060325787,0x8df0f54F762B2d40DA738C6A1dFaF1F01E554a16
0x34af4bdee0e501c822cff52780e2bc9857f41a3d,,,,,,,143206219733489,0x21b8fa0E0eD5b98Ba21f406291BF433cf4682641
0x34c70805ca93a25ab71eb2d108c953b1cb44b5d6,,,,,,,101748114865699,0x8df0f54F762B2d40DA738C6A1dFaF1F01E554a16
0x34c70805ca93a25ab71eb2d108c953b1cb44b5d6,,,,,,,101953265120661,0x21b8fa0E0eD5b98Ba21f406291BF433cf4682641
0x3511234945e71c792b053a6f1fb5458fb28691e6,,,,,,,27981208427446,0x8df0f54F762B2d40DA738C6A1dFaF1F01E554a16
0x3511234945e71c792b053a6f1fb5458fb28691e6,,,,,,,28037625708991,0x21b8fa0E0eD5b98Ba21f406291BF433cf4682641
0x353ba7829f4002800112ba6214dabcd51e82e078,14421.246367499998,1.0,1.0,2026-07-06 00:00:00,2026-07-06 00:00:00,0.18181818181818182,3410501200362561000,0x8df0f54F762B2d40DA738C6A1dFaF1F01E554a16
0x353ba7829f4002800112ba6214dabcd51e82e078,14421.246367499998,1.0,1.0,2026-07-06 00:00:00,2026-07-06 00:00:00,0.18181818181818182,3417377644134765600,0x21b8fa0E0eD5b98Ba21f406291BF433cf4682641
0x35912c886c7b8d6e151d6db28f32595e89d75d72,,,,,,,42586618379704,0x8df0f54F762B2d40DA738C6A1dFaF1F01E554a16
0x35912c886c7b8d6e151d6db28f32595e89d75d72,,,,,,,42672483907827,0x21b8fa0E0eD5b98Ba21f406291BF433cf4682641
0x35921fb43cb92f5bfef7cba1e97eb5a21fc2d353,,,,,,,68145383788367750000,0x8df0f54F762B2d40DA738C6A1dFaF1F01E554a16
0x35921fb43cb92f5bfef7cba1e97eb5a21fc2d353,,,,,,,68282782332577680000,0x21b8fa0E0eD5b98Ba21f406291BF433cf4682641
0x36ba23241ff9ed173ac2c384d0e4760536d4b435,,,,,,,20002589083010,0x8df0f54F762B2d40DA738C6A1dFaF1F01E554a16
0x36ba23241ff9ed173ac2c384d0e4760536d4b435,,,,,,,20042919424812,0x21b8fa0E0eD5b98Ba21f406291BF433cf4682641
0x36c4feac438c17726f9c253f8ee618f5fec83182,,,,,,,344586047950708,0x8df0f54F762B2d40DA738C6A1dFaF1F01E554a16
0x36c4feac438c17726f9c253f8ee618f5fec83182,,,,,,,345280821664075,0x21b8fa0E0eD5b98Ba21f406291BF433cf4682641
0x374ef35eb9811890b2f38f1403a4399ae7ef176a,,,,,,,95962053863124,0x8df0f54F762B2d40DA738C6A1dFaF1F01E554a16
0x374ef35eb9811890b2f38f1403a4399ae7ef176a,,,,,,,96155537937425,0x21b8fa0E0eD5b98Ba21f406291BF433cf4682641
0x37ea78946273e1b8061bd0804aee30b6fbe6c349,,,,,,,121609699088554,0x8df0f54F762B2d40DA738C6A1dFaF1F01E554a16
0x37ea78946273e1b8061bd0804aee30b6fbe6c349,,,,,,,121854895383412,0x21b8fa0E0eD5b98Ba21f406291BF433cf4682641
0x37f5c6840719b7d41f0705626caf6f1b58306dc0,,,,,,,100197761577695,0x8df0f54F762B2d40DA738C6A1dFaF1F01E554a16
0x37f5c6840719b7d41f0705626caf6f1b58306dc0,,,,,,,100399785923418,0x21b8fa0E0eD5b98Ba21f406291BF433cf4682641
0x37fe376f51585e5074e1373659453ffd56c5b9f7,,,,,,,34072691889294440000,0x8df0f54F762B2d40DA738C6A1dFaF1F01E554a16
0x37fe376f51585e5074e1373659453ffd56c5b9f7,,,,,,,34141391161389543000,0x21b8fa0E0eD5b98Ba21f406291BF433cf4682641
0x37ff1e6ad66c50ce38c7fbf8304fa0f3aa416f84,,,,,,,98204352882056,0x8df0f54F762B2d40DA738C6A1dFaF1F01E554a16
0x37ff1e6ad66c50ce38c7fbf8304fa0f3aa416f84,,,,,,,98402358005381,0x21b8fa0E0eD5b98Ba21f406291BF433cf4682641
0x388c818ca8b9251b393131c08a736a67ccb19297,712626711.0701878,13.0,12.0,2026-07-06 00:00:00,2026-07-06 00:00:00,1.0,,
0x388e3c2774aa8c5d73bc5555aa6417e536ff40a1,,,,,,,118952229965345,0x8df0f54F762B2d40DA738C6A1dFaF1F01E554a16
0x388e3c2774aa8c5d73bc5555aa6417e536ff40a1,,,,,,,119192068121933,0x21b8fa0E0eD5b98Ba21f406291BF433cf4682641
0x393b5f397d53f44333b4c7d2af3b6388194767b4,,,,,,,339032865564283,0x8df0f54F762B2d40DA738C6A1dFaF1F01E554a16
0x393b5f397d53f44333b4c7d2af3b6388194767b4,,,,,,,339716442639915,0x21b8fa0E0eD5b98Ba21f406291BF433cf4682641
0x396f95d20defc8be60401690ba6c822e6d2b38e3,,,,,,,231310536151206,0x8df0f54F762B2d40DA738C6A1dFaF1F01E554a16
0x396f95d20defc8be60401690ba6c822e6d2b38e3,,,,,,,231776917425487,0x21b8fa0E0eD5b98Ba21f406291BF433cf4682641
0x3981cb6c511aa79d18b92c2fde4550cc188fbd2f,,,,,,,11737145185241,0x8df0f54F762B2d40DA738C6A1dFaF1F01E554a16
0x3981cb6c511aa79d18b92c2fde4550cc188fbd2f,,,,,,,11760810275552,0x21b8fa0E0eD5b98Ba21f406291BF433cf4682641
0x39e8a0a743f431a3d72ecea9261bfa090cfd1433,,,,,,,108571923554796,0x8df0f54F762B2d40DA738C6A1dFaF1F01E554a16
0x39e8a0a743f431a3d72ecea9261bfa090cfd1433,,,,,,,108790832355498,0x21b8fa0E0eD5b98Ba21f406291BF433cf4682641
0x3a72acfc5b9d4b078f870a02c2417488df60d9b0,,,,,,,6355554283078,0x8df0f54F762B2d40DA738C6A1dFaF1F01E554a16
0x3a72acfc5b9d4b078f870a02c2417488df60d9b0,,,,,,,6368368708027,0x21b8fa0E0eD5b98Ba21f406291BF433cf4682641
0x3ada85d4f516b241a9e80e50fd3599a08dac54db,14421.246367499998,1.0,1.0,2026-07-06 00:00:00,2026-07-06 00:00:00,0.18181818181818182,3410501200362561000,0x8df0f54F762B2d40DA738C6A1dFaF1F01E554a16
0x3ada85d4f516b241a9e80e50fd3599a08dac54db,14421.246367499998,1.0,1.0,2026-07-06 00:00:00,2026-07-06 00:00:00,0.18181818181818182,3417377644134765600,0x21b8fa0E0eD5b98Ba21f406291BF433cf4682641
0x3b0301595d4a38c2b9c318bc019ac74b6de015db,,,,,,,173746141273479,0x8df0f54F762B2d40DA738C6A1dFaF1F01E554a16
0x3b0301595d4a38c2b9c318bc019ac74b6de015db,,,,,,,174096457986746,0x21b8fa0E0eD5b98Ba21f406291BF433cf4682641
0x3b05adac024d16fe44adc59d7afd1aae5f31bed4,,,,,,,165863819433089,0x8df0f54F762B2d40DA738C6A1dFaF1F01E554a16
0x3b05adac024d16fe44adc59d7afd1aae5f31bed4,,,,,,,166198243367041,0x21b8fa0E0eD5b98Ba21f406291BF433cf4682641
0x3b9988e318874e5a2fbf32e3521951756d4f43af,,,,,,,34072691889294440000,0x8df0f54F762B2d40DA738C6A1dFaF1F01E554a16
0x3b9988e318874e5a2fbf32e3521951756d4f43af,,,,,,,34141391161389543000,0x21b8fa0E0eD5b98Ba21f406291BF433cf4682641
0x3c2a60ba857e045036e39b0930fd048cde758148,,,,,,,360182882772372,0x8df0f54F762B2d40DA738C6A1dFaF1F01E554a16
0x3c2a60ba857e045036e39b0930fd048cde758148,,,,,,,360909103698736,0x21b8fa0E0eD5b98Ba21f406291BF433cf4682641
0x3c7066e72008318a6473f4dbd6103bde88c9e577,,,,,,,22826803961070548,0x8df0f54F762B2d40DA738C6A1dFaF1F01E554a16
0x3c7066e72008318a6473f4dbd6103bde88c9e577,,,,,,,22872828643284636,0x21b8fa0E0eD5b98Ba21f406291BF433cf4682641
0x3c8093c70f58586962dd6b3ab2f1f2dae2dad707,,,,,,,18957292373188336,0x8df0f54F762B2d40DA738C6A1dFaF1F01E554a16
0x3c8093c70f58586962dd6b3ab2f1f2dae2dad707,,,,,,,18995515129146792,0x21b8fa0E0eD5b98Ba21f406291BF433cf4682641
0x3c8d07109a9c8c9009488bbc4942aa008d686932,,,,,,,130137895230423,0x8df0f54F762B2d40DA738C6A1dFaF1F01E554a16
0x3c8d07109a9c8c9009488bbc4942aa008d686932,,,,,,,130400286552581,0x21b8fa0E0eD5b98Ba21f406291BF433cf4682641
0x3cc04875e98edf01065a4b27e00bcfeddb76cba8,,,,,,,34072691889294440000,0x8df0f54F762B2d40DA738C6A1dFaF1F01E554a16
0x3cc04875e98edf01065a4b27e00bcfeddb76cba8,,,,,,,34141391161389543000,0x21b8fa0E0eD5b98Ba21f406291BF433cf4682641
0x3d066686d6450aad57e3636dcc9186729a51c308,,,,,,,317297186293438,0x8df0f54F762B2d40DA738C6A1dFaF1F01E554a16
0x3d066686d6450aad57e3636dcc9186729a51c308,,,,,,,317936938673644,0x21b8fa0E0eD5b98Ba21f406291BF433cf4682641
0x3d2f68f4e2112fe3f2bfd08ae8cbcdb3a802812a,,,,,,,47465879024684,0x8df0f54F762B2d40DA738C6A1dFaF1F01E554a16
0x3d2f68f4e2112fe3f2bfd08ae8cbcdb3a802812a,,,,,,,47561582391736,0x21b8fa0E0eD5b98Ba21f406291BF433cf4682641
0x3d30be069dca6f4a76aed68482daee0727cc2407,,,,,,,352414936920957,0x8df0f54F762B2d40DA738C6A1dFaF1F01E554a16
0x3d30be069dca6f4a76aed68482daee0727cc2407,,,,,,,353125495679290,0x21b8fa0E0eD5b98Ba21f406291BF433cf4682641
0x3db95fb6ce4fe7700fad8d59ce7bd1cddb4f5dd2,,,,,,,23709160179404,0x8df0f54F762B2d40DA738C6A1dFaF1F01E554a16
0x3db95fb6ce4fe7700fad8d59ce7bd1cddb4f5dd2,,,,,,,23756963917706,0x21b8fa0E0eD5b98Ba21f406291BF433cf4682641
0x3e87de120ef5d9d3fcda1cda0c49bdd51a57812a,,,,,,,9222143188562,0x8df0f54F762B2d40DA738C6A1dFaF1F01E554a16
0x3e87de120ef5d9d3fcda1cda0c49bdd51a57812a,,,,,,,9240737390812,0x21b8fa0E0eD5b98Ba21f406291BF433cf4682641
0x3eab5a7648db96a28e9d8ddf5356b1e600fb731d,,,,,,,34072691889294440000,0x8df0f54F762B2d40DA738C6A1dFaF1F01E554a16
0x3eab5a7648db96a28e9d8ddf5356b1e600fb731d,,,,,,,34141391161389543000,0x21b8fa0E0eD5b98Ba21f406291BF433cf4682641
0x3f007863257846a76071cbc65586e4527051e8c1,,,,,,,34072691889294440000,0x8df0f54F762B2d40DA738C6A1dFaF1F01E554a16
0x3f007863257846a76071cbc65586e4527051e8c1,,,,,,,34141391161389543000,0x21b8fa0E0eD5b98Ba21f406291BF433cf4682641
0x3fb80901e16924da6e3be1ae39d181a52ec9af90,,,,,,,269825295223063,0x8df0f54F762B2d40DA738C6A1dFaF1F01E554a16
0x3fb80901e16924da6e3be1ae39d181a52ec9af90,,,,,,,270369332114392,0x21b8fa0E0eD5b98Ba21f406291BF433cf4682641
0x3fbf669c9a72f06c125032c6dd7aa1d1d51c5eb8,,,,,,,68145383788367750000,0x8df0f54F762B2d40DA738C6A1dFaF1F01E554a16
0x3fbf669c9a72f06c125032c6dd7aa1d1d51c5eb8,,,,,,,68282782332577680000,0x21b8fa0E0eD5b98Ba21f406291BF433cf4682641
0x405202c2686dae017b2c3dc917512fde0e06833b,,,,,,,19967249376139,0x8df0f54F762B2d40DA738C6A1dFaF1F01E554a16
0x405202c2686dae017b2c3dc917512fde0e06833b,,,,,,,20007508464042,0x21b8fa0E0eD5b98Ba21f406291BF433cf4682641
0x405478248bfb0b5a74b68ddd241e13fa22c7424b,,,,,,,341425356228461,0x8df0f54F762B2d40DA738C6A1dFaF1F01E554a16
0x405478248bfb0b5a74b68ddd241e13fa22c7424b,,,,,,,342113757177934,0x21b8fa0E0eD5b98Ba21f406291BF433cf4682641
0x409bdde1bbc00bb071fe0225383ab4e85cc7e8db,,,,,,,100258462925708,0x8df0f54F762B2d40DA738C6A1dFaF1F01E554a16
0x409bdde1bbc00bb071fe0225383ab4e85cc7e8db,,,,,,,100460609660892,0x21b8fa0E0eD5b98Ba21f406291BF433cf4682641
0x413533fcb1051524239db3a120ba424d62270e9a,,,,,,,528604918922894,0x8df0f54F762B2d40DA738C6A1dFaF1F01E554a16
0x413533fcb1051524239db3a120ba424d62270e9a,,,,,,,529670721803215,0x21b8fa0E0eD5b98Ba21f406291BF433cf4682641
0x4151e640507727da497eb3997b020d3f9fe6b6ea,,,,,,,1156014402906232,0x8df0f54F762B2d40DA738C6A1dFaF1F01E554a16
0x4151e640507727da497eb3997b020d3f9fe6b6ea,,,,,,,1158345223971652,0x21b8fa0E0eD5b98Ba21f406291BF433cf4682641
0x41727144b46c556e8bf2c009ebe0111bb23b6874,,,,,,,157078454384049,0x8df0f54F762B2d40DA738C6A1dFaF1F01E554a16
0x41727144b46c556e8bf2c009ebe0111bb23b6874,,,,,,,157395164772329,0x21b8fa0E0eD5b98Ba21f406291BF433cf4682641
0x41736fe61ccdf0ff31310b736d80284d80bda768,,,,,,,16717139987706233000,0x8df0f54F762B2d40DA738C6A1dFaF1F01E554a16
0x41736fe61ccdf0ff31310b736d80284d80bda768,,,,,,,16750846022803161000,0x21b8fa0E0eD5b98Ba21f406291BF433cf4682641
0x41adbe54901c420e9af3988ecc5f2bc85da5f9be,,,,,,,122061606210206,0x8df0f54F762B2d40DA738C6A1dFaF1F01E554a16
0x41adbe54901c420e9af3988ecc5f2bc85da5f9be,,,,,,,122307713665544,0x21b8fa0E0eD5b98Ba21f406291BF433cf4682641
0x41d45c3336c6d3f10118b5ea4a2833f99577352a,,,,,,,83088167565496,0x8df0f54F762B2d40DA738C6A1dFaF1F01E554a16
0x41d45c3336c6d3f10118b5ea4a2833f99577352a,,,,,,,83255694588310,0x21b8fa0E0eD5b98Ba21f406291BF433cf4682641
0x4207a529ffc1076e4f59ab8674d86b71b7a7f69b,,,,,,,121443925457230,0x8df0f54F762B2d40DA738C6A1dFaF1F01E554a16
0x4207a529ffc1076e4f59ab8674d86b71b7a7f69b,,,,,,,121688787509996,0x21b8fa0E0eD5b98Ba21f406291BF433cf4682641
0x4299caecefa01fc58b229572d4a527b2285139bf,,,,,,,88142972217453,0x8df0f54F762B2d40DA738C6A1dFaF1F01E554a16
0x4299caecefa01fc58b229572d4a527b2285139bf,,,,,,,88320691020867,0x21b8fa0E0eD5b98Ba21f406291BF433cf4682641
0x42ef2b43aeb6e371a24866514a461b12419d9517,,,,,,,327443481999759,0x8df0f54F762B2d40DA738C6A1dFaF1F01E554a16
0x42ef2b43aeb6e371a24866514a461b12419d9517,,,,,,,328103691910345,0x21b8fa0E0eD5b98Ba21f406291BF433cf4682641
0x431cc95f92a7cec50011bb22ad45a62739b3a894,,,,,,,1380184759160,0x8df0f54F762B2d40DA738C6A1dFaF1F01E554a16
0x431cc95f92a7cec50011bb22ad45a62739b3a894,,,,,,,1382967565068,0x21b8fa0E0eD5b98Ba21f406291BF433cf4682641
0x435a631494289d4fd415cd963a4f38b445dafe8a,,,,,,,10105596549389,0x8df0f54F762B2d40DA738C6A1dFaF1F01E554a16
0x435a631494289d4fd415cd963a4f38b445dafe8a,,,,,,,10125972019848,0x21b8fa0E0eD5b98Ba21f406291BF433cf4682641
0x43b6b231abb536bbfe48409803b61f3edeebd99d,,,,,,,193132964873837,0x8df0f54F762B2d40DA738C6A1dFaF1F01E554a16
0x43b6b231abb536bbfe48409803b61f3edeebd99d,,,,,,,193522370388010,0x21b8fa0E0eD5b98Ba21f406291BF433cf4682641
0x43b7d6b49ced76814e910d1a6d18c07b20b429b6,,,,,,,256852277658145,0x8df0f54F762B2d40DA738C6A1dFaF1F01E554a16
0x43b7d6b49ced76814e910d1a6d18c07b20b429b6,,,,,,,257370157623967,0x21b8fa0E0eD5b98Ba21f406291BF433cf4682641
0x43b9eb6beecd92ba8342eb25017ecc437806f6d5,,,,,,,154666341478470,0x8df0f54F762B2d40DA738C6A1dFaF1F01E554a16
0x43b9eb6beecd92ba8342eb25017ecc437806f6d5,,,,,,,154978188429445,0x21b8fa0E0eD5b98Ba21f406291BF433cf4682641
0x43c80a17558604f8e2dc807e98948823b4d6185c,,,,,,,140065566507390,0x8df0f54F762B2d40DA738C6A1dFaF1F01E554a16
0x43c80a17558604f8e2dc807e98948823b4d6185c,,,,,,,140347974557094,0x21b8fa0E0eD5b98Ba21f406291BF433cf4682641
0x43e736b115e629df4950ba07baaefffe0bbbe486,,,,,,,86249786553925,0x8df0f54F762B2d40DA738C6A1dFaF1F01E554a16
0x43e736b115e629df4950ba07baaefffe0bbbe486,,,,,,,86423688210239,0x21b8fa0E0eD5b98Ba21f406291BF433cf4682641
0x4420559d41b04cc68f91ef8b6cc7842a8384c203,,,,,,,34072691889294440000,0x8df0f54F762B2d40DA738C6A1dFaF1F01E554a16
0x4420559d41b04cc68f91ef8b6cc7842a8384c203,,,,,,,34141391161389543000,0x21b8fa0E0eD5b98Ba21f406291BF433cf4682641
0x4423e1aa29f8fa79701fc0fdd4cb9b83d2a2b97a,,,,,,,422370502319568,0x8df0f54F762B2d40DA738C6A1dFaF1F01E554a16
0x4423e1aa29f8fa79701fc0fdd4cb9b83d2a2b97a,,,,,,,423222109411784,0x21b8fa0E0eD5b98Ba21f406291BF433cf4682641
0x44424b581f8d2612ff603ae4e8c6e8746bd262d7,,,,,,,31900075901397,0x8df0f54F762B2d40DA738C6A1dFaF1F01E554a16
0x44424b581f8d2612ff603ae4e8c6e8746bd262d7,,,,,,,31964394623303,0x21b8fa0E0eD5b98Ba21f406291BF433cf4682641
0x4491172eecc4bef5659b0ed33459a1a7b848d447,,,,,,,34072691889294440000,0x8df0f54F762B2d40DA738C6A1dFaF1F01E554a16
0x4491172eecc4bef5659b0ed33459a1a7b848d447,,,,,,,34141391161389543000,0x21b8fa0E0eD5b98Ba21f406291BF433cf4682641
0x44d310e12e9e309651dc3c8bcc9d3b459bbd0ca3,,,,,,,9530508290516,0x8df0f54F762B2d40DA738C6A1dFaF1F01E554a16
0x44d310e12e9e309651dc3c8bcc9d3b459bbd0ca3,,,,,,,9549724235778,0x21b8fa0E0eD5b98Ba21f406291BF433cf4682641
0x44f4c27cda69f1b683f458b25564a4c555342255,,,,,,,1969839667887,0x8df0f54F762B2d40DA738C6A1dFaF1F01E554a16
0x44f4c27cda69f1b683f458b25564a4c555342255,,,,,,,1973811369089,0x21b8fa0E0eD5b98Ba21f406291BF433cf4682641
0x4559d6b52b6a736684345b42d5e3ee8405991466,,,,,,,919626488635259900,0x8df0f54F762B2d40DA738C6A1dFaF1F01E554a16
0x4559d6b52b6a736684345b42d5e3ee8405991466,,,,,,,921480691131907070,0x21b8fa0E0eD5b98Ba21f406291BF433cf4682641
0x4578605337fd4975db63a692882065ba45c0b10f,,,,,,,352822774435074,0x8df0f54F762B2d40DA738C6A1dFaF1F01E554a16
0x4578605337fd4975db63a692882065ba45c0b10f,,,,,,,353534155498273,0x21b8fa0E0eD5b98Ba21f406291BF433cf4682641
0x4582985c66cc83f8333e99dcfe8461872499e1a2,,,,,,,99178638342873,0x8df0f54F762B2d40DA738C6A1dFaF1F01E554a16
0x4582985c66cc83f8333e99dcfe8461872499e1a2,,,,,,,99378607875180,0x21b8fa0E0eD5b98Ba21f406291BF433cf4682641
0x45fbfa2c2d78632fcdf6f5edb3c693c7bfb6bcde,,,,,,,34072691889294440000,0x8df0f54F762B2d40DA738C6A1dFaF1F01E554a16
0x45fbfa2c2d78632fcdf6f5edb3c693c7bfb6bcde,,,,,,,34141391161389543000,0x21b8fa0E0eD5b98Ba21f406291BF433cf4682641
0x462f0560e473e1545fd4d0680c02c499aaf01711,,,,,,,34072691889294440000,0x8df0f54F762B2d40DA738C6A1dFaF1F01E554a16
0x462f0560e473e1545fd4d0680c02c499aaf01711,,,,,,,34141391161389543000,0x21b8fa0E0eD5b98Ba21f406291BF433cf4682641
0x463ba5667ac4aabd51e64f4f09963c81366bf3ac,,,,,,,36640653900874,0x8df0f54F762B2d40DA738C6A1dFaF1F01E554a16
0x463ba5667ac4aabd51e64f4f09963c81366bf3ac,,,,,,,36714530841981,0x21b8fa0E0eD5b98Ba21f406291BF433cf4682641
0x466e55b2745df2dcf015bb5641d11f4a9a2cf50f,,,,,,,99016723934009,0x8df0f54F762B2d40DA738C6A1dFaF1F01E554a16
0x466e55b2745df2dcf015bb5641d11f4a9a2cf50f,,,,,,,99216367005405,0x21b8fa0E0eD5b98Ba21f406291BF433cf4682641
0x4686b28928b64440c8282aac3870e5121db35018,,,,,,,119159859811729,0x8df0f54F762B2d40DA738C6A1dFaF1F01E554a16
0x4686b28928b64440c8282aac3870e5121db35018,,,,,,,119400116603257,0x21b8fa0E0eD5b98Ba21f406291BF433cf4682641
0x46aa454e92d00e4b944ca12004bd54d0e8cdc379,,,,,,,35884266544645,0x8df0f54F762B2d40DA738C6A1dFaF1F01E554a16
0x46aa454e92d00e4b944ca12004bd54d0e8cdc379,,,,,,,35956618415148,0x21b8fa0E0eD5b98Ba21f406291BF433cf4682641
0x46d36b19086c7456a6fcf364bfe5e5fcc024190e,,,,,,,96399127931482,0x8df0f54F762B2d40DA738C6A1dFaF1F01E554a16
0x46d36b19086c7456a6fcf364bfe5e5fcc024190e,,,,,,,96593493259029,0x21b8fa0E0eD5b98Ba21f406291BF433cf4682641
0x46d63ccb21c2da65d9d144bf504a47a3f0f256a2,,,,,,,177874862277998,0x8df0f54F762B2d40DA738C6A1dFaF1F01E554a16
0x46d63ccb21c2da65d9d144bf504a47a3f0f256a2,,,,,,,178233503550082,0x21b8fa0E0eD5b98Ba21f406291BF433cf4682641
0x473a0d1ddc0e35ec37010a22bb0d4c69e359ce06,,,,,,,9111635870173,0x8df0f54F762B2d40DA738C6A1dFaF1F01E554a16
0x473a0d1ddc0e35ec37010a22bb0d4c69e359ce06,,,,,,,9130007261371,0x21b8fa0E0eD5b98Ba21f406291BF433cf4682641
0x474ea54efec898a3cbb6c41e52ccd9626d003f7d,,,,,,,487074616498799,0x8df0f54F762B2d40DA738C6A1dFaF1F01E554a16
0x474ea54efec898a3cbb6c41e52ccd9626d003f7d,,,,,,,488056683654461,0x21b8fa0E0eD5b98Ba21f406291BF433cf4682641
0x476a7c1d6ff8fbb15d1688b6895285e08bf856ff,,,,,,,107738203278793,0x8df0f54F762B2d40DA738C6A1dFaF1F01E554a16
0x476a7c1d6ff8fbb15d1688b6895285e08bf856ff,,,,,,,107955431085922,0x21b8fa0E0eD5b98Ba21f406291BF433cf4682641
0x479a87455f5bbd3038dfef07ab6d2c7e355d80e1,,,,,,,334265994945719,0x8df0f54F762B2d40DA738C6A1dFaF1F01E554a16
0x479a87455f5bbd3038dfef07ab6d2c7e355d80e1,,,,,,,334939960789496,0x21b8fa0E0eD5b98Ba21f406291BF433cf4682641
0x47ab19ad14faf69e67bca1e79370d808a3b9525f,,,,,,,34072691889294440000,0x8df0f54F762B2d40DA738C6A1dFaF1F01E554a16
0x47ab19ad14faf69e67bca1e79370d808a3b9525f,,,,,,,34141391161389543000,0x21b8fa0E0eD5b98Ba21f406291BF433cf4682641
0x4827ea83570339eb8ee2396d9f8dccb57257d82a,,,,,,,28998262522449,0x8df0f54F762B2d40DA738C6A1dFaF1F01E554a16
0x4827ea83570339eb8ee2396d9f8dccb57257d82a,,,,,,,29056730445494,0x21b8fa0E0eD5b98Ba21f406291BF433cf4682641
0x486ecf3e0c3e6335fdefef79542f05eb495e541e,,,,,,,567852129870872,0x8df0f54F762B2d40DA738C6A1dFaF1F01E554a16
0x486ecf3e0c3e6335fdefef79542f05eb495e541e,,,,,,,568997065178787,0x21b8fa0E0eD5b98Ba21f406291BF433cf4682641
0x4898a6bf1921599d04cb00ba82b8d512573654d5,,,,,,,116679482501165,0x8df0f54F762B2d40DA738C6A1dFaF1F01E554a16
0x4898a6bf1921599d04cb00ba82b8d512573654d5,,,,,,,116914738216865,0x21b8fa0E0eD5b98Ba21f406291BF433cf4682641
0x48ae08b8ee201da2bc3c52d2ab22eed081bf502f,,,,,,,115851090800093,0x8df0f54F762B2d40DA738C6A1dFaF1F01E554a16
0x48ae08b8ee201da2bc3c52d2ab22eed081bf502f,,,,,,,116084676265992,0x21b8fa0E0eD5b98Ba21f406291BF433cf4682641
0x48e871fbb055d50dc1477e18950d06437263756f,,,,,,,13958385678746,0x8df0f54F762B2d40DA738C6A1dFaF1F01E554a16
0x48e871fbb055d50dc1477e18950d06437263756f,,,,,,,13986529358701,0x21b8fa0E0eD5b98Ba21f406291BF433cf4682641
0x49ae533c9d5796a4bb5d26d8ad7d82f0666ca934,,,,,,,1225464873626921,0x8df0f54F762B2d40DA738C6A1dFaF1F01E554a16
0x49ae533c9d5796a4bb5d26d8ad7d82f0666ca934,,,,,,,1227935724626009,0x21b8fa0E0eD5b98Ba21f406291BF433cf4682641
0x49ccc4a0e122ce38bc0f9fdeb387491d4741fe91,,,,,,,24646101749403,0x8df0f54F762B2d40DA738C6A1dFaF1F01E554a16
0x49ccc4a0e122ce38bc0f9fdeb387491d4741fe91,,,,,,,24695794601840,0x21b8fa0E0eD5b98Ba21f406291BF433cf4682641
0x4a23a25ac6cf545287fe463d7141479d6f155f2c,,,,,,,242738734837247,0x8df0f54F762B2d40DA738C6A1dFaF1F01E554a16
0x4a23a25ac6cf545287fe463d7141479d6f155f2c,,,,,,,243228158286582,0x21b8fa0E0eD5b98Ba21f406291BF433cf4682641
0x4a7670395b62a78a31935fd6f3925e1aaee1b123,,,,,,,68145383788367750000,0x8df0f54F762B2d40DA738C6A1dFaF1F01E554a16
0x4a7670395b62a78a31935fd6f3925e1aaee1b123,,,,,,,68282782332577680000,0x21b8fa0E0eD5b98Ba21f406291BF433cf4682641
0x4a77bd25239a035774ae2fd59283aaab96108b0b,,,,,,,16781227731463,0x8df0f54F762B2d40DA738C6A1dFaF1F01E554a16
0x4a77bd25239a035774ae2fd59283aaab96108b0b,,,,,,,16815062983863,0x21b8fa0E0eD5b98Ba21f406291BF433cf4682641
0x4a8d53f9c3dcacc05b5a1923fa2bc41ea7cc64cd,,,,,,,34072691889294440000,0x8df0f54F762B2d40DA738C6A1dFaF1F01E554a16
0x4a8d53f9c3dcacc05b5a1923fa2bc41ea7cc64cd,,,,,,,34141391161389543000,0x21b8fa0E0eD5b98Ba21f406291BF433cf4682641
0x4a8f3bbfa6023220155aaa42c7be7f9b051d9229,,,,,,,152563469145046,0x8df0f54F762B2d40DA738C6A1dFaF1F01E554a16
0x4a8f3bbfa6023220155aaa42c7be7f9b051d9229,,,,,,,152871076166899,0x21b8fa0E0eD5b98Ba21f406291BF433cf4682641
0x4aaea82303c840b75dcc2617feeee6f53bf2ef46,,,,,,,9407551208878,0x8df0f54F762B2d40DA738C6A1dFaF1F01E554a16
0x4aaea82303c840b75dcc2617feeee6f53bf2ef46,,,,,,,9426519241177,0x21b8fa0E0eD5b98Ba21f406291BF433cf4682641
0x4b578f41a3087ccf764f8d5d1122642cfa533430,,,,,,,1823882976867,0x8df0f54F762B2d40DA738C6A1dFaF1F01E554a16
0x4b578f41a3087ccf764f8d5d1122642cfa533430,,,,,,,1827560392004,0x21b8fa0E0eD5b98Ba21f406291BF433cf4682641
0x4b6937f94113e72636b149d711a8dfd722110be6,,,,,,,20595231793196,0x8df0f54F762B2d40DA738C6A1dFaF1F01E554a16
0x4b6937f94113e72636b149d711a8dfd722110be6,,,,,,,20636757054464,0x21b8fa0E0eD5b98Ba21f406291BF433cf4682641
0x4b86a4b076ed3fc11ad46b5be100205b784a5083,,,,,,,116270409307005,0x8df0f54F762B2d40DA738C6A1dFaF1F01E554a16
0x4b86a4b076ed3fc11ad46b5be100205b784a5083,,,,,,,116504840226392,0x21b8fa0E0eD5b98Ba21f406291BF433cf4682641
0x4b8a85b93ef305987851b607cfdf29099cd667b6,,,,,,,103478068612792,0x8df0f54F762B2d40DA738C6A1dFaF1F01E554a16
0x4b8a85b93ef305987851b607cfdf29099cd667b6,,,,,,,103686706897510,0x21b8fa0E0eD5b98Ba21f406291BF433cf4682641
0x4bee17df44fecf49d7f7f5d27234b1a5357954b3,,,,,,,121812075945024,0x8df0f54F762B2d40DA738C6A1dFaF1F01E554a16
0x4bee17df44fecf49d7f7f5d27234b1a5357954b3,,,,,,,122057680283449,0x21b8fa0E0eD5b98Ba21f406291BF433cf4682641
0x4c0a73b2bc7595c99986c39a39bc92fc720af95e,,,,,,,77218809850391,0x8df0f54F762B2d40DA738C6A1dFaF1F01E554a16
0x4c0a73b2bc7595c99986c39a39bc92fc720af95e,,,,,,,77374502745041,0x21b8fa0E0eD5b98Ba21f406291BF433cf4682641
0x4c248c9e22ef8d56bca46a08e62aec654e1dff53,,,,,,,34072691889294440000,0x8df0f54F762B2d40DA738C6A1dFaF1F01E554a16
0x4c248c9e22ef8d56bca46a08e62aec654e1dff53,,,,,,,34141391161389543000,0x21b8fa0E0eD5b98Ba21f406291BF433cf4682641
0x4c343ab17ab6c4512c86a7b59bcecca76b06f669,,,,,,,104343606468881,0x8df0f54F762B2d40DA738C6A1dFaF1F01E554a16
0x4c343ab17ab6c4512c86a7b59bcecca76b06f669,,,,,,,104553989899561,0x21b8fa0E0eD5b98Ba21f406291BF433cf4682641
0x4c84febc6434febcaa7bcf5b6cc2bc4f724fed82,,,,,,,108024530455725,0x8df0f54F762B2d40DA738C6A1dFaF1F01E554a16
0x4c84febc6434febcaa7bcf5b6cc2bc4f724fed82,,,,,,,108242335571764,0x21b8fa0E0eD5b98Ba21f406291BF433cf4682641
0x4c993674c028fbbb1a6223853df7d012e9f9292e,,,,,,,138859602511272,0x8df0f54F762B2d40DA738C6A1dFaF1F01E554a16
0x4c993674c028fbbb1a6223853df7d012e9f9292e,,,,,,,139139579028741,0x21b8fa0E0eD5b98Ba21f406291BF433cf4682641
0x4c9ad6814893a01e95941d478f215732e314c187,,,,,,,96929163134026,0x8df0f54F762B2d40DA738C6A1dFaF1F01E554a16
0x4c9ad6814893a01e95941d478f215732e314c187,,,,,,,97124597148272,0x21b8fa0E0eD5b98Ba21f406291BF433cf4682641
0x4cee688d05cb25f0903552f2891367b40a759a8e,,,,,,,258676374736320,0x8df0f54F762B2d40DA738C6A1dFaF1F01E554a16
0x4cee688d05cb25f0903552f2891367b40a759a8e,,,,,,,259197932548961,0x21b8fa0E0eD5b98Ba21f406291BF433cf4682641
0x4d23576b2330a96d82f51bff32b71ba41ad117ae,,,,,,,42814908917879,0x8df0f54F762B2d40DA738C6A1dFaF1F01E554a16
0x4d23576b2330a96d82f51bff32b71ba41ad117ae,,,,,,,42901234738188,0x21b8fa0E0eD5b98Ba21f406291BF433cf4682641
0x4d408d799da66f914c678450d6490b47adaba545,,,,,,,22191247373005,0x8df0f54F762B2d40DA738C6A1dFaF1F01E554a16
0x4d408d799da66f914c678450d6490b47adaba545,,,,,,,22235990610386,0x21b8fa0E0eD5b98Ba21f406291BF433cf4682641
0x4d48a074b816335558b58a0de92dbce594a7e4ae,,,,,,,351640512584070,0x8df0f54F762B2d40DA738C6A1dFaF1F01E554a16
0x4d48a074b816335558b58a0de92dbce594a7e4ae,,,,,,,352349509904627,0x21b8fa0E0eD5b98Ba21f406291BF433cf4682641
0x4e0c70d0582d81f05b977aa0d677b6ccc66d0353,,,,,,,455452769379733,0x8df0f54F762B2d40DA738C6A1dFaF1F01E554a16
0x4e0c70d0582d81f05b977aa0d677b6ccc66d0353,,,,,,,456371078793962,0x21b8fa0E0eD5b98Ba21f406291BF433cf4682641
0x4e535455d23135c1114a79700d48b2b9ed7f1995,,,,,,,99637111575379,0x8df0f54F762B2d40DA738C6A1dFaF1F01E554a16
0x4e535455d23135c1114a79700d48b2b9ed7f1995,,,,,,,99838005507128,0x21b8fa0E0eD5b98Ba21f406291BF433cf4682641
0x4e5b250935c847507c3efe64d11d393935bf5416,,,,,,,104336469589922,0x8df0f54F762B2d40DA738C6A1dFaF1F01E554a16
0x4e5b250935c847507c3efe64d11d393935bf5416,,,,,,,104546838630827,0x21b8fa0E0eD5b98Ba21f406291BF433cf4682641
0x4eb9a761885eb383a422067af4f7279dfc204745,,,,,,,34072691889294440000,0x8df0f54F762B2d40DA738C6A1dFaF1F01E554a16
0x4eb9a761885eb383a422067af4f7279dfc204745,,,,,,,34141391161389543000,0x21b8fa0E0eD5b98Ba21f406291BF433cf4682641
0x4ed9d94c16eb0c7f9d8de868cd2160b5d747489a,,,,,,,1999632143174,0x8df0f54F762B2d40DA738C6A1dFaF1F01E554a16
0x4ed9d94c16eb0c7f9d8de868cd2160b5d747489a,,,,,,,2003663913635,0x21b8fa0E0eD5b98Ba21f406291BF433cf4682641
0x4eeb252ea907a972688ec0bba7d68327e9869285,,,,,,,34072691889294440000,0x8df0f54F762B2d40DA738C6A1dFaF1F01E554a16
0x4eeb252ea907a972688ec0bba7d68327e9869285,,,,,,,34141391161389543000,0x21b8fa0E0eD5b98Ba21f406291BF433cf4682641
0x4f1eea37ebe13b68ee8db24f7aa9a7fba12bceb6,,,,,,,164342437308186,0x8df0f54F762B2d40DA738C6A1dFaF1F01E554a16
0x4f1eea37ebe13b68ee8db24f7aa9a7fba12bceb6,,,,,,,164673793746183,0x21b8fa0E0eD5b98Ba21f406291BF433cf4682641
0x4f2bc6a460307581aef099d11f2be8c5626c81b9,,,,,,,92391495978913,0x8df0f54F762B2d40DA738C6A1dFaF1F01E554a16
0x4f2bc6a460307581aef099d11f2be8c5626c81b9,,,,,,,92577780894180,0x21b8fa0E0eD5b98Ba21f406291BF433cf4682641
0x4f8f32bd0f6773c0ba59c326c88d0412c714dbb5,,,,,,,34072691889294440000,0x8df0f54F762B2d40DA738C6A1dFaF1F01E554a16
0x4f8f32bd0f6773c0ba59c326c88d0412c714dbb5,,,,,,,34141391161389543000,0x21b8fa0E0eD5b98Ba21f406291BF433cf4682641
0x4f9be993e7c24151405cb530426a6bbf26c803a0,,,,,,,34072691889294440000,0x8df0f54F762B2d40DA738C6A1dFaF1F01E554a16
0x4f9be993e7c24151405cb530426a6bbf26c803a0,,,,,,,34141391161389543000,0x21b8fa0E0eD5b98Ba21f406291BF433cf4682641
0x4ff195da42ea5dfbe11fd9177a67b0f2a70063fe,,,,,,,133998954001683,0x8df0f54F762B2d40DA738C6A1dFaF1F01E554a16
0x4ff195da42ea5dfbe11fd9177a67b0f2a70063fe,,,,,,,134269130207054,0x21b8fa0E0eD5b98Ba21f406291BF433cf4682641
0x4ff7f22b44ba51936562416c1e8dd130b029b00d,,,,,,,29417500382848,0x8df0f54F762B2d40DA738C6A1dFaF1F01E554a16
0x4ff7f22b44ba51936562416c1e8dd130b029b00d,,,,,,,29476813596777,0x21b8fa0E0eD5b98Ba21f406291BF433cf4682641
0x507e97ac4a3d92aba7ef116e7c85141321fce663,,,,,,,14655179479858,0x8df0f54F762B2d40DA738C6A1dFaF1F01E554a16
0x507e97ac4a3d92aba7ef116e7c85141321fce663,,,,,,,14684728074549,0x21b8fa0E0eD5b98Ba21f406291BF433cf4682641
0x50bff2e06494db3882f41c5a13f1e74ab30efa5d,,,,,,,181358827065643,0x8df0f54F762B2d40DA738C6A1dFaF1F01E554a16
0x50bff2e06494db3882f41c5a13f1e74ab30efa5d,,,,,,,181724492902904,0x21b8fa0E0eD5b98Ba21f406291BF433cf4682641
0x50d2dec635c48f5e8cede341df87c651c6cd5318,,,,,,,670631884040249,0x8df0f54F762B2d40DA738C6A1dFaF1F01E554a16
0x50d2dec635c48f5e8cede341df87c651c6cd5318,,,,,,,671984049652142,0x21b8fa0E0eD5b98Ba21f406291BF433cf4682641
0x50e7f0f389e667ce5699dd419493bc428ed18031,,,,,,,1275060848582,0x8df0f54F762B2d40DA738C6A1dFaF1F01E554a16
0x50e7f0f389e667ce5699dd419493bc428ed18031,,,,,,,1277631697767,0x21b8fa0E0eD5b98Ba21f406291BF433cf4682641
0x50ed91f59dfbc117efe0677fd630b5f8d040b19e,,,,,,,158948766300744,0x8df0f54F762B2d40DA738C6A1dFaF1F01E554a16
0x50ed91f59dfbc117efe0677fd630b5f8d040b19e,,,,,,,159269247716793,0x21b8fa0E0eD5b98Ba21f406291BF433cf4682641
0x5120d54e2d477f451ccc0455299d62bff668f74c,,,,,,,88676840322675,0x8df0f54F762B2d40DA738C6A1dFaF1F01E554a16
0x5120d54e2d477f451ccc0455299d62bff668f74c,,,,,,,88855635540900,0x21b8fa0E0eD5b98Ba21f406291BF433cf4682641
0x52125406e1619c907e24e0fc1fec4a76ead035c0,,,,,,,93883528846917,0x8df0f54F762B2d40DA738C6A1dFaF1F01E554a16
0x52125406e1619c907e24e0fc1fec4a76ead035c0,,,,,,,94072822082522,0x21b8fa0E0eD5b98Ba21f406291BF433cf4682641
0x52372a6dd24699cfd9ef227ad5375fa32133dc4c,44300.638548,1.0,1.0,2026-07-06 00:00:00,2026-07-06 00:00:00,0.3181818181818182,10476721435483927000,0x8df0f54F762B2d40DA738C6A1dFaF1F01E554a16
0x52372a6dd24699cfd9ef227ad5375fa32133dc4c,44300.638548,1.0,1.0,2026-07-06 00:00:00,2026-07-06 00:00:00,0.3181818181818182,10497845188749429000,0x21b8fa0E0eD5b98Ba21f406291BF433cf4682641
0x52513b0b365bc5c14a1e607f24e4f5470f5bfe63,,,,,,,106353137718438,0x8df0f54F762B2d40DA738C6A1dFaF1F01E554a16
0x52513b0b365bc5c14a1e607f24e4f5470f5bfe63,,,,,,,106567572878713,0x21b8fa0E0eD5b98Ba21f406291BF433cf4682641
0x52535eb9615e8b190b04d8ed54506997a55480fd,,,,,,,2607774505759,0x8df0f54F762B2d40DA738C6A1dFaF1F01E554a16
0x52535eb9615e8b190b04d8ed54506997a55480fd,,,,,,,2613032446954,0x21b8fa0E0eD5b98Ba21f406291BF433cf4682641
0x52903903d93da6b7b40bceb3fb2a52090dcbebbb,,,,,,,34072691889294440000,0x8df0f54F762B2d40DA738C6A1dFaF1F01E554a16
0x52903903d93da6b7b40bceb3fb2a52090dcbebbb,,,,,,,34141391161389543000,0x21b8fa0E0eD5b98Ba21f406291BF433cf4682641
0x52e7d2dcd4c0599b91f74572cfa290197683de53,,,,,,,31203574317357,0x8df0f54F762B2d40DA738C6A1dFaF1F01E554a16
0x52e7d2dcd4c0599b91f74572cfa290197683de53,,,,,,,31266488713711,0x21b8fa0E0eD5b98Ba21f406291BF433cf4682641
0x53390590476dc98860316e4b46bb9842af55efc4,,,,,,,34072691889294440000,0x8df0f54F762B2d40DA738C6A1dFaF1F01E554a16
0x53390590476dc98860316e4b46bb9842af55efc4,,,,,,,34141391161389543000,0x21b8fa0E0eD5b98Ba21f406291BF433cf4682641
0x53c19d44c88cdd480145bf791c0abbd5a76b80c0,,,,,,,61643967400,0x8df0f54F762B2d40DA738C6A1dFaF1F01E554a16
0x53c19d44c88cdd480145bf791c0abbd5a76b80c0,,,,,,,61768257424,0x21b8fa0E0eD5b98Ba21f406291BF433cf4682641
0x53e8d6744b81e343d0ac47821d203727ccb20068,,,,,,,442835600335061,0x8df0f54F762B2d40DA738C6A1dFaF1F01E554a16
0x53e8d6744b81e343d0ac47821d203727ccb20068,,,,,,,443728470305525,0x21b8fa0E0eD5b98Ba21f406291BF433cf4682641
0x53f692a1a80a585eb36712cf0139ef977931731d,,,,,,,482369147908097,0x8df0f54F762B2d40DA738C6A1dFaF1F01E554a16
0x53f692a1a80a585eb36712cf0139ef977931731d,,,,,,,483341727634116,0x21b8fa0E0eD5b98Ba21f406291BF433cf4682641
0x545a34946f65731fca501fcddef8971534598402,,,,,,,39365271537780,0x8df0f54F762B2d40DA738C6A1dFaF1F01E554a16
0x545a34946f65731fca501fcddef8971534598402,,,,,,,39444642005757,0x21b8fa0E0eD5b98Ba21f406291BF433cf4682641
0x54989e023bea8f37b0a5e57b8bfb8a8a282455c8,,,,,,,298340536811473980,0x8df0f54F762B2d40DA738C6A1dFaF1F01E554a16
0x54989e023bea8f37b0a5e57b8bfb8a8a282455c8,,,,,,,298942067731954370,0x21b8fa0E0eD5b98Ba21f406291BF433cf4682641
0x551eb1e8cdd615ea1fc1c806a16af92d75cbd927,,,,,,,565317500908728,0x8df0f54F762B2d40DA738C6A1dFaF1F01E554a16
0x551eb1e8cdd615ea1fc1c806a16af92d75cbd927,,,,,,,566457325755595,0x21b8fa0E0eD5b98Ba21f406291BF433cf4682641
0x5583424727c64539833fdf1a4484a6bfcd753c8c,,,,,,,153973715819829,0x8df0f54F762B2d40DA738C6A1dFaF1F01E554a16
0x5583424727c64539833fdf1a4484a6bfcd753c8c,,,,,,,154284166260111,0x21b8fa0E0eD5b98Ba21f406291BF433cf4682641
0x55ad9fb7193b0f23fe32718ce3befe4a90da061c,,,,,,,34072691889294440000,0x8df0f54F762B2d40DA738C6A1dFaF1F01E554a16
0x55ad9fb7193b0f23fe32718ce3befe4a90da061c,,,,,,,34141391161389543000,0x21b8fa0E0eD5b98Ba21f406291BF433cf4682641
0x55bb8f041180addd656177141abbbdedf04203d4,,,,,,,502414428859260,0x8df0f54F762B2d40DA738C6A1dFaF1F01E554a16
0x55bb8f041180addd656177141abbbdedf04203d4,,,,,,,503427425004820,0x21b8fa0E0eD5b98Ba21f406291BF433cf4682641
0x563dd04c7b5a690e39e0a4208c76a14998779121,,,,,,,96757657863923,0x8df0f54F762B2d40DA738C6A1dFaF1F01E554a16
0x563dd04c7b5a690e39e0a4208c76a14998779121,,,,,,,96952746079626,0x21b8fa0E0eD5b98Ba21f406291BF433cf4682641
0x5643e0b85ac8c3db7d8b098755ab6f64cf65b790,,,,,,,205017912509201,0x8df0f54F762B2d40DA738C6A1dFaF1F01E554a16
0x5643e0b85ac8c3db7d8b098755ab6f64cf65b790,,,,,,,205431281121273,0x21b8fa0E0eD5b98Ba21f406291BF433cf4682641
0x5680dd76a439868eac2f31857f119700d079c4ae,,,,,,,474451719020963,0x8df0f54F762B2d40DA738C6A1dFaF1F01E554a16
0x5680dd76a439868eac2f31857f119700d079c4ae,,,,,,,475408335182871,0x21b8fa0E0eD5b98Ba21f406291BF433cf4682641
0x569cf316c06e033aa2a6036380121ba955b7fd29,,,,,,,464190063539440,0x8df0f54F762B2d40DA738C6A1dFaF1F01E554a16
0x569cf316c06e033aa2a6036380121ba955b7fd29,,,,,,,465125989576119,0x21b8fa0E0eD5b98Ba21f406291BF433cf4682641
0x56a64476be449952fb7cd5915c1ae08d188644c4,,,,,,,34072691889294440000,0x8df0f54F762B2d40DA738C6A1dFaF1F01E554a16
0x56a64476be449952fb7cd5915c1ae08d188644c4,,,,,,,34141391161389543000,0x21b8fa0E0eD5b98Ba21f406291BF433cf4682641
0x5746b903703c1a589cd318bd987a962c37008f49,,,,,,,34072691889294440000,0x8df0f54F762B2d40DA738C6A1dFaF1F01E554a16
0x5746b903703c1a589cd318bd987a962c37008f49,,,,,,,34141391161389543000,0x21b8fa0E0eD5b98Ba21f406291BF433cf4682641
0x5771011e035b03a282a2561e3ef1a0a0b5a191e2,,,,,,,213071693897508,0x8df0f54F762B2d40DA738C6A1dFaF1F01E554a16
0x5771011e035b03a282a2561e3ef1a0a0b5a191e2,,,,,,,213501300995250,0x21b8fa0E0eD5b98Ba21f406291BF433cf4682641
0x5816148ffbba3d46660ec167495a092c7d157bae,,,,,,,444096927656133,0x8df0f54F762B2d40DA738C6A1dFaF1F01E554a16
0x5816148ffbba3d46660ec167495a092c7d157bae,,,,,,,444992340785473,0x21b8fa0E0eD5b98Ba21f406291BF433cf4682641
0x581b6c030fdf983297a16baddaf20c874abd5de9,,,,,,,1652165123906,0x8df0f54F762B2d40DA738C6A1dFaF1F01E554a16
0x581b6c030fdf983297a16baddaf20c874abd5de9,,,,,,,1655496311878,0x21b8fa0E0eD5b98Ba21f406291BF433cf4682641
0x581e86115c7f0928b893e67d08cba6737b9d8acb,,,,,,,34072691889294440000,0x8df0f54F762B2d40DA738C6A1dFaF1F01E554a16
0x581e86115c7f0928b893e67d08cba6737b9d8acb,,,,,,,34141391161389543000,0x21b8fa0E0eD5b98Ba21f406291BF433cf4682641
0x58612370ec12cc86c8c1f61f578eddef08cf907f,,,,,,,1957293904919,0x8df0f54F762B2d40DA738C6A1dFaF1F01E554a16
0x58612370ec12cc86c8c1f61f578eddef08cf907f,,,,,,,1961240310650,0x21b8fa0E0eD5b98Ba21f406291BF433cf4682641
0x58d0e256910f4d39e8bed816ce0ab105a54b98e8,,,,,,,99280832153054,0x8df0f54F762B2d40DA738C6A1dFaF1F01E554a16
0x58d0e256910f4d39e8bed816ce0ab105a54b98e8,,,,,,,99481007734252,0x21b8fa0E0eD5b98Ba21f406291BF433cf4682641
0x58e2f7d323dcc894d04d7b5d8d6239b59e279a06,,,,,,,109893812357857,0x8df0f54F762B2d40DA738C6A1dFaF1F01E554a16
0x58e2f7d323dcc894d04d7b5d8d6239b59e279a06,,,,,,,110115386424892,0x21b8fa0E0eD5b98Ba21f406291BF433cf4682641
0x58e56596e056e4691ee9a7b80b4c82ab8166ac9b,,,,,,,33148152899170,0x8df0f54F762B2d40DA738C6A1dFaF1F01E554a16
0x58e56596e056e4691ee9a7b80b4c82ab8166ac9b,,,,,,,33214988063907,0x21b8fa0E0eD5b98Ba21f406291BF433cf4682641
0x5a2a2758ad3d721cdf165917be05f54e587c1b40,,,,,,,34072691889294440000,0x8df0f54F762B2d40DA738C6A1dFaF1F01E554a16
0x5a2a2758ad3d721cdf165917be05f54e587c1b40,,,,,,,34141391161389543000,0x21b8fa0E0eD5b98Ba21f406291BF433cf4682641
0x5aa3b5b86f2b0b8921a7dd35ce7d53787849bc3c,,,,,,,29930815606157,0x8df0f54F762B2d40DA738C6A1dFaF1F01E554a16
0x5aa3b5b86f2b0b8921a7dd35ce7d53787849bc3c,,,,,,,29991163795024,0x21b8fa0E0eD5b98Ba21f406291BF433cf4682641
0x5b32bb63ec92d96efdb29b49a3dc167dc8367b41,,,,,,,53981297304343,0x8df0f54F762B2d40DA738C6A1dFaF1F01E554a16
0x5b32bb63ec92d96efdb29b49a3dc167dc8367b41,,,,,,,54090137423098,0x21b8fa0E0eD5b98Ba21f406291BF433cf4682641
0x5bb05323427b6646325b34d7602c1de12f79efb3,,,,,,,34072691889294440000,0x8df0f54F762B2d40DA738C6A1dFaF1F01E554a16
0x5bb05323427b6646325b34d7602c1de12f79efb3,,,,,,,34141391161389543000,0x21b8fa0E0eD5b98Ba21f406291BF433cf4682641
0x5bb73e04b810527b14b87c37eff3d62481f2d416,,,,,,,293583437034220540,0x8df0f54F762B2d40DA738C6A1dFaF1F01E554a16
0x5bb73e04b810527b14b87c37eff3d62481f2d416,,,,,,,294175376423364220,0x21b8fa0E0eD5b98Ba21f406291BF433cf4682641
0x5c4c4133a2166ee8a43cbd182db4cadca5366eaf,,,,,,,34072691889294440000,0x8df0f54F762B2d40DA738C6A1dFaF1F01E554a16
0x5c4c4133a2166ee8a43cbd182db4cadca5366eaf,,,,,,,34141391161389543000,0x21b8fa0E0eD5b98Ba21f406291BF433cf4682641
0x5c8f1ac2def8f78ae3123c6e38ded525662039d0,,,,,,,1923425406400,0x8df0f54F762B2d40DA738C6A1dFaF1F01E554a16
0x5c8f1ac2def8f78ae3123c6e38ded525662039d0,,,,,,,1927303524565,0x21b8fa0E0eD5b98Ba21f406291BF433cf4682641
0x5cbb805a48ea285c0824cba4c3163d1ab062f0e6,,,,,,,19111874641183260,0x8df0f54F762B2d40DA738C6A1dFaF1F01E554a16
0x5cbb805a48ea285c0824cba4c3163d1ab062f0e6,,,,,,,19150409074579016,0x21b8fa0E0eD5b98Ba21f406291BF433cf4682641
0x5cc0f208a769e1aec46256f1cdcc8a89880df81c,,,,,,,564308215198747,0x8df0f54F762B2d40DA738C6A1dFaF1F01E554a16
0x5cc0f208a769e1aec46256f1cdcc8a89880df81c,,,,,,,565446005067167,0x21b8fa0E0eD5b98Ba21f406291BF433cf4682641
0x5ccaa2ac72a48ff15473c6a442f8a3a989d935e1,,,,,,,67585933128060,0x8df0f54F762B2d40DA738C6A1dFaF1F01E554a16
0x5ccaa2ac72a48ff15473c6a442f8a3a989d935e1,,,,,,,67722203676476,0x21b8fa0E0eD5b98Ba21f406291BF433cf4682641
0x5ccdb848b0f771c0ff531b5386471f53fcda73ea,,,,,,,217142642810828,0x8df0f54F762B2d40DA738C6A1dFaF1F01E554a16
0x5ccdb848b0f771c0ff531b5386471f53fcda73ea,,,,,,,217580457984058,0x21b8fa0E0eD5b98Ba21f406291BF433cf4682641
0x5cdf7402cb6a36067f146fc144df95d0aed62e6c,,,,,,,34072691889294440000,0x8df0f54F762B2d40DA738C6A1dFaF1F01E554a16
0x5cdf7402cb6a36067f146fc144df95d0aed62e6c,,,,,,,34141391161389543000,0x21b8fa0E0eD5b98Ba21f406291BF433cf4682641
0x5d2dd2a50526e623f5ef1597d76c29c81b385fb5,,,,,,,199917727828233,0x8df0f54F762B2d40DA738C6A1dFaF1F01E554a16
0x5d2dd2a50526e623f5ef1597d76c29c81b385fb5,,,,,,,200320813161947,0x21b8fa0E0eD5b98Ba21f406291BF433cf4682641
0x5dc65dc03e49c854441f4cae1e03673433080f44,,,,,,,239523343352253,0x8df0f54F762B2d40DA738C6A1dFaF1F01E554a16
0x5dc65dc03e49c854441f4cae1e03673433080f44,,,,,,,240006283748966,0x21b8fa0E0eD5b98Ba21f406291BF433cf4682641
0x5dee3232f7d6ba2845d2e007aca6fad8e390b314,,,,,,,34072691889294440000,0x8df0f54F762B2d40DA738C6A1dFaF1F01E554a16
0x5dee3232f7d6ba2845d2e007aca6fad8e390b314,,,,,,,34141391161389543000,0x21b8fa0E0eD5b98Ba21f406291BF433cf4682641
0x5deea49b127ed42dc23dbc968a4cb46ff6e66299,,,,,,,34072691889294440000,0x8df0f54F762B2d40DA738C6A1dFaF1F01E554a16
0x5deea49b127ed42dc23dbc968a4cb46ff6e66299,,,,,,,34141391161389543000,0x21b8fa0E0eD5b98Ba21f406291BF433cf4682641
0x5e279d6858ca0ff084db713ca3f42e2a372e92d1,,,,,,,11528840303924,0x8df0f54F762B2d40DA738C6A1dFaF1F01E554a16
0x5e279d6858ca0ff084db713ca3f42e2a372e92d1,,,,,,,11552085398252,0x21b8fa0E0eD5b98Ba21f406291BF433cf4682641
0x5e2b284a659ab1fde36dbd7b78dc8dce9ecdef2c,,,,,,,21372855164666,0x8df0f54F762B2d40DA738C6A1dFaF1F01E554a16
0x5e2b284a659ab1fde36dbd7b78dc8dce9ecdef2c,,,,,,,21415948313783,0x21b8fa0E0eD5b98Ba21f406291BF433cf4682641
0x5e2cb905eb3bacfcaa45d06c739f7c31ebb9aa7d,,,,,,,120876487987940,0x8df0f54F762B2d40DA738C6A1dFaF1F01E554a16
0x5e2cb905eb3bacfcaa45d06c739f7c31ebb9aa7d,,,,,,,121120205941460,0x21b8fa0E0eD5b98Ba21f406291BF433cf4682641
0x5e2e0a3923422044d0f692c558f0dff49cd2c70b,,,,,,,154253826129172,0x8df0f54F762B2d40DA738C6A1dFaF1F01E554a16
0x5e2e0a3923422044d0f692c558f0dff49cd2c70b,,,,,,,154564841343567,0x21b8fa0E0eD5b98Ba21f406291BF433cf4682641
0x5eb935297f624ad2ce394b4554fedbbb9fb8de53,,,,,,,25751681251667,0x8df0f54F762B2d40DA738C6A1dFaF1F01E554a16
0x5eb935297f624ad2ce394b4554fedbbb9fb8de53,,,,,,,25803603235493,0x21b8fa0E0eD5b98Ba21f406291BF433cf4682641
0x5f303640a003d665ccfb76d28176a494469a8ce8,,,,,,,34072691889294440000,0x8df0f54F762B2d40DA738C6A1dFaF1F01E554a16
0x5f303640a003d665ccfb76d28176a494469a8ce8,,,,,,,34141391161389543000,0x21b8fa0E0eD5b98Ba21f406291BF433cf4682641
0x5f8d15178d1801c7be9e5c23210ef4d4058737b1,,,,,,,140386723698482,0x8df0f54F762B2d40DA738C6A1dFaF1F01E554a16
0x5f8d15178d1801c7be9e5c23210ef4d4058737b1,,,,,,,140669779283325,0x21b8fa0E0eD5b98Ba21f406291BF433cf4682641
0x5fa8ae8628e5f96dfd56067dc812b596be092499,,,,,,,108144044201208,0x8df0f54F762B2d40DA738C6A1dFaF1F01E554a16
0x5fa8ae8628e5f96dfd56067dc812b596be092499,,,,,,,108362090287563,0x21b8fa0E0eD5b98Ba21f406291BF433cf4682641
0x5fae5a45713afbfd497506afda9daf1d23c52424,,,,,,,93334116716842,0x8df0f54F762B2d40DA738C6A1dFaF1F01E554a16
0x5fae5a45713afbfd497506afda9daf1d23c52424,,,,,,,93522302196901,0x21b8fa0E0eD5b98Ba21f406291BF433cf4682641
0x5fcce3ae2c2b5e565dda81cbb0a2ae4f9fabcf05,,,,,,,6781238128146,0x8df0f54F762B2d40DA738C6A1dFaF1F01E554a16
0x5fcce3ae2c2b5e565dda81cbb0a2ae4f9fabcf05,,,,,,,6794910840735,0x21b8fa0E0eD5b98Ba21f406291BF433cf4682641
0x5fdcb78ca9a1164c13428e5fc9582c8c48dab69f,71795196.62219995,1.0,1.0,2026-07-06 00:00:00,2026-07-06 00:00:00,0.9090909090909091,16978948838437077000000,0x8df0f54F762B2d40DA738C6A1dFaF1F01E554a16
0x5fdcb78ca9a1164c13428e5fc9582c8c48dab69f,71795196.62219995,1.0,1.0,2026-07-06 00:00:00,2026-07-06 00:00:00,0.9090909090909091,17013182747220410000000,0x21b8fa0E0eD5b98Ba21f406291BF433cf4682641
0x5fea759143a4631af2d5591a0e35f9d57b31b751,,,,,,,8584099191080,0x8df0f54F762B2d40DA738C6A1dFaF1F01E554a16
0x5fea759143a4631af2d5591a0e35f9d57b31b751,,,,,,,8601406933243,0x21b8fa0E0eD5b98Ba21f406291BF433cf4682641
0x60aa666bcef5e9a3393c6b203690abc2ea76f06b,,,,,,,34072691889294440000,0x8df0f54F762B2d40DA738C6A1dFaF1F01E554a16
0x60aa666bcef5e9a3393c6b203690abc2ea76f06b,,,,,,,34141391161389543000,0x21b8fa0E0eD5b98Ba21f406291BF433cf4682641
0x610ba5235115c7f995838b5e214af847bfd80077,,,,,,,17774025447471,0x8df0f54F762B2d40DA738C6A1dFaF1F01E554a16
0x610ba5235115c7f995838b5e214af847bfd80077,,,,,,,17809862434299,0x21b8fa0E0eD5b98Ba21f406291BF433cf4682641
0x61240080107e22ff8e24ed11b5c5f0bb7844c4af,,,,,,,1836887293377656,0x8df0f54F762B2d40DA738C6A1dFaF1F01E554a16
0x61240080107e22ff8e24ed11b5c5f0bb7844c4af,,,,,,,1840590928546424,0x21b8fa0E0eD5b98Ba21f406291BF433cf4682641
0x6175ced4e67e44cd73d87d2379d428e9468f579b,,,,,,,34072691889294440000,0x8df0f54F762B2d40DA738C6A1dFaF1F01E554a16
0x6175ced4e67e44cd73d87d2379d428e9468f579b,,,,,,,34141391161389543000,0x21b8fa0E0eD5b98Ba21f406291BF433cf4682641
0x6189cb62daa1c6d1cf54b7475455782fe83a11ff,,,,,,,676157739237677,0x8df0f54F762B2d40DA738C6A1dFaF1F01E554a16
0x6189cb62daa1c6d1cf54b7475455782fe83a11ff,,,,,,,677521046388694,0x21b8fa0E0eD5b98Ba21f406291BF433cf4682641
0x61d1085b322c450a40b218423f722de8d612b568,,,,,,,219736968751337,0x8df0f54F762B2d40DA738C6A1dFaF1F01E554a16
0x61d1085b322c450a40b218423f722de8d612b568,,,,,,,220180014750011,0x21b8fa0E0eD5b98Ba21f406291BF433cf4682641
0x61eb49de5bc2f39a86bd613f22537e156e78a9d0,,,,,,,105437066217474,0x8df0f54F762B2d40DA738C6A1dFaF1F01E554a16
0x61eb49de5bc2f39a86bd613f22537e156e78a9d0,,,,,,,105649654343018,0x21b8fa0E0eD5b98Ba21f406291BF433cf4682641
0x6263eecb3db6f28f96377786c017623bd53bb2a2,,,,,,,29223605433446216,0x8df0f54F762B2d40DA738C6A1dFaF1F01E554a16
0x6263eecb3db6f28f96377786c017623bd53bb2a2,,,,,,,29282527705504888,0x21b8fa0E0eD5b98Ba21f406291BF433cf4682641
0x626dd8ceb6be6121982d2eef2f772455d841047c,,,,,,,34072691889294440000,0x8df0f54F762B2d40DA738C6A1dFaF1F01E554a16
0x626dd8ceb6be6121982d2eef2f772455d841047c,,,,,,,34141391161389543000,0x21b8fa0E0eD5b98Ba21f406291BF433cf4682641
0x6293a0db64cd1ce72401b81e08861f30429668ac,,,,,,,281679377008422,0x8df0f54F762B2d40DA738C6A1dFaF1F01E554a16
0x6293a0db64cd1ce72401b81e08861f30429668ac,,,,,,,282247314764193,0x21b8fa0E0eD5b98Ba21f406291BF433cf4682641
0x63089e33789a2359a99f76ac5b2519d75b0cff48,,,,,,,587493954033247,0x8df0f54F762B2d40DA738C6A1dFaF1F01E554a16
0x63089e33789a2359a99f76ac5b2519d75b0cff48,,,,,,,588678492288501,0x21b8fa0E0eD5b98Ba21f406291BF433cf4682641
0x640efae243358a4ce6497f28ef8b1036e2ee5126,,,,,,,8433083702899,0x8df0f54F762B2d40DA738C6A1dFaF1F01E554a16
0x640efae243358a4ce6497f28ef8b1036e2ee5126,,,,,,,8450086959166,0x21b8fa0E0eD5b98Ba21f406291BF433cf4682641
0x6454ac71ca260f99cca99a3f4241dfda20cfa965,6074832.528720001,1.0,1.0,2026-07-06 00:00:00,2026-07-06 00:00:00,0.6363636363636364,1436645842060647900000,0x8df0f54F762B2d40DA738C6A1dFaF1F01E554a16
0x6454ac71ca260f99cca99a3f4241dfda20cfa965,6074832.528720001,1.0,1.0,2026-07-06 00:00:00,2026-07-06 00:00:00,0.6363636363636364,1439542487970771400000,0x21b8fa0E0eD5b98Ba21f406291BF433cf4682641
0x64867f5bb09aea861c6eba9886a45983e76f0e99,,,,,,,34072691889294440000,0x8df0f54F762B2d40DA738C6A1dFaF1F01E554a16
0x64867f5bb09aea861c6eba9886a45983e76f0e99,,,,,,,34141391161389543000,0x21b8fa0E0eD5b98Ba21f406291BF433cf4682641
0x64a041c3b1f1bda2396add0c75a4d07124161cbb,,,,,,,34072691889294440000,0x8df0f54F762B2d40DA738C6A1dFaF1F01E554a16
0x64a041c3b1f1bda2396add0c75a4d07124161cbb,,,,,,,34141391161389543000,0x21b8fa0E0eD5b98Ba21f406291BF433cf4682641
0x64dbb04a68a9cc8ae6544f674051101a135ee706,,,,,,,111171989738627,0x8df0f54F762B2d40DA738C6A1dFaF1F01E554a16
0x64dbb04a68a9cc8ae6544f674051101a135ee706,,,,,,,111396140938574,0x21b8fa0E0eD5b98Ba21f406291BF433cf4682641
0x64dbe3c702e703d98629f156d034d9e24b684f97,,,,,,,151690183824789,0x8df0f54F762B2d40DA738C6A1dFaF1F01E554a16
0x64dbe3c702e703d98629f156d034d9e24b684f97,,,,,,,151996030079808,0x21b8fa0E0eD5b98Ba21f406291BF433cf4682641
0x65f17d076b7bacbf59618c60febcb8a7cfc2acc9,,,,,,,34072691889294440000,0x8df0f54F762B2d40DA738C6A1dFaF1F01E554a16
0x65f17d076b7bacbf59618c60febcb8a7cfc2acc9,,,,,,,34141391161389543000,0x21b8fa0E0eD5b98Ba21f406291BF433cf4682641
0x665157387c1bb1244ac57e02ddf2def48adc219d,,,,,,,34072691889294440000,0x8df0f54F762B2d40DA738C6A1dFaF1F01E554a16
0x665157387c1bb1244ac57e02ddf2def48adc219d,,,,,,,34141391161389543000,0x21b8fa0E0eD5b98Ba21f406291BF433cf4682641
0x66648d2115b96a3fc714a85ef5906ee2d9f00f5e,,,,,,,97589562074937,0x8df0f54F762B2d40DA738C6A1dFaF1F01E554a16
0x66648d2115b96a3fc714a85ef5906ee2d9f00f5e,,,,,,,97786327622561,0x21b8fa0E0eD5b98Ba21f406291BF433cf4682641
0x6694d1a64a7bf6c2528815e073be7e117c8f2deb,,,,,,,104553064527846,0x8df0f54F762B2d40DA738C6A1dFaF1F01E554a16
0x6694d1a64a7bf6c2528815e073be7e117c8f2deb,,,,,,,104763870279611,0x21b8fa0E0eD5b98Ba21f406291BF433cf4682641
0x66efee9389ba5d7251d70fa002e7c09fbc17ca63,,,,,,,211830998755130,0x8df0f54F762B2d40DA738C6A1dFaF1F01E554a16
0x66efee9389ba5d7251d70fa002e7c09fbc17ca63,,,,,,,212258104293751,0x21b8fa0E0eD5b98Ba21f406291BF433cf4682641
0x676f6256f6b8f46f76477d89711cf26fb51a69d9,,,,,,,102263786553120,0x8df0f54F762B2d40DA738C6A1dFaF1F01E554a16
0x676f6256f6b8f46f76477d89711cf26fb51a69d9,,,,,,,102469976534256,0x21b8fa0E0eD5b98Ba21f406291BF433cf4682641
0x67d37b7817f00e5a471ec338db15093e86992a3c,,,,,,,24909582511583,0x8df0f54F762B2d40DA738C6A1dFaF1F01E554a16
0x67d37b7817f00e5a471ec338db15093e86992a3c,,,,,,,24959806608708,0x21b8fa0E0eD5b98Ba21f406291BF433cf4682641
0x681de196044eeeaf3f8b9f4d174290b75a2d0794,,,,,,,335115975110914,0x8df0f54F762B2d40DA738C6A1dFaF1F01E554a16
0x681de196044eeeaf3f8b9f4d174290b75a2d0794,,,,,,,335791654732365,0x21b8fa0E0eD5b98Ba21f406291BF433cf4682641
0x6828057f16244c5cf5523e4d1d0bdaacc471646d,,,,,,,19034646689764,0x8df0f54F762B2d40DA738C6A1dFaF1F01E554a16
0x6828057f16244c5cf5523e4d1d0bdaacc471646d,,,,,,,19073025411833,0x21b8fa0E0eD5b98Ba21f406291BF433cf4682641
0x6897abe0fd62b589260784b21f4ca3f78a0d8017,,,,,,,34072691889294440000,0x8df0f54F762B2d40DA738C6A1dFaF1F01E554a16
0x6897abe0fd62b589260784b21f4ca3f78a0d8017,,,,,,,34141391161389543000,0x21b8fa0E0eD5b98Ba21f406291BF433cf4682641
0x68ca2b6227fba0b643a937a2be456c43c4317cdd,,,,,,,20606975308949,0x8df0f54F762B2d40DA738C6A1dFaF1F01E554a16
0x68ca2b6227fba0b643a937a2be456c43c4317cdd,,,,,,,20648524248153,0x21b8fa0E0eD5b98Ba21f406291BF433cf4682641
0x68ceeb884c7b378ae0d9928938d99b9b9e1e7803,,,,,,,234531712083260,0x8df0f54F762B2d40DA738C6A1dFaF1F01E554a16
0x68ceeb884c7b378ae0d9928938d99b9b9e1e7803,,,,,,,235004588073091,0x21b8fa0E0eD5b98Ba21f406291BF433cf4682641
0x68f06309fab6678389dd9005253e25f6c397bb51,,,,,,,34072691889294440000,0x8df0f54F762B2d40DA738C6A1dFaF1F01E554a16
0x68f06309fab6678389dd9005253e25f6c397bb51,,,,,,,34141391161389543000,0x21b8fa0E0eD5b98Ba21f406291BF433cf4682641
0x692bb68631a2988c00fe79fe3a13ce27d1bc6b28,,,,,,,245678182636920,0x8df0f54F762B2d40DA738C6A1dFaF1F01E554a16
0x692bb68631a2988c00fe79fe3a13ce27d1bc6b28,,,,,,,246173532765746,0x21b8fa0E0eD5b98Ba21f406291BF433cf4682641
0x69302fbe8cdde288225c59075db929e6ab80f3f3,,,,,,,98865156236547,0x8df0f54F762B2d40DA738C6A1dFaF1F01E554a16
0x69302fbe8cdde288225c59075db929e6ab80f3f3,,,,,,,99064493708651,0x21b8fa0E0eD5b98Ba21f406291BF433cf4682641
0x6931b54b4897106b890cc66e6234c0d136af4a6c,,,,,,,1961435052741,0x8df0f54F762B2d40DA738C6A1dFaF1F01E554a16
0x6931b54b4897106b890cc66e6234c0d136af4a6c,,,,,,,1965389808086,0x21b8fa0E0eD5b98Ba21f406291BF433cf4682641
0x6942192872784d2c95fa3c58945f11a36cacb29e,,,,,,,8557372295583,0x8df0f54F762B2d40DA738C6A1dFaF1F01E554a16
0x6942192872784d2c95fa3c58945f11a36cacb29e,,,,,,,8574626149480,0x21b8fa0E0eD5b98Ba21f406291BF433cf4682641
0x698c9f8017d2940370e63539b044305e6e03e013,,,,,,,34072691889294440000,0x8df0f54F762B2d40DA738C6A1dFaF1F01E554a16
0x698c9f8017d2940370e63539b044305e6e03e013,,,,,,,34141391161389543000,0x21b8fa0E0eD5b98Ba21f406291BF433cf4682641
0x69ec594c0ed2130a787cd1419cc4dbbef8426f30,,,,,,,113542623679361,0x8df0f54F762B2d40DA738C6A1dFaF1F01E554a16
0x69ec594c0ed2130a787cd1419cc4dbbef8426f30,,,,,,,113771554684398,0x21b8fa0E0eD5b98Ba21f406291BF433cf4682641
0x69f598a514416f237e4d16192b66423a4570d096,,,,,,,38261572212797,0x8df0f54F762B2d40DA738C6A1dFaF1F01E554a16
0x69f598a514416f237e4d16192b66423a4570d096,,,,,,,38338717340302,0x21b8fa0E0eD5b98Ba21f406291BF433cf4682641
0x6a1d9515af982ac761207d92eaec13b11069c64d,,,,,,,173211940290496,0x8df0f54F762B2d40DA738C6A1dFaF1F01E554a16
0x6a1d9515af982ac761207d92eaec13b11069c64d,,,,,,,173561179917784,0x21b8fa0E0eD5b98Ba21f406291BF433cf4682641
0x6a6c79d8da4d3b1c8963073529cd026b36817eb6,,,,,,,34072691889294440000,0x8df0f54F762B2d40DA738C6A1dFaF1F01E554a16
0x6a6c79d8da4d3b1c8963073529cd026b36817eb6,,,,,,,34141391161389543000,0x21b8fa0E0eD5b98Ba21f406291BF433cf4682641
0x6a7371210086ee6b5ad6a9291aa8655b6d1d1141,,,,,,,34072691889294440000,0x8df0f54F762B2d40DA738C6A1dFaF1F01E554a16
0x6a7371210086ee6b5ad6a9291aa8655b6d1d1141,,,,,,,34141391161389543000,0x21b8fa0E0eD5b98Ba21f406291BF433cf4682641
0x6aa0757bc4ffdc9f0deb5e9fa08173c07ef2afcc,,,,,,,34072691889294440000,0x8df0f54F762B2d40DA738C6A1dFaF1F01E554a16
0x6aa0757bc4ffdc9f0deb5e9fa08173c07ef2afcc,,,,,,,34141391161389543000,0x21b8fa0E0eD5b98Ba21f406291BF433cf4682641
0x6b6f2578fc60bc05a9f35a3eb00b252c6e6b3f7d,,,,,,,95477255111803,0x8df0f54F762B2d40DA738C6A1dFaF1F01E554a16
0x6b6f2578fc60bc05a9f35a3eb00b252c6e6b3f7d,,,,,,,95669761707675,0x21b8fa0E0eD5b98Ba21f406291BF433cf4682641
0x6b7b9597b9e56408ed7a954c71c10e5b65c9a15a,,,,,,,2017588646035,0x8df0f54F762B2d40DA738C6A1dFaF1F01E554a16
0x6b7b9597b9e56408ed7a954c71c10e5b65c9a15a,,,,,,,2021656621404,0x21b8fa0E0eD5b98Ba21f406291BF433cf4682641
0x6c1816b4c5d577ffc7dd0dc68b449f89b1c5df92,,,,,,,57989005854227,0x8df0f54F762B2d40DA738C6A1dFaF1F01E554a16
0x6c1816b4c5d577ffc7dd0dc68b449f89b1c5df92,,,,,,,58105926539703,0x21b8fa0E0eD5b98Ba21f406291BF433cf4682641
0x6c7c332a090c8d2085857cf3220ea01c6d45a723,,,,,,,68145383788367750000,0x8df0f54F762B2d40DA738C6A1dFaF1F01E554a16
0x6c7c332a090c8d2085857cf3220ea01c6d45a723,,,,,,,68282782332577680000,0x21b8fa0E0eD5b98Ba21f406291BF433cf4682641
0x6c7df43141820633a912693fd5e75b6c11639bb4,,,,,,,333371081344233,0x8df0f54F762B2d40DA738C6A1dFaF1F01E554a16
0x6c7df43141820633a912693fd5e75b6c11639bb4,,,,,,,334043242813022,0x21b8fa0E0eD5b98Ba21f406291BF433cf4682641
0x6ca5213886ea44a3643b9f44357cbcb6590113f7,,,,,,,23676441821635,0x8df0f54F762B2d40DA738C6A1dFaF1F01E554a16
0x6ca5213886ea44a3643b9f44357cbcb6590113f7,,,,,,,23724179591349,0x21b8fa0E0eD5b98Ba21f406291BF433cf4682641
0x6cebfc2dcb0a82a3e210a23944f6ac92ec31d9cf,,,,,,,11390701431875,0x8df0f54F762B2d40DA738C6A1dFaF1F01E554a16
0x6cebfc2dcb0a82a3e210a23944f6ac92ec31d9cf,,,,,,,11413668002862,0x21b8fa0E0eD5b98Ba21f406291BF433cf4682641
0x6d6c0b6ad29eb897b7a9f87e074b3dd31688f409,,,,,,,102614259089084,0x8df0f54F762B2d40DA738C6A1dFaF1F01E554a16
0x6d6c0b6ad29eb897b7a9f87e074b3dd31688f409,,,,,,,102821155712600,0x21b8fa0E0eD5b98Ba21f406291BF433cf4682641
0x6d7ec5ed2fd11bef70aba154324d931c01072976,,,,,,,122736906535,0x8df0f54F762B2d40DA738C6A1dFaF1F01E554a16
0x6d7ec5ed2fd11bef70aba154324d931c01072976,,,,,,,122984375568,0x21b8fa0E0eD5b98Ba21f406291BF433cf4682641
0x6e51f41f0f882b2aff369d84e7a02c1bf0d3ff51,,,,,,,35218557587624,0x8df0f54F762B2d40DA738C6A1dFaF1F01E554a16
0x6e51f41f0f882b2aff369d84e7a02c1bf0d3ff51,,,,,,,35289567218398,0x21b8fa0E0eD5b98Ba21f406291BF433cf4682641
0x6e9a41a43351284a13f8449025e736334ed45b39,,,,,,,34072691889294440000,0x8df0f54F762B2d40DA738C6A1dFaF1F01E554a16
0x6e9a41a43351284a13f8449025e736334ed45b39,,,,,,,34141391161389543000,0x21b8fa0E0eD5b98Ba21f406291BF433cf4682641
0x6eded4c7dc5ca3db455c73af74eaa86ed85184f2,,,,,,,111587757943090,0x8df0f54F762B2d40DA738C6A1dFaF1F01E554a16
0x6eded4c7dc5ca3db455c73af74eaa86ed85184f2,,,,,,,111812747438206,0x21b8fa0E0eD5b98Ba21f406291BF433cf4682641
0x6ef4397a6552905ee0d5f62d9b48a2a167aa7f43,,,,,,,34072691889294440000,0x8df0f54F762B2d40DA738C6A1dFaF1F01E554a16
0x6ef4397a6552905ee0d5f62d9b48a2a167aa7f43,,,,,,,34141391161389543000,0x21b8fa0E0eD5b98Ba21f406291BF433cf4682641
0x6f1fc2a9b903fc9f0edef09253b24aef5f50dd62,,,,,,,34072691889294440000,0x8df0f54F762B2d40DA738C6A1dFaF1F01E554a16
0x6f1fc2a9b903fc9f0edef09253b24aef5f50dd62,,,,,,,34141391161389543000,0x21b8fa0E0eD5b98Ba21f406291BF433cf4682641
0x6f20fd9515b6bf8ea47656e1cd33ecbea294b0ca,,,,,,,246050111700661,0x8df0f54F762B2d40DA738C6A1dFaF1F01E554a16
0x6f20fd9515b6bf8ea47656e1cd33ecbea294b0ca,,,,,,,246546211733722,0x21b8fa0E0eD5b98Ba21f406291BF433cf4682641
0x6f39298afb9475705bc71af21339b669f49766f4,,,,,,,128863520552067,0x8df0f54F762B2d40DA738C6A1dFaF1F01E554a16
0x6f39298afb9475705bc71af21339b669f49766f4,,,,,,,129123342408535,0x21b8fa0E0eD5b98Ba21f406291BF433cf4682641
0x6f40aed4eef03a64f6bc82259512a104b964fd91,,,,,,,1683639534521,0x8df0f54F762B2d40DA738C6A1dFaF1F01E554a16
0x6f40aed4eef03a64f6bc82259512a104b964fd91,,,,,,,1687034182965,0x21b8fa0E0eD5b98Ba21f406291BF433cf4682641
0x6f802a1e8859052eb46ec1d6dee799b303c638e7,,,,,,,34072691889294440000,0x8df0f54F762B2d40DA738C6A1dFaF1F01E554a16
0x6f802a1e8859052eb46ec1d6dee799b303c638e7,,,,,,,34141391161389543000,0x21b8fa0E0eD5b98Ba21f406291BF433cf4682641
0x6f82a5f08f4ac1eaadadb270e1d53680bd1c520d,,,,,,,206051296004616,0x8df0f54F762B2d40DA738C6A1dFaF1F01E554a16
0x6f82a5f08f4ac1eaadadb270e1d53680bd1c520d,,,,,,,206466748182441,0x21b8fa0E0eD5b98Ba21f406291BF433cf4682641
0x712d2458d548892729470f473f28d3af7a593a22,,,,,,,3237163344011,0x8df0f54F762B2d40DA738C6A1dFaF1F01E554a16
0x712d2458d548892729470f473f28d3af7a593a22,,,,,,,3243690294277,0x21b8fa0E0eD5b98Ba21f406291BF433cf4682641
0x715249e5cc7659ad78e5d65d4917902bc0f40b5e,,,,,,,167993956699101,0x8df0f54F762B2d40DA738C6A1dFaF1F01E554a16
0x715249e5cc7659ad78e5d65d4917902bc0f40b5e,,,,,,,168332675535262,0x21b8fa0E0eD5b98Ba21f406291BF433cf4682641
0x71566461be178f0bca14a74d1a9b3ac0a960c44f,,,,,,,115657814345839,0x8df0f54F762B2d40DA738C6A1dFaF1F01E554a16
0x71566461be178f0bca14a74d1a9b3ac0a960c44f,,,,,,,115891010116912,0x21b8fa0E0eD5b98Ba21f406291BF433cf4682641
0x7163913551b42535d98495b18eacf2ae77a602cf,,,,,,,96296864103930,0x8df0f54F762B2d40DA738C6A1dFaF1F01E554a16
0x7163913551b42535d98495b18eacf2ae77a602cf,,,,,,,96491023241414,0x21b8fa0E0eD5b98Ba21f406291BF433cf4682641
0x719f1ac4ace7880f43742250a8411539fbb2091e,,,,,,,9459123810293,0x8df0f54F762B2d40DA738C6A1dFaF1F01E554a16
0x719f1ac4ace7880f43742250a8411539fbb2091e,,,,,,,9478195826163,0x21b8fa0E0eD5b98Ba21f406291BF433cf4682641
0x721e72ebb94982e09ef89fa5a0c96f0810e32298,,,,,,,221173311996571,0x8df0f54F762B2d40DA738C6A1dFaF1F01E554a16
0x721e72ebb94982e09ef89fa5a0c96f0810e32298,,,,,,,221619254031042,0x21b8fa0E0eD5b98Ba21f406291BF433cf4682641
0x722978be3af20666949d1ea052cfff24f06d9628,,,,,,,106904000304729,0x8df0f54F762B2d40DA738C6A1dFaF1F01E554a16
0x722978be3af20666949d1ea052cfff24f06d9628,,,,,,,107119546145042,0x21b8fa0E0eD5b98Ba21f406291BF433cf4682641
0x7241d0cbf9d4010e695842876d457e8c4c89716f,,,,,,,43810066978480,0x8df0f54F762B2d40DA738C6A1dFaF1F01E554a16
0x7241d0cbf9d4010e695842876d457e8c4c89716f,,,,,,,43898399292277,0x21b8fa0E0eD5b98Ba21f406291BF433cf4682641
0x7251e7549431b78cefef000d584c3356982ab0c9,,,,,,,34072691889294440000,0x8df0f54F762B2d40DA738C6A1dFaF1F01E554a16
0x7251e7549431b78cefef000d584c3356982ab0c9,,,,,,,34141391161389543000,0x21b8fa0E0eD5b98Ba21f406291BF433cf4682641
0x727d8097915d43a07cd18e7658f261246cda8189,,,,,,,95927259785589,0x8df0f54F762B2d40DA738C6A1dFaF1F01E554a16
0x727d8097915d43a07cd18e7658f261246cda8189,,,,,,,96120673706120,0x21b8fa0E0eD5b98Ba21f406291BF433cf4682641
0x729250be25dc878dd400bf5bef702de77c83493e,,,,,,,34072691889294440000,0x8df0f54F762B2d40DA738C6A1dFaF1F01E554a16
0x729250be25dc878dd400bf5bef702de77c83493e,,,,,,,34141391161389543000,0x21b8fa0E0eD5b98Ba21f406291BF433cf4682641
0x72936c991cb0a738728e9d2a8d5875fb5096a0c2,,,,,,,34072691889294440000,0x8df0f54F762B2d40DA738C6A1dFaF1F01E554a16
0x72936c991cb0a738728e9d2a8d5875fb5096a0c2,,,,,,,34141391161389543000,0x21b8fa0E0eD5b98Ba21f406291BF433cf4682641
0x72e1a17486bbc259f91136e0c605da8a22b93360,,,,,,,2628008175952,0x8df0f54F762B2d40DA738C6A1dFaF1F01E554a16
0x72e1a17486bbc259f91136e0c605da8a22b93360,,,,,,,2633306913408,0x21b8fa0E0eD5b98Ba21f406291BF433cf4682641
0x72ebc90f0e3457a1ff6b000dc9b1aa152ee82974,,,,,,,34072691889294440000,0x8df0f54F762B2d40DA738C6A1dFaF1F01E554a16
0x72ebc90f0e3457a1ff6b000dc9b1aa152ee82974,,,,,,,34141391161389543000,0x21b8fa0E0eD5b98Ba21f406291BF433cf4682641
0x72f8089e37ef4bd3ccf77062be9892ae4e8b57a9,,,,,,,117129197994777,0x8df0f54F762B2d40DA738C6A1dFaF1F01E554a16
0x72f8089e37ef4bd3ccf77062be9892ae4e8b57a9,,,,,,,117365360452075,0x21b8fa0E0eD5b98Ba21f406291BF433cf4682641
0x72fa66c195126c3257b287b37dd3bd724baf9e59,,,,,,,34072691889294440000,0x8df0f54F762B2d40DA738C6A1dFaF1F01E554a16
0x72fa66c195126c3257b287b37dd3bd724baf9e59,,,,,,,34141391161389543000,0x21b8fa0E0eD5b98Ba21f406291BF433cf4682641
0x73119bcb1fe962d9504aa15e37b5135d54484562,,,,,,,6533959891530,0x8df0f54F762B2d40DA738C6A1dFaF1F01E554a16
0x73119bcb1fe962d9504aa15e37b5135d54484562,,,,,,,6547134027871,0x21b8fa0E0eD5b98Ba21f406291BF433cf4682641
0x736226a43f27d2c57d23ff9372eb5aa15cccb9a6,,,,,,,180623324625506,0x8df0f54F762B2d40DA738C6A1dFaF1F01E554a16
0x736226a43f27d2c57d23ff9372eb5aa15cccb9a6,,,,,,,180987507501502,0x21b8fa0E0eD5b98Ba21f406291BF433cf4682641
0x73f3adae7fdc38f2cc84075ffad561c2a6e81567,,,,,,,87864266642140,0x8df0f54F762B2d40DA738C6A1dFaF1F01E554a16
0x73f3adae7fdc38f2cc84075ffad561c2a6e81567,,,,,,,88041423503744,0x21b8fa0E0eD5b98Ba21f406291BF433cf4682641
0x73fb36ce8b3f578326a1b28a533ff141faefaa5c,,,,,,,15778295212046,0x8df0f54F762B2d40DA738C6A1dFaF1F01E554a16
0x73fb36ce8b3f578326a1b28a533ff141faefaa5c,,,,,,,15810108295658,0x21b8fa0E0eD5b98Ba21f406291BF433cf4682641
0x7509e306a6025e8e365fbe59bc7fbe47e6d9c19f,,,,,,,614688853729730,0x8df0f54F762B2d40DA738C6A1dFaF1F01E554a16
0x7509e306a6025e8e365fbe59bc7fbe47e6d9c19f,,,,,,,615928223866772,0x21b8fa0E0eD5b98Ba21f406291BF433cf4682641
0x75557849930ea2db6dc3c01f0484525db991b94a,,,,,,,145613338828788,0x8df0f54F762B2d40DA738C6A1dFaF1F01E554a16
0x75557849930ea2db6dc3c01f0484525db991b94a,,,,,,,145906932608152,0x21b8fa0E0eD5b98Ba21f406291BF433cf4682641
0x758c5d8b344b8319a2acdd20c7dbc677a334d7bb,,,,,,,8764147930053,0x8df0f54F762B2d40DA738C6A1dFaF1F01E554a16
0x758c5d8b344b8319a2acdd20c7dbc677a334d7bb,,,,,,,8781818696580,0x21b8fa0E0eD5b98Ba21f406291BF433cf4682641
0x75d3db08f15eab3a09ab53913ffd23f3f8bcd7aa,,,,,,,98480103724355,0x8df0f54F762B2d40DA738C6A1dFaF1F01E554a16
0x75d3db08f15eab3a09ab53913ffd23f3f8bcd7aa,,,,,,,98678664831992,0x21b8fa0E0eD5b98Ba21f406291BF433cf4682641
0x75d3e82e6ee672255cea67eecc12e9dc34cfff69,,,,,,,112280648318004,0x8df0f54F762B2d40DA738C6A1dFaF1F01E554a16
0x75d3e82e6ee672255cea67eecc12e9dc34cfff69,,,,,,,112507034857550,0x21b8fa0E0eD5b98Ba21f406291BF433cf4682641
0x75fee38c63f8858a2dd21bd71a3e2c4689ee9086,,,,,,,303219132830995,0x8df0f54F762B2d40DA738C6A1dFaF1F01E554a16
0x75fee38c63f8858a2dd21bd71a3e2c4689ee9086,,,,,,,303830500250349,0x21b8fa0E0eD5b98Ba21f406291BF433cf4682641
0x7601c08e68665d88dcf381d215fe877dc46b7d73,,,,,,,185129505391129,0x8df0f54F762B2d40DA738C6A1dFaF1F01E554a16
0x7601c08e68665d88dcf381d215fe877dc46b7d73,,,,,,,185502773881480,0x21b8fa0E0eD5b98Ba21f406291BF433cf4682641
0x763d67d060b51d700253322d8e8da80022769504,,,,,,,616476116779,0x8df0f54F762B2d40DA738C6A1dFaF1F01E554a16
0x763d67d060b51d700253322d8e8da80022769504,,,,,,,617719090496,0x21b8fa0E0eD5b98Ba21f406291BF433cf4682641
0x764f404047edfd6fa3d3c2111d9d102af29409b5,,,,,,,104640264497857,0x8df0f54F762B2d40DA738C6A1dFaF1F01E554a16
0x764f404047edfd6fa3d3c2111d9d102af29409b5,,,,,,,104851246067092,0x21b8fa0E0eD5b98Ba21f406291BF433cf4682641
0x765c6a8f20c842e8c826b0d9425015784f982afc,69126215.22150001,1.0,1.0,2026-07-06 00:00:00,2026-07-06 00:00:00,0.8636363636363636,16415902989590640000000,0x8df0f54F762B2d40DA738C6A1dFaF1F01E554a16
0x765c6a8f20c842e8c826b0d9425015784f982afc,69126215.22150001,1.0,1.0,2026-07-06 00:00:00,2026-07-06 00:00:00,0.8636363636363636,16449001653759382000000,0x21b8fa0E0eD5b98Ba21f406291BF433cf4682641
0x767b0ada9bf5c622e261447e4bb6c2c48a2acec6,,,,,,,31417032645822,0x8df0f54F762B2d40DA738C6A1dFaF1F01E554a16
0x767b0ada9bf5c622e261447e4bb6c2c48a2acec6,,,,,,,31480377428828,0x21b8fa0E0eD5b98Ba21f406291BF433cf4682641
0x76ac35cb454e4841364d98177b0a931624126855,,,,,,,100332713225319,0x8df0f54F762B2d40DA738C6A1dFaF1F01E554a16
0x76ac35cb454e4841364d98177b0a931624126855,,,,,,,100535009668122,0x21b8fa0E0eD5b98Ba21f406291BF433cf4682641
0x772213aad4c6b37d2cc0fa3b74f9ace5a028b8c8,,,,,,,34072691889294440000,0x8df0f54F762B2d40DA738C6A1dFaF1F01E554a16
0x772213aad4c6b37d2cc0fa3b74f9ace5a028b8c8,,,,,,,34141391161389543000,0x21b8fa0E0eD5b98Ba21f406291BF433cf4682641
0x7765ffd90db97c2473315063203affce3998d937,,,,,,,34072691889294440000,0x8df0f54F762B2d40DA738C6A1dFaF1F01E554a16
0x7765ffd90db97c2473315063203affce3998d937,,,,,,,34141391161389543000,0x21b8fa0E0eD5b98Ba21f406291BF433cf4682641
0x7787c9dcd9bb2c3894f71b33dc0ebb5ce46b6d59,,,,,,,34072691889294440000,0x8df0f54F762B2d40DA738C6A1dFaF1F01E554a16
0x7787c9dcd9bb2c3894f71b33dc0ebb5ce46b6d59,,,,,,,34141391161389543000,0x21b8fa0E0eD5b98Ba21f406291BF433cf4682641
0x77c9ad8c09eee626b126184aebf535d0f60ce1d0,,,,,,,149424172031601,0x8df0f54F762B2d40DA738C6A1dFaF1F01E554a16
0x77c9ad8c09eee626b126184aebf535d0f60ce1d0,,,,,,,149725449426570,0x21b8fa0E0eD5b98Ba21f406291BF433cf4682641
0x77fd77d52e12a30793deb1400bc802df18d3374a,,,,,,,273134789209733,0x8df0f54F762B2d40DA738C6A1dFaF1F01E554a16
0x77fd77d52e12a30793deb1400bc802df18d3374a,,,,,,,273685498888426,0x21b8fa0E0eD5b98Ba21f406291BF433cf4682641
0x7822c5c26c1fea5b0c2abd8c066b5c2469c7d540,,,,,,,105069865435164,0x8df0f54F762B2d40DA738C6A1dFaF1F01E554a16
0x7822c5c26c1fea5b0c2abd8c066b5c2469c7d540,,,,,,,105281713189899,0x21b8fa0E0eD5b98Ba21f406291BF433cf4682641
0x783f126c5c5e8284ed7af7f551781f02369e7d26,,,,,,,9082654415363,0x8df0f54F762B2d40DA738C6A1dFaF1F01E554a16
0x783f126c5c5e8284ed7af7f551781f02369e7d26,,,,,,,9100967372526,0x21b8fa0E0eD5b98Ba21f406291BF433cf4682641
0x785c0ad5dabab535173b9f0d55d7f3c4da0c0184,,,,,,,259080920927898,0x8df0f54F762B2d40DA738C6A1dFaF1F01E554a16
0x785c0ad5dabab535173b9f0d55d7f3c4da0c0184,,,,,,,259603294409257,0x21b8fa0E0eD5b98Ba21f406291BF433cf4682641
0x787719a0f669062157148e4e3a52236c603616b3,,,,,,,122123996748358,0x8df0f54F762B2d40DA738C6A1dFaF1F01E554a16
0x787719a0f669062157148e4e3a52236c603616b3,,,,,,,122370229998998,0x21b8fa0E0eD5b98Ba21f406291BF433cf4682641
0x7897a596cb18d366ddc75914191d98a8d5c3c2c9,,,,,,,34072691889294440000,0x8df0f54F762B2d40DA738C6A1dFaF1F01E554a16
0x7897a596cb18d366ddc75914191d98a8d5c3c2c9,,,,,,,34141391161389543000,0x21b8fa0E0eD5b98Ba21f406291BF433cf4682641
0x78b9ff33cfbe1b6b6914e38ada0593cc04d0fe39,,,,,,,34072691889294440000,0x8df0f54F762B2d40DA738C6A1dFaF1F01E554a16
0x78b9ff33cfbe1b6b6914e38ada0593cc04d0fe39,,,,,,,34141391161389543000,0x21b8fa0E0eD5b98Ba21f406291BF433cf4682641
0x78bdef852cb0433e9b88131abaafe60216e3468d,,,,,,,52495674484381,0x8df0f54F762B2d40DA738C6A1dFaF1F01E554a16
0x78bdef852cb0433e9b88131abaafe60216e3468d,,,,,,,52601519207098,0x21b8fa0E0eD5b98Ba21f406291BF433cf4682641
0x78edfb0e5e12289781de947aa0cef58fe63ce01f,,,,,,,21108585821312,0x8df0f54F762B2d40DA738C6A1dFaF1F01E554a16
0x78edfb0e5e12289781de947aa0cef58fe63ce01f,,,,,,,21151146135759,0x21b8fa0E0eD5b98Ba21f406291BF433cf4682641
0x78eefb78a6e088ea7bf77eac8e47955dede201ae,,,,,,,103898699565779,0x8df0f54F762B2d40DA738C6A1dFaF1F01E554a16
0x78eefb78a6e088ea7bf77eac8e47955dede201ae,,,,,,,104108185950212,0x21b8fa0E0eD5b98Ba21f406291BF433cf4682641
0x790ef5f5e02a1e3cd7528ea6a4fafd5d01788353,,,,,,,1804932564785,0x8df0f54F762B2d40DA738C6A1dFaF1F01E554a16
0x790ef5f5e02a1e3cd7528ea6a4fafd5d01788353,,,,,,,1808571771038,0x21b8fa0E0eD5b98Ba21f406291BF433cf4682641
0x7910d1456b3e5a1ac0937c9b983b4dcd8eb9400f,,,,,,,20561591230741,0x8df0f54F762B2d40DA738C6A1dFaF1F01E554a16
0x7910d1456b3e5a1ac0937c9b983b4dcd8eb9400f,,,,,,,20603048664021,0x21b8fa0E0eD5b98Ba21f406291BF433cf4682641
0x794a4d2a039a1ef36d845bcca152db0ce6e46c2e,,,,,,,599684085451220,0x8df0f54F762B2d40DA738C6A1dFaF1F01E554a16
0x794a4d2a039a1ef36d845bcca152db0ce6e46c2e,,,,,,,600893202133030,0x21b8fa0E0eD5b98Ba21f406291BF433cf4682641
0x794fbfe098865642334f9027e911dc04bfef94ec,,,,,,,130056708993269,0x8df0f54F762B2d40DA738C6A1dFaF1F01E554a16
0x794fbfe098865642334f9027e911dc04bfef94ec,,,,,,,130318936623183,0x21b8fa0E0eD5b98Ba21f406291BF433cf4682641
0x796597a2f7d43515811e40c7aee15bb5fe0fa2d8,,,,,,,80961727385336,0x8df0f54F762B2d40DA738C6A1dFaF1F01E554a16
0x796597a2f7d43515811e40c7aee15bb5fe0fa2d8,,,,,,,81124966960213,0x21b8fa0E0eD5b98Ba21f406291BF433cf4682641
0x79c1e17404c1a4326a1a6370bbf02a231c3a032c,,,,,,,161417827792020,0x8df0f54F762B2d40DA738C6A1dFaF1F01E554a16
0x79c1e17404c1a4326a1a6370bbf02a231c3a032c,,,,,,,161743287468306,0x21b8fa0E0eD5b98Ba21f406291BF433cf4682641
0x79fc6e3ed1225335c2f09128b2045531fbcac0ec,,,,,,,153799124049084,0x8df0f54F762B2d40DA738C6A1dFaF1F01E554a16
0x79fc6e3ed1225335c2f09128b2045531fbcac0ec,,,,,,,154109222467647,0x21b8fa0E0eD5b98Ba21f406291BF433cf4682641
0x7a42f3fdf3f6565e2aea54225d0f10a4fe8a0cdd,,,,,,,139545503465496,0x8df0f54F762B2d40DA738C6A1dFaF1F01E554a16
0x7a42f3fdf3f6565e2aea54225d0f10a4fe8a0cdd,,,,,,,139826862934932,0x21b8fa0E0eD5b98Ba21f406291BF433cf4682641
0x7a5306e73786a0fc1c3859a2ed5550e594c67484,,,,,,,581993433313595,0x8df0f54F762B2d40DA738C6A1dFaF1F01E554a16
0x7a5306e73786a0fc1c3859a2ed5550e594c67484,,,,,,,583166881110519,0x21b8fa0E0eD5b98Ba21f406291BF433cf4682641
0x7a76f571bd900061220b6b39d44dec87f983d743,,,,,,,1998504441726,0x8df0f54F762B2d40DA738C6A1dFaF1F01E554a16
0x7a76f571bd900061220b6b39d44dec87f983d743,,,,,,,2002533938452,0x21b8fa0E0eD5b98Ba21f406291BF433cf4682641
0x7a903615bc1bab30fbdbe5556e58cfb34c69a88a,,,,,,,256310131981342,0x8df0f54F762B2d40DA738C6A1dFaF1F01E554a16
0x7a903615bc1bab30fbdbe5556e58cfb34c69a88a,,,,,,,256826918842648,0x21b8fa0E0eD5b98Ba21f406291BF433cf4682641
0x7abb2fef8d610baf489998a2cd468b7a7bfad48f,,,,,,,30482438429241,0x8df0f54F762B2d40DA738C6A1dFaF1F01E554a16
0x7abb2fef8d610baf489998a2cd468b7a7bfad48f,,,,,,,30543898830978,0x21b8fa0E0eD5b98Ba21f406291BF433cf4682641
0x7b14f6f2cda46399c4d04741dfe936d299f0276c,,,,,,,287051201246697,0x8df0f54F762B2d40DA738C6A1dFaF1F01E554a16
0x7b14f6f2cda46399c4d04741dfe936d299f0276c,,,,,,,287629969975735,0x21b8fa0E0eD5b98Ba21f406291BF433cf4682641
0x7b17460e9a26f9cac768e65e8472e6b436432d3d,,,,,,,108171910102163,0x8df0f54F762B2d40DA738C6A1dFaF1F01E554a16
0x7b17460e9a26f9cac768e65e8472e6b436432d3d,,,,,,,108390012373310,0x21b8fa0E0eD5b98Ba21f406291BF433cf4682641
0x7bc43896da0f7ac10ad5123765cc1b81f8911881,,,,,,,94232255166545,0x8df0f54F762B2d40DA738C6A1dFaF1F01E554a16
0x7bc43896da0f7ac10ad5123765cc1b81f8911881,,,,,,,94422251523712,0x21b8fa0E0eD5b98Ba21f406291BF433cf4682641
0x7c0819379c5ff2a0cfae44bcae210934760f9e3f,,,,,,,34072691889294440000,0x8df0f54F762B2d40DA738C6A1dFaF1F01E554a16
0x7c0819379c5ff2a0cfae44bcae210934760f9e3f,,,,,,,34141391161389543000,0x21b8fa0E0eD5b98Ba21f406291BF433cf4682641
0x7c2b118f6d1b962cb7824649dbaacb884379dea7,,,,,,,359468751152003,0x8df0f54F762B2d40DA738C6A1dFaF1F01E554a16
0x7c2b118f6d1b962cb7824649dbaacb884379dea7,,,,,,,360193532206148,0x21b8fa0E0eD5b98Ba21f406291BF433cf4682641
0x7c56de627822968fc1aaccea760baaa18fb42180,,,,,,,89782642868223,0x8df0f54F762B2d40DA738C6A1dFaF1F01E554a16
0x7c56de627822968fc1aaccea760baaa18fb42180,,,,,,,89963667667551,0x21b8fa0E0eD5b98Ba21f406291BF433cf4682641
0x7c75cb0d1136ebe764208f9a807d35510025b12c,,,,,,,68145383788367750000,0x8df0f54F762B2d40DA738C6A1dFaF1F01E554a16
0x7c75cb0d1136ebe764208f9a807d35510025b12c,,,,,,,68282782332577680000,0x21b8fa0E0eD5b98Ba21f406291BF433cf4682641
0x7cb698e45d970fd01150f89e2f1706d4bf804246,,,,,,,34072691889294440000,0x8df0f54F762B2d40DA738C6A1dFaF1F01E554a16
0x7cb698e45d970fd01150f89e2f1706d4bf804246,,,,,,,34141391161389543000,0x21b8fa0E0eD5b98Ba21f406291BF433cf4682641
0x7d0f205f4a7f10b7b1c6282193aa202dc16fbbbe,,,,,,,34072691889294440000,0x8df0f54F762B2d40DA738C6A1dFaF1F01E554a16
0x7d0f205f4a7f10b7b1c6282193aa202dc16fbbbe,,,,,,,34141391161389543000,0x21b8fa0E0eD5b98Ba21f406291BF433cf4682641
0x7d2cd67e4a5e73c923b8ed1731d317c91df18ded,,,,,,,188200566612685,0x8df0f54F762B2d40DA738C6A1dFaF1F01E554a16
0x7d2cd67e4a5e73c923b8ed1731d317c91df18ded,,,,,,,188580027148888,0x21b8fa0E0eD5b98Ba21f406291BF433cf4682641
0x7d2d64c7fa6c3fc4c6c5179ce986c92224240609,,,,,,,7458256173845986,0x8df0f54F762B2d40DA738C6A1dFaF1F01E554a16
0x7d2d64c7fa6c3fc4c6c5179ce986c92224240609,,,,,,,7473293928183296,0x21b8fa0E0eD5b98Ba21f406291BF433cf4682641
0x7d41aabfc18edd2e6ed08b62f831432c4d65d3b5,,,,,,,1768648720077,0x8df0f54F762B2d40DA738C6A1dFaF1F01E554a16
0x7d41aabfc18edd2e6ed08b62f831432c4d65d3b5,,,,,,,1772214768807,0x21b8fa0E0eD5b98Ba21f406291BF433cf4682641
0x7d7c06957e46c630908483e35167047e52892c94,,,,,,,1948314641189,0x8df0f54F762B2d40DA738C6A1dFaF1F01E554a16
0x7d7c06957e46c630908483e35167047e52892c94,,,,,,,1952242942425,0x21b8fa0E0eD5b98Ba21f406291BF433cf4682641
0x7d800a412ca8d1abda9c918accc74ca5ce5b19c8,,,,,,,68145383788367750000,0x8df0f54F762B2d40DA738C6A1dFaF1F01E554a16
0x7d800a412ca8d1abda9c918accc74ca5ce5b19c8,,,,,,,68282782332577680000,0x21b8fa0E0eD5b98Ba21f406291BF433cf4682641
0x7d992742d02ad7e5f8c030e28791e6035c438d72,,,,,,,34072691889294440000,0x8df0f54F762B2d40DA738C6A1dFaF1F01E554a16
0x7d992742d02ad7e5f8c030e28791e6035c438d72,,,,,,,34141391161389543000,0x21b8fa0E0eD5b98Ba21f406291BF433cf4682641
0x7e3f02de2f15989ec561beef697d928c2ee9edc3,,,,,,,34072691889294440000,0x8df0f54F762B2d40DA738C6A1dFaF1F01E554a16
0x7e3f02de2f15989ec561beef697d928c2ee9edc3,,,,,,,34141391161389543000,0x21b8fa0E0eD5b98Ba21f406291BF433cf4682641
0x7e8196fe6384119749c8571228db16bb2626bffd,,,,,,,1676381854510,0x8df0f54F762B2d40DA738C6A1dFaF1F01E554a16
0x7e8196fe6384119749c8571228db16bb2626bffd,,,,,,,1679761869613,0x21b8fa0E0eD5b98Ba21f406291BF433cf4682641
0x7ebfbccc0d779c5c9628db8268d00d1ecc79ad6d,,,,,,,34072691889294440000,0x8df0f54F762B2d40DA738C6A1dFaF1F01E554a16
0x7ebfbccc0d779c5c9628db8268d00d1ecc79ad6d,,,,,,,34141391161389543000,0x21b8fa0E0eD5b98Ba21f406291BF433cf4682641
0x7eccb051516f35c0bbedffcfa137ca8a05f8718d,,,,,,,281228462446260,0x8df0f54F762B2d40DA738C6A1dFaF1F01E554a16
0x7eccb051516f35c0bbedffcfa137ca8a05f8718d,,,,,,,281795491042804,0x21b8fa0E0eD5b98Ba21f406291BF433cf4682641
0x7fee68592d92741cbf1bdfe9a16e2272e4f6e8ef,,,,,,,332757667601629,0x8df0f54F762B2d40DA738C6A1dFaF1F01E554a16
0x7fee68592d92741cbf1bdfe9a16e2272e4f6e8ef,,,,,,,333428592271232,0x21b8fa0E0eD5b98Ba21f406291BF433cf4682641
0x7ff1d31103dde4c75de08716813836b628bfdbc9,,,,,,,100130590455980,0x8df0f54F762B2d40DA738C6A1dFaF1F01E554a16
0x7ff1d31103dde4c75de08716813836b628bfdbc9,,,,,,,100332479367521,0x21b8fa0E0eD5b98Ba21f406291BF433cf4682641
0x802f90d13480e357f5d947ebee956ead24261176,,,,,,,130128219344139088,0x8df0f54F762B2d40DA738C6A1dFaF1F01E554a16
0x802f90d13480e357f5d947ebee956ead24261176,,,,,,,130390591157232704,0x21b8fa0E0eD5b98Ba21f406291BF433cf4682641
0x80c6e4d56562a61187587f34ffefc92c5d925088,,,,,,,616476116779,0x8df0f54F762B2d40DA738C6A1dFaF1F01E554a16
0x80c6e4d56562a61187587f34ffefc92c5d925088,,,,,,,617719090496,0x21b8fa0E0eD5b98Ba21f406291BF433cf4682641
0x813b1d4ff7815f5ecd582ffe664238e00694b588,,,,,,,135626997382405,0x8df0f54F762B2d40DA738C6A1dFaF1F01E554a16
0x813b1d4ff7815f5ecd582ffe664238e00694b588,,,,,,,135900456140137,0x21b8fa0E0eD5b98Ba21f406291BF433cf4682641
0x816f57c3a2757ea9313c4043d6946d145bf21794,,,,,,,104061480671582,0x8df0f54F762B2d40DA738C6A1dFaF1F01E554a16
0x816f57c3a2757ea9313c4043d6946d145bf21794,,,,,,,104271295264409,0x21b8fa0E0eD5b98Ba21f406291BF433cf4682641
0x81c67bed179f1b657bf40e420d2ec42895e1992c,,,,,,,21244796600580,0x8df0f54F762B2d40DA738C6A1dFaF1F01E554a16
0x81c67bed179f1b657bf40e420d2ec42895e1992c,,,,,,,21287631550839,0x21b8fa0E0eD5b98Ba21f406291BF433cf4682641
0x81d38529febf3ef9a88b88e7193eec1f245a7ad5,,,,,,,34072691889294440000,0x8df0f54F762B2d40DA738C6A1dFaF1F01E554a16
0x81d38529febf3ef9a88b88e7193eec1f245a7ad5,,,,,,,34141391161389543000,0x21b8fa0E0eD5b98Ba21f406291BF433cf4682641
0x823817c6a6f2e78093341c18231ad28b29ad35e3,,,,,,,34072707386411536000,0x8df0f54F762B2d40DA738C6A1dFaF1F01E554a16
0x823817c6a6f2e78093341c18231ad28b29ad35e3,,,,,,,34141406689752797000,0x21b8fa0E0eD5b98Ba21f406291BF433cf4682641
0x82907132791365aa7b50d7ba6bdd2d1d931b121f,,,,,,,68145383788367750000,0x8df0f54F762B2d40DA738C6A1dFaF1F01E554a16
0x82907132791365aa7b50d7ba6bdd2d1d931b121f,,,,,,,68282782332577680000,0x21b8fa0E0eD5b98Ba21f406291BF433cf4682641
0x82a41ee916e078a7d7fded3b43be4163d8adffde,,,,,,,112903815227172,0x8df0f54F762B2d40DA738C6A1dFaF1F01E554a16
0x82a41ee916e078a7d7fded3b43be4163d8adffde,,,,,,,113131458230785,0x21b8fa0E0eD5b98Ba21f406291BF433cf4682641
0x82a6665ec0d31e79fc1ba807cc314c49ad1a9013,,,,,,,34072691889294440000,0x8df0f54F762B2d40DA738C6A1dFaF1F01E554a16
0x82a6665ec0d31e79fc1ba807cc314c49ad1a9013,,,,,,,34141391161389543000,0x21b8fa0E0eD5b98Ba21f406291BF433cf4682641
0x831d7aaedda775081d5ddc5cf91eef3b557c66ba,,,,,,,512422009357782,0x8df0f54F762B2d40DA738C6A1dFaF1F01E554a16
0x831d7aaedda775081d5ddc5cf91eef3b557c66ba,,,,,,,513455183348343,0x21b8fa0E0eD5b98Ba21f406291BF433cf4682641
0x8439c2d89ab972b520989d42601d9d5ddd81e000,,,,,,,199779055980590,0x8df0f54F762B2d40DA738C6A1dFaF1F01E554a16
0x8439c2d89ab972b520989d42601d9d5ddd81e000,,,,,,,200181861716347,0x21b8fa0E0eD5b98Ba21f406291BF433cf4682641
0x843e8785320f2d7b74a6190c9881261e43051499,,,,,,,306791231266063,0x8df0f54F762B2d40DA738C6A1dFaF1F01E554a16
0x843e8785320f2d7b74a6190c9881261e43051499,,,,,,,307409800950595,0x21b8fa0E0eD5b98Ba21f406291BF433cf4682641
0x84698c0b87691eebbb4a11ab20c49916e0d7ecd9,,,,,,,69412688672979,0x8df0f54F762B2d40DA738C6A1dFaF1F01E554a16
0x84698c0b87691eebbb4a11ab20c49916e0d7ecd9,,,,,,,69552642428364,0x21b8fa0E0eD5b98Ba21f406291BF433cf4682641
0x847b695f960d99c99142a835dd686586ad0b4e75,,,,,,,101058368861205,0x8df0f54F762B2d40DA738C6A1dFaF1F01E554a16
0x847b695f960d99c99142a835dd686586ad0b4e75,,,,,,,101262128411593,0x21b8fa0E0eD5b98Ba21f406291BF433cf4682641
0x84f36bd98fed29df05bb50eca3d0ec825feb98e4,,,,,,,97722118453641,0x8df0f54F762B2d40DA738C6A1dFaF1F01E554a16
0x84f36bd98fed29df05bb50eca3d0ec825feb98e4,,,,,,,97919151268869,0x21b8fa0E0eD5b98Ba21f406291BF433cf4682641
0x854711f82e1df2dc0278f623e9c66a2dbef5389a,,,,,,,34072691889294440000,0x8df0f54F762B2d40DA738C6A1dFaF1F01E554a16
0x854711f82e1df2dc0278f623e9c66a2dbef5389a,,,,,,,34141391161389543000,0x21b8fa0E0eD5b98Ba21f406291BF433cf4682641
0x857dc07ac7658544c486bba9602b4f79c5b6d82b,,,,,,,5808763004897493,0x8df0f54F762B2d40DA738C6A1dFaF1F01E554a16
0x857dc07ac7658544c486bba9602b4f79c5b6d82b,,,,,,,5820474958608284,0x21b8fa0E0eD5b98Ba21f406291BF433cf4682641
0x8607d264ea59264985b376e7a3d77de93bda597a,,,,,,,34072691889294440000,0x8df0f54F762B2d40DA738C6A1dFaF1F01E554a16
0x8607d264ea59264985b376e7a3d77de93bda597a,,,,,,,34141391161389543000,0x21b8fa0E0eD5b98Ba21f406291BF433cf4682641
0x862af0bb5bf3535fc0f119cccce0a38f6cc24a1f,,,,,,,16826020964298,0x8df0f54F762B2d40DA738C6A1dFaF1F01E554a16
0x862af0bb5bf3535fc0f119cccce0a38f6cc24a1f,,,,,,,16859946531326,0x21b8fa0E0eD5b98Ba21f406291BF433cf4682641
0x86a325f98647541ddd1e70a0903d2baf69f7423a,,,,,,,109164993792730,0x8df0f54F762B2d40DA738C6A1dFaF1F01E554a16
0x86a325f98647541ddd1e70a0903d2baf69f7423a,,,,,,,109385098374904,0x21b8fa0E0eD5b98Ba21f406291BF433cf4682641
0x86c795b0c8a1b08bcb4b22b0f8e2e70b7b394589,,,,,,,107047776840436,0x8df0f54F762B2d40DA738C6A1dFaF1F01E554a16
0x86c795b0c8a1b08bcb4b22b0f8e2e70b7b394589,,,,,,,107263612571063,0x21b8fa0E0eD5b98Ba21f406291BF433cf4682641
0x86ed5d9883c595678c5cf0e6dd849a10f1f9b1d7,,,,,,,96450347071716,0x8df0f54F762B2d40DA738C6A1dFaF1F01E554a16
0x86ed5d9883c595678c5cf0e6dd849a10f1f9b1d7,,,,,,,96644815670166,0x21b8fa0E0eD5b98Ba21f406291BF433cf4682641
0x87138ead456276321663c8cb0b7a5c4ca1278850,,,,,,,34072691889294440000,0x8df0f54F762B2d40DA738C6A1dFaF1F01E554a16
0x87138ead456276321663c8cb0b7a5c4ca1278850,,,,,,,34141391161389543000,0x21b8fa0E0eD5b98Ba21f406291BF433cf4682641
0x875c2aa1b9772fe760e330c2fb18a1853dcce8ec,596416.725696,1.0,1.0,2026-07-06 00:00:00,2026-07-06 00:00:00,0.45454545454545453,141047445350254790000,0x8df0f54F762B2d40DA738C6A1dFaF1F01E554a16
0x875c2aa1b9772fe760e330c2fb18a1853dcce8ec,596416.725696,1.0,1.0,2026-07-06 00:00:00,2026-07-06 00:00:00,0.45454545454545453,141331833119143720000,0x21b8fa0E0eD5b98Ba21f406291BF433cf4682641
0x876b66a853b3d233b5c7fad53ec676316124714c,,,,,,,23390023369048,0x8df0f54F762B2d40DA738C6A1dFaF1F01E554a16
0x876b66a853b3d233b5c7fad53ec676316124714c,,,,,,,23437183645817,0x21b8fa0E0eD5b98Ba21f406291BF433cf4682641
0x877a8f5107bac127ca4ac7237591b062c412500b,,,,,,,34072691889294440000,0x8df0f54F762B2d40DA738C6A1dFaF1F01E554a16
0x877a8f5107bac127ca4ac7237591b062c412500b,,,,,,,34141391161389543000,0x21b8fa0E0eD5b98Ba21f406291BF433cf4682641
0x8843e68f1f1b979a2359a90ed1aab9e3e1b28f54,,,,,,,147096751630606,0x8df0f54F762B2d40DA738C6A1dFaF1F01E554a16
0x8843e68f1f1b979a2359a90ed1aab9e3e1b28f54,,,,,,,147393336350047,0x21b8fa0E0eD5b98Ba21f406291BF433cf4682641
0x88758b26b8c20ff50a8221938efe59e63a8ff2c3,,,,,,,29350538975810,0x8df0f54F762B2d40DA738C6A1dFaF1F01E554a16
0x88758b26b8c20ff50a8221938efe59e63a8ff2c3,,,,,,,29409717178395,0x21b8fa0E0eD5b98Ba21f406291BF433cf4682641
0x888880f5573159e378fdece526f5d73e6f47f595,,,,,,,34072691889294440000,0x8df0f54F762B2d40DA738C6A1dFaF1F01E554a16
0x888880f5573159e378fdece526f5d73e6f47f595,,,,,,,34141391161389543000,0x21b8fa0E0eD5b98Ba21f406291BF433cf4682641
0x888a13448567d77ad16d578527a4174cb4be9000,,,,,,,34072691889294440000,0x8df0f54F762B2d40DA738C6A1dFaF1F01E554a16
0x888a13448567d77ad16d578527a4174cb4be9000,,,,,,,34141391161389543000,0x21b8fa0E0eD5b98Ba21f406291BF433cf4682641
0x88b3d4785c877543df254db0fa183e9edb4d8280,,,,,,,129658692301054,0x8df0f54F762B2d40DA738C6A1dFaF1F01E554a16
0x88b3d4785c877543df254db0fa183e9edb4d8280,,,,,,,129920117427393,0x21b8fa0E0eD5b98Ba21f406291BF433cf4682641
0x8915e6724ba238bc6a86bffb0c4dd21cce840ae2,,,,,,,3687806441,0x8df0f54F762B2d40DA738C6A1dFaF1F01E554a16
0x8915e6724ba238bc6a86bffb0c4dd21cce840ae2,,,,,,,3695242003,0x21b8fa0E0eD5b98Ba21f406291BF433cf4682641
0x89795c1d26d80ee794a0e2063416142add6e80f8,,,,,,,1563744320909,0x8df0f54F762B2d40DA738C6A1dFaF1F01E554a16
0x89795c1d26d80ee794a0e2063416142add6e80f8,,,,,,,1566897229899,0x21b8fa0E0eD5b98Ba21f406291BF433cf4682641
0x89d590a991cdea96d4b6549b996cab64f5f70866,,,,,,,1165222567829918210,0x8df0f54F762B2d40DA738C6A1dFaF1F01E554a16
0x89d590a991cdea96d4b6549b996cab64f5f70866,,,,,,,1167571954913826820,0x21b8fa0E0eD5b98Ba21f406291BF433cf4682641
0x89f0a2628835c5deeeb38c6269710c4c117112bc,,,,,,,119579930794473,0x8df0f54F762B2d40DA738C6A1dFaF1F01E554a16
0x89f0a2628835c5deeeb38c6269710c4c117112bc,,,,,,,119821034556672,0x21b8fa0E0eD5b98Ba21f406291BF433cf4682641
0x8a1b73a88e1854dd3eebee4354bd4dba23861e3a,,,,,,,34072691889294440000,0x8df0f54F762B2d40DA738C6A1dFaF1F01E554a16
0x8a1b73a88e1854dd3eebee4354bd4dba23861e3a,,,,,,,34141391161389543000,0x21b8fa0E0eD5b98Ba21f406291BF433cf4682641
0x8a7867f68dc2ae1a1dd47ff654d83f1801e43e2c,,,,,,,105073412025849,0x8df0f54F762B2d40DA738C6A1dFaF1F01E554a16
0x8a7867f68dc2ae1a1dd47ff654d83f1801e43e2c,,,,,,,105285266931419,0x21b8fa0E0eD5b98Ba21f406291BF433cf4682641
0x8b51777996a8db2894051aecf697bae71731402a,,,,,,,244903750201639,0x8df0f54F762B2d40DA738C6A1dFaF1F01E554a16
0x8b51777996a8db2894051aecf697bae71731402a,,,,,,,245397538876360,0x21b8fa0E0eD5b98Ba21f406291BF433cf4682641
0x8b5b54634d0f798a9a7f90d57b1e99ac54219149,,,,,,,34072691889294440000,0x8df0f54F762B2d40DA738C6A1dFaF1F01E554a16
0x8b5b54634d0f798a9a7f90d57b1e99ac54219149,,,,,,,34141391161389543000,0x21b8fa0E0eD5b98Ba21f406291BF433cf4682641
0x8b5df58160f46c055f24ea12f4cb1c3ea7203088,,,,,,,430618112708844,0x8df0f54F762B2d40DA738C6A1dFaF1F01E554a16
0x8b5df58160f46c055f24ea12f4cb1c3ea7203088,,,,,,,431486349095631,0x21b8fa0E0eD5b98Ba21f406291BF433cf4682641
0x8c156c6edd2844526d30e73a666c3b814d96326a,,,,,,,3798536634195,0x8df0f54F762B2d40DA738C6A1dFaF1F01E554a16
0x8c156c6edd2844526d30e73a666c3b814d96326a,,,,,,,3806195456769,0x21b8fa0E0eD5b98Ba21f406291BF433cf4682641
0x8c2934429c2c0438858e95b9f458a09ab0b6e485,,,,,,,104204128830974,0x8df0f54F762B2d40DA738C6A1dFaF1F01E554a16
0x8c2934429c2c0438858e95b9f458a09ab0b6e485,,,,,,,104414231039020,0x21b8fa0E0eD5b98Ba21f406291BF433cf4682641
0x8c66e5e2be2f8166f97ae041c0187feca369f983,,,,,,,464648091866393,0x8df0f54F762B2d40DA738C6A1dFaF1F01E554a16
0x8c66e5e2be2f8166f97ae041c0187feca369f983,,,,,,,465584941405470,0x21b8fa0E0eD5b98Ba21f406291BF433cf4682641
0x8c98c5cdf17ca4db1b2b322adbebea50d55f0fd6,,,,,,,31865731453479,0x8df0f54F762B2d40DA738C6A1dFaF1F01E554a16
0x8c98c5cdf17ca4db1b2b322adbebea50d55f0fd6,,,,,,,31929980928183,0x21b8fa0E0eD5b98Ba21f406291BF433cf4682641
0x8cbf63f1ec6d4b86d9e38cd9e846d0e01ed64929,,,,,,,38454754523213,0x8df0f54F762B2d40DA738C6A1dFaF1F01E554a16
0x8cbf63f1ec6d4b86d9e38cd9e846d0e01ed64929,,,,,,,38532289155726,0x21b8fa0E0eD5b98Ba21f406291BF433cf4682641
0x8cc44e8c9fec826f8e180fa0b7038cbb7381d6c5,,,,,,,94243638472455,0x8df0f54F762B2d40DA738C6A1dFaF1F01E554a16
0x8cc44e8c9fec826f8e180fa0b7038cbb7381d6c5,,,,,,,94433657781282,0x21b8fa0E0eD5b98Ba21f406291BF433cf4682641
0x8cd1a96b90d4f00c63f6bfe1cea911f4baf2bc70,,,,,,,21546416245982,0x8df0f54F762B2d40DA738C6A1dFaF1F01E554a16
0x8cd1a96b90d4f00c63f6bfe1cea911f4baf2bc70,,,,,,,21589859338684,0x21b8fa0E0eD5b98Ba21f406291BF433cf4682641
0x8d006c42c22fe952f8cf6c1cf2934e19c77e2e1e,,,,,,,102219245045384,0x8df0f54F762B2d40DA738C6A1dFaF1F01E554a16
0x8d006c42c22fe952f8cf6c1cf2934e19c77e2e1e,,,,,,,102425345219434,0x21b8fa0E0eD5b98Ba21f406291BF433cf4682641
0x8d0689d9d6e61c7d2a8ff4e28f3e08fceb9ad139,,,,,,,6002213179501204,0x8df0f54F762B2d40DA738C6A1dFaF1F01E554a16
0x8d0689d9d6e61c7d2a8ff4e28f3e08fceb9ad139,,,,,,,6014315178302213,0x21b8fa0E0eD5b98Ba21f406291BF433cf4682641
0x8d0eefa504af1116b29bfb1bf65e76b830ee3982,,,,,,,34072691889294440000,0x8df0f54F762B2d40DA738C6A1dFaF1F01E554a16
0x8d0eefa504af1116b29bfb1bf65e76b830ee3982,,,,,,,34141391161389543000,0x21b8fa0E0eD5b98Ba21f406291BF433cf4682641
0x8d7900f06b89866bfe14b83fd119a0dbc1b50251,,,,,,,617207977797957380,0x8df0f54F762B2d40DA738C6A1dFaF1F01E554a16
0x8d7900f06b89866bfe14b83fd119a0dbc1b50251,,,,,,,618452427134211200,0x21b8fa0E0eD5b98Ba21f406291BF433cf4682641
0x8d7c47b35370667741ce1eccb7ad640b045d3563,,,,,,,39733171144058,0x8df0f54F762B2d40DA738C6A1dFaF1F01E554a16
0x8d7c47b35370667741ce1eccb7ad640b045d3563,,,,,,,39813283391852,0x21b8fa0E0eD5b98Ba21f406291BF433cf4682641
0x8dc13eb54f389c9ffeb5e8fc8e024ad12a60b1e5,,,,,,,13538344052682,0x8df0f54F762B2d40DA738C6A1dFaF1F01E554a16
0x8dc13eb54f389c9ffeb5e8fc8e024ad12a60b1e5,,,,,,,13565640821157,0x21b8fa0E0eD5b98Ba21f406291BF433cf4682641
0x8e50d6cfce2bb51bb444c46fdbd26e7a23a04175,,,,,,,153368479768607,0x8df0f54F762B2d40DA738C6A1dFaF1F01E554a16
0x8e50d6cfce2bb51bb444c46fdbd26e7a23a04175,,,,,,,153677709898022,0x21b8fa0E0eD5b98Ba21f406291BF433cf4682641
0x8e57bc446f76b2054089cc5c8fa6f0f5b72fc59a,,,,,,,18539179279021770000,0x8df0f54F762B2d40DA738C6A1dFaF1F01E554a16
0x8e57bc446f76b2054089cc5c8fa6f0f5b72fc59a,,,,,,,18576559011913073000,0x21b8fa0E0eD5b98Ba21f406291BF433cf4682641
0x8ef3fa40a403d4174da03769f3b514e729ff0cd5,,,,,,,34072691889294440000,0x8df0f54F762B2d40DA738C6A1dFaF1F01E554a16
0x8ef3fa40a403d4174da03769f3b514e729ff0cd5,,,,,,,34141391161389543000,0x21b8fa0E0eD5b98Ba21f406291BF433cf4682641
0x8f4b496b95d069d11bb09b4860409170fab49302,,,,,,,6589290316757,0x8df0f54F762B2d40DA738C6A1dFaF1F01E554a16
0x8f4b496b95d069d11bb09b4860409170fab49302,,,,,,,6602576013404,0x21b8fa0E0eD5b98Ba21f406291BF433cf4682641
0x8f97f1cdd060898ad82984c690ec3eaeaebffa45,,,,,,,37893672606519,0x8df0f54F762B2d40DA738C6A1dFaF1F01E554a16
0x8f97f1cdd060898ad82984c690ec3eaeaebffa45,,,,,,,37970075954207,0x21b8fa0E0eD5b98Ba21f406291BF433cf4682641
0x8ff598aa597f6b729001b384e44334dcf64319c8,,,,,,,468392232933788,0x8df0f54F762B2d40DA738C6A1dFaF1F01E554a16
0x8ff598aa597f6b729001b384e44334dcf64319c8,,,,,,,469336631620047,0x21b8fa0E0eD5b98Ba21f406291BF433cf4682641
0x90241786f3ee61a3295400dea582c848c171cafb,,,,,,,34072691889294440000,0x8df0f54F762B2d40DA738C6A1dFaF1F01E554a16
0x90241786f3ee61a3295400dea582c848c171cafb,,,,,,,34141391161389543000,0x21b8fa0E0eD5b98Ba21f406291BF433cf4682641
0x902ad1f43b75e34c8fbf06ca51ee5a94572abd12,,,,,,,287518029829116,0x8df0f54F762B2d40DA738C6A1dFaF1F01E554a16
0x902ad1f43b75e34c8fbf06ca51ee5a94572abd12,,,,,,,288097739804121,0x21b8fa0E0eD5b98Ba21f406291BF433cf4682641
0x909cc7e298a0a3920131cbea25a1267af724dedc,,,,,,,22909139010500,0x8df0f54F762B2d40DA738C6A1dFaF1F01E554a16
0x909cc7e298a0a3920131cbea25a1267af724dedc,,,,,,,22955329701258,0x21b8fa0E0eD5b98Ba21f406291BF433cf4682641
0x90f1cfbebaa6e4a52f4e15a026d7f6d9ea2aacc4,,,,,,,34072691889294440000,0x8df0f54F762B2d40DA738C6A1dFaF1F01E554a16
0x90f1cfbebaa6e4a52f4e15a026d7f6d9ea2aacc4,,,,,,,34141391161389543000,0x21b8fa0E0eD5b98Ba21f406291BF433cf4682641
0x913d97ea3f35f5e7426495c32fab629c703b2a26,,,,,,,24733067540837,0x8df0f54F762B2d40DA738C6A1dFaF1F01E554a16
0x913d97ea3f35f5e7426495c32fab629c703b2a26,,,,,,,24782935738579,0x21b8fa0E0eD5b98Ba21f406291BF433cf4682641
0x914953367d50be14a45aa1069c2469eb4d94e555,,,,,,,2621857782686,0x8df0f54F762B2d40DA738C6A1dFaF1F01E554a16
0x914953367d50be14a45aa1069c2469eb4d94e555,,,,,,,2627144119374,0x21b8fa0E0eD5b98Ba21f406291BF433cf4682641
0x915b13028f00c6b0bef03a88ddf1bfd5bd601b19,,,,,,,34072691889294440000,0x8df0f54F762B2d40DA738C6A1dFaF1F01E554a16
0x915b13028f00c6b0bef03a88ddf1bfd5bd601b19,,,,,,,34141391161389543000,0x21b8fa0E0eD5b98Ba21f406291BF433cf4682641
0x916727c5ba43d3f4c96ea7c0b163b3ff59094da2,,,,,,,34072691889294440000,0x8df0f54F762B2d40DA738C6A1dFaF1F01E554a16
0x916727c5ba43d3f4c96ea7c0b163b3ff59094da2,,,,,,,34141391161389543000,0x21b8fa0E0eD5b98Ba21f406291BF433cf4682641
0x9191c58dee8593a803901ce8871ef0971e85edb0,,,,,,,568504973178337,0x8df0f54F762B2d40DA738C6A1dFaF1F01E554a16
0x9191c58dee8593a803901ce8871ef0971e85edb0,,,,,,,569651224785539,0x21b8fa0E0eD5b98Ba21f406291BF433cf4682641
0x91ec68005d3114771f158f87224825965230a974,,,,,,,34072691889294440000,0x8df0f54F762B2d40DA738C6A1dFaF1F01E554a16
0x91ec68005d3114771f158f87224825965230a974,,,,,,,34141391161389543000,0x21b8fa0E0eD5b98Ba21f406291BF433cf4682641
0x929467bdaa4ed9d1256a4bcf11e0caa3fa0a5ef1,,,,,,,1480626954076,0x8df0f54F762B2d40DA738C6A1dFaF1F01E554a16
0x929467bdaa4ed9d1256a4bcf11e0caa3fa0a5ef1,,,,,,,1483612277170,0x21b8fa0E0eD5b98Ba21f406291BF433cf4682641
0x92c19c1dc5a7d002d0072702d9124dd6aa0a5071,,,,,,,34072691889294440000,0x8df0f54F762B2d40DA738C6A1dFaF1F01E554a16
0x92c19c1dc5a7d002d0072702d9124dd6aa0a5071,,,,,,,34141391161389543000,0x21b8fa0E0eD5b98Ba21f406291BF433cf4682641
0x932f5ec1746b41dc9b95a65772db29a2c55a054d,,,,,,,98143206797207,0x8df0f54F762B2d40DA738C6A1dFaF1F01E554a16
0x932f5ec1746b41dc9b95a65772db29a2c55a054d,,,,,,,98341088634367,0x21b8fa0E0eD5b98Ba21f406291BF433cf4682641
0x93695de64071684538ee8337f441695bbb3ddcc2,,,,,,,518033343953802,0x8df0f54F762B2d40DA738C6A1dFaF1F01E554a16
0x93695de64071684538ee8337f441695bbb3ddcc2,,,,,,,519077831831844,0x21b8fa0E0eD5b98Ba21f406291BF433cf4682641
0x94bf125ef30a7a496657d31216b7fd172929e298,,,,,,,34072691889294440000,0x8df0f54F762B2d40DA738C6A1dFaF1F01E554a16
0x94bf125ef30a7a496657d31216b7fd172929e298,,,,,,,34141391161389543000,0x21b8fa0E0eD5b98Ba21f406291BF433cf4682641
0x94f783c24036126da37260a613bdcc791a2f0396,,,,,,,19131500114856,0x8df0f54F762B2d40DA738C6A1dFaF1F01E554a16
0x94f783c24036126da37260a613bdcc791a2f0396,,,,,,,19170074118232,0x21b8fa0E0eD5b98Ba21f406291BF433cf4682641
0x952283c92c8d44f88411977bffc681b9db98c6c4,,,,,,,34072691889294440000,0x8df0f54F762B2d40DA738C6A1dFaF1F01E554a16
0x952283c92c8d44f88411977bffc681b9db98c6c4,,,,,,,34141391161389543000,0x21b8fa0E0eD5b98Ba21f406291BF433cf4682641
0x95555f5c35cd07d7199bb902302aac80071892c5,,,,,,,554631469979014,0x8df0f54F762B2d40DA738C6A1dFaF1F01E554a16
0x95555f5c35cd07d7199bb902302aac80071892c5,,,,,,,555749749051075,0x21b8fa0E0eD5b98Ba21f406291BF433cf4682641
0x958101e5ba3d6d2154cb5d8d674a971831dede9d,,,,,,,398260099587433,0x8df0f54F762B2d40DA738C6A1dFaF1F01E554a16
0x958101e5ba3d6d2154cb5d8d674a971831dede9d,,,,,,,399063093933611,0x21b8fa0E0eD5b98Ba21f406291BF433cf4682641
0x95a472bbaf98e62581cf588b31a7243bde25a8af,,,,,,,55489666658855,0x8df0f54F762B2d40DA738C6A1dFaF1F01E554a16
0x95a472bbaf98e62581cf588b31a7243bde25a8af,,,,,,,55601548036489,0x21b8fa0E0eD5b98Ba21f406291BF433cf4682641
0x95b33c7e5283f4fa12d6a16adc1650e76e6cc01f,,,,,,,177282643721230,0x8df0f54F762B2d40DA738C6A1dFaF1F01E554a16
0x95b33c7e5283f4fa12d6a16adc1650e76e6cc01f,,,,,,,177640090929050,0x21b8fa0E0eD5b98Ba21f406291BF433cf4682641
0x95f2096be898ea2d9a3bd4daad624351cdc4e43f,,,,,,,142255963758908,0x8df0f54F762B2d40DA738C6A1dFaF1F01E554a16
0x95f2096be898ea2d9a3bd4daad624351cdc4e43f,,,,,,,142542788210383,0x21b8fa0E0eD5b98Ba21f406291BF433cf4682641
0x96e4e2ebbeff1f45bfb678695628fa7a0398de1c,,,,,,,34072691889294440000,0x8df0f54F762B2d40DA738C6A1dFaF1F01E554a16
0x96e4e2ebbeff1f45bfb678695628fa7a0398de1c,,,,,,,34141391161389543000,0x21b8fa0E0eD5b98Ba21f406291BF433cf4682641
0x973f8bb0b68e6c240aa47f3e634cdd6404d468a6,,,,,,,34072691889294440000,0x8df0f54F762B2d40DA738C6A1dFaF1F01E554a16
0x973f8bb0b68e6c240aa47f3e634cdd6404d468a6,,,,,,,34141391161389543000,0x21b8fa0E0eD5b98Ba21f406291BF433cf4682641
0x97403a22ec3d9d5ef1939f8316e3b9ced35ddca1,,,,,,,34072691889294440000,0x8df0f54F762B2d40DA738C6A1dFaF1F01E554a16
0x97403a22ec3d9d5ef1939f8316e3b9ced35ddca1,,,,,,,34141391161389543000,0x21b8fa0E0eD5b98Ba21f406291BF433cf4682641
0x97435db5c546c83268cb57f2932e5fa343530e11,,,,,,,34072691889294440000,0x8df0f54F762B2d40DA738C6A1dFaF1F01E554a16
0x97435db5c546c83268cb57f2932e5fa343530e11,,,,,,,34141391161389543000,0x21b8fa0E0eD5b98Ba21f406291BF433cf4682641
0x97a171f653fe35a296820d6ecbda8363efde8b54,,,,,,,34072691889294440000,0x8df0f54F762B2d40DA738C6A1dFaF1F01E554a16
0x97a171f653fe35a296820d6ecbda8363efde8b54,,,,,,,34141391161389543000,0x21b8fa0E0eD5b98Ba21f406291BF433cf4682641
0x97afbdd6c130083a21bd5c53f0d9245fa07cc9d9,,,,,,,431245325248137790,0x8df0f54F762B2d40DA738C6A1dFaF1F01E554a16
0x97afbdd6c130083a21bd5c53f0d9245fa07cc9d9,,,,,,,432114826256018940,0x21b8fa0E0eD5b98Ba21f406291BF433cf4682641
0x97de5243906035a503f2f1c52513a3e2d5080da5,,,,,,,34072691889294440000,0x8df0f54F762B2d40DA738C6A1dFaF1F01E554a16
0x97de5243906035a503f2f1c52513a3e2d5080da5,,,,,,,34141391161389543000,0x21b8fa0E0eD5b98Ba21f406291BF433cf4682641
0x97f4eeb00bcce640b6d1b276b046b3c8611fa97f,,,,,,,109849253809748,0x8df0f54F762B2d40DA738C6A1dFaF1F01E554a16
0x97f4eeb00bcce640b6d1b276b046b3c8611fa97f,,,,,,,110070738035340,0x21b8fa0E0eD5b98Ba21f406291BF433cf4682641
0x980370377038b3883d47270f092aea5646354cf1,74780133.24229994,1.0,1.0,2026-07-06 00:00:00,2026-07-06 00:00:00,0.9545454545454546,17684860773261195000000,0x8df0f54F762B2d40DA738C6A1dFaF1F01E554a16
0x980370377038b3883d47270f092aea5646354cf1,74780133.24229994,1.0,1.0,2026-07-06 00:00:00,2026-07-06 00:00:00,0.9545454545454546,17720517981273223000000,0x21b8fa0E0eD5b98Ba21f406291BF433cf4682641
0x983363ed612a168e9ed332f194e66fd1b19bdd36,,,,,,,9537762090047,0x8df0f54F762B2d40DA738C6A1dFaF1F01E554a16
0x983363ed612a168e9ed332f194e66fd1b19bdd36,,,,,,,9556992660825,0x21b8fa0E0eD5b98Ba21f406291BF433cf4682641
0x98cf77c87a43a40c3c2d8e46e341fa5e668ae080,,,,,,,367564189838552,0x8df0f54F762B2d40DA738C6A1dFaF1F01E554a16
0x98cf77c87a43a40c3c2d8e46e341fa5e668ae080,,,,,,,368305293370148,0x21b8fa0E0eD5b98Ba21f406291BF433cf4682641
0x98fec4340118206307dbc131abba3eb11617460a,,,,,,,98175858174504,0x8df0f54F762B2d40DA738C6A1dFaF1F01E554a16
0x98fec4340118206307dbc131abba3eb11617460a,,,,,,,98373805845202,0x21b8fa0E0eD5b98Ba21f406291BF433cf4682641
0x9905c80db8b26470d6e0c3080b2181329f988086,,,,,,,63079974133430376,0x8df0f54F762B2d40DA738C6A1dFaF1F01E554a16
0x9905c80db8b26470d6e0c3080b2181329f988086,,,,,,,63207159514639024,0x21b8fa0E0eD5b98Ba21f406291BF433cf4682641
0x99666fb292c76a78b061c308533a1f8034ba8328,,,,,,,521917620316232,0x8df0f54F762B2d40DA738C6A1dFaF1F01E554a16
0x99666fb292c76a78b061c308533a1f8034ba8328,,,,,,,522969939890096,0x21b8fa0E0eD5b98Ba21f406291BF433cf4682641
0x99fbfd8f61eef44da9dfe44b97cfca410bf4793d,,,,,,,1924734309427,0x8df0f54F762B2d40DA738C6A1dFaF1F01E554a16
0x99fbfd8f61eef44da9dfe44b97cfca410bf4793d,,,,,,,1928615066676,0x21b8fa0E0eD5b98Ba21f406291BF433cf4682641
0x9a2b02de5bc65ca76ee899b89c400d5d27f50001,,,,,,,34072691889294440000,0x8df0f54F762B2d40DA738C6A1dFaF1F01E554a16
0x9a2b02de5bc65ca76ee899b89c400d5d27f50001,,,,,,,34141391161389543000,0x21b8fa0E0eD5b98Ba21f406291BF433cf4682641
0x9a415abd31c606abd8859b90dcda498a6d931cdc,,,,,,,68145383788367750000,0x8df0f54F762B2d40DA738C6A1dFaF1F01E554a16
0x9a415abd31c606abd8859b90dcda498a6d931cdc,,,,,,,68282782332577680000,0x21b8fa0E0eD5b98Ba21f406291BF433cf4682641
0x9a524f688a87fd8f3f02c901f76008f76c1eb257,,,,,,,29772247183995,0x8df0f54F762B2d40DA738C6A1dFaF1F01E554a16
0x9a524f688a87fd8f3f02c901f76008f76c1eb257,,,,,,,29832275658318,0x21b8fa0E0eD5b98Ba21f406291BF433cf4682641
0x9ad304e7d13e157fb22d90a9acb2259dd48db966,,,,,,,6164762011368,0x8df0f54F762B2d40DA738C6A1dFaF1F01E554a16
0x9ad304e7d13e157fb22d90a9acb2259dd48db966,,,,,,,6177191750239,0x21b8fa0E0eD5b98Ba21f406291BF433cf4682641
0x9b66f2e29e9e48305573b2733306f10caedf30fb,,,,,,,213721681171144,0x8df0f54F762B2d40DA738C6A1dFaF1F01E554a16
0x9b66f2e29e9e48305573b2733306f10caedf30fb,,,,,,,214152598809677,0x21b8fa0E0eD5b98Ba21f406291BF433cf4682641
0x9baba4482c3b58b6cc16278ddc158101506ed9b8,,,,,,,3222397777339,0x8df0f54F762B2d40DA738C6A1dFaF1F01E554a16
0x9baba4482c3b58b6cc16278ddc158101506ed9b8,,,,,,,3228894956442,0x21b8fa0E0eD5b98Ba21f406291BF433cf4682641
0x9bc170c20229d26252703c27030d2b535dfa50dd,,,,,,,27458629990447,0x8df0f54F762B2d40DA738C6A1dFaF1F01E554a16
0x9bc170c20229d26252703c27030d2b535dfa50dd,,,,,,,27513993620042,0x21b8fa0E0eD5b98Ba21f406291BF433cf4682641
0x9c09926927201527812364cf97aa9bb962a638b5,,,,,,,34072691889294440000,0x8df0f54F762B2d40DA738C6A1dFaF1F01E554a16
0x9c09926927201527812364cf97aa9bb962a638b5,,,,,,,34141391161389543000,0x21b8fa0E0eD5b98Ba21f406291BF433cf4682641
0x9ca1cc57d5d6d767f6b759712befb8b8783e534e,,,,,,,10188339365472,0x8df0f54F762B2d40DA738C6A1dFaF1F01E554a16
0x9ca1cc57d5d6d767f6b759712befb8b8783e534e,,,,,,,10208881666636,0x21b8fa0E0eD5b98Ba21f406291BF433cf4682641
0x9cec8d78faa35d1c31f4b9cb5863104b493e8feb,,,,,,,555381513761522,0x8df0f54F762B2d40DA738C6A1dFaF1F01E554a16
0x9cec8d78faa35d1c31f4b9cb5863104b493e8feb,,,,,,,556501305113919,0x21b8fa0E0eD5b98Ba21f406291BF433cf4682641
0x9d412ef6bfc03c816c780bad7ce3654281ede184,,,,,,,34072691889294440000,0x8df0f54F762B2d40DA738C6A1dFaF1F01E554a16
0x9d412ef6bfc03c816c780bad7ce3654281ede184,,,,,,,34141391161389543000,0x21b8fa0E0eD5b98Ba21f406291BF433cf4682641
0x9d816e145e925f52d7fea2be8d56bc07a7002d04,,,,,,,95046066383005,0x8df0f54F762B2d40DA738C6A1dFaF1F01E554a16
0x9d816e145e925f52d7fea2be8d56bc07a7002d04,,,,,,,95237703591982,0x21b8fa0E0eD5b98Ba21f406291BF433cf4682641
0x9da83755e17b576a7d1c923c8f353055afd6188f,,,,,,,320907761888419,0x8df0f54F762B2d40DA738C6A1dFaF1F01E554a16
0x9da83755e17b576a7d1c923c8f353055afd6188f,,,,,,,321554794113611,0x21b8fa0E0eD5b98Ba21f406291BF433cf4682641
0x9dff7476d17c43fc7b33d4ff7637a9b63dc228cb,,,,,,,34072691889294440000,0x8df0f54F762B2d40DA738C6A1dFaF1F01E554a16
0x9dff7476d17c43fc7b33d4ff7637a9b63dc228cb,,,,,,,34141391161389543000,0x21b8fa0E0eD5b98Ba21f406291BF433cf4682641
0x9e263a4434466b21e6a4e90efcc2374a0ce9581f,,,,,,,34072691889294440000,0x8df0f54F762B2d40DA738C6A1dFaF1F01E554a16
0x9e263a4434466b21e6a4e90efcc2374a0ce9581f,,,,,,,34141391161389543000,0x21b8fa0E0eD5b98Ba21f406291BF433cf4682641
0x9e355cd9e091543bba2aa4796664473341554af6,,,,,,,164176703325252,0x8df0f54F762B2d40DA738C6A1dFaF1F01E554a16
0x9e355cd9e091543bba2aa4796664473341554af6,,,,,,,164507725601099,0x21b8fa0E0eD5b98Ba21f406291BF433cf4682641
0x9e418f5a21a7ebefb66190bfcbdd42216ea4a6a7,,,,,,,34072691889294440000,0x8df0f54F762B2d40DA738C6A1dFaF1F01E554a16
0x9e418f5a21a7ebefb66190bfcbdd42216ea4a6a7,,,,,,,34141391161389543000,0x21b8fa0E0eD5b98Ba21f406291BF433cf4682641
0x9e460cc883715d58cc47d49da7307b88dd12c3e4,,,,,,,393265684326580,0x8df0f54F762B2d40DA738C6A1dFaF1F01E554a16
0x9e460cc883715d58cc47d49da7307b88dd12c3e4,,,,,,,394058608652635,0x21b8fa0E0eD5b98Ba21f406291BF433cf4682641
0x9e96c020579b0d3d0bc6f93c3a6f252a1c08034c,,,,,,,241692333509945,0x8df0f54F762B2d40DA738C6A1dFaF1F01E554a16
0x9e96c020579b0d3d0bc6f93c3a6f252a1c08034c,,,,,,,242179647146245,0x21b8fa0E0eD5b98Ba21f406291BF433cf4682641
0x9f2bb4f166d77e4f72ce291a3a2654bc014d2a6c,,,,,,,34072691889294440000,0x8df0f54F762B2d40DA738C6A1dFaF1F01E554a16
0x9f2bb4f166d77e4f72ce291a3a2654bc014d2a6c,,,,,,,34141391161389543000,0x21b8fa0E0eD5b98Ba21f406291BF433cf4682641
0x9f33106d97f2490a258f9d0f1c5e58870c70d362,,,,,,,16483335540893,0x8df0f54F762B2d40DA738C6A1dFaF1F01E554a16
0x9f33106d97f2490a258f9d0f1c5e58870c70d362,,,,,,,16516570166353,0x21b8fa0E0eD5b98Ba21f406291BF433cf4682641
0x9f67e303f3b9db44d3e5441fb8fa924217a3b390,,,,,,,8391017773162,0x8df0f54F762B2d40DA738C6A1dFaF1F01E554a16
0x9f67e303f3b9db44d3e5441fb8fa924217a3b390,,,,,,,8407936213743,0x21b8fa0E0eD5b98Ba21f406291BF433cf4682641
0x9f6b7f6a018955ae8a98c4f0e6d45f2b3c1d70c4,,,,,,,34072691889294440000,0x8df0f54F762B2d40DA738C6A1dFaF1F01E554a16
0x9f6b7f6a018955ae8a98c4f0e6d45f2b3c1d70c4,,,,,,,34141391161389543000,0x21b8fa0E0eD5b98Ba21f406291BF433cf4682641
0x9f84fcd4528e85301892b7396cb50408ac56e7ee,,,,,,,319373144118557,0x8df0f54F762B2d40DA738C6A1dFaF1F01E554a16
0x9f84fcd4528e85301892b7396cb50408ac56e7ee,,,,,,,320017082161344,0x21b8fa0E0eD5b98Ba21f406291BF433cf4682641
0x9ffd008ae425bf41fb47e071dc7d57e0c6cc42f4,,,,,,,163426586825908,0x8df0f54F762B2d40DA738C6A1dFaF1F01E554a16
0x9ffd008ae425bf41fb47e071dc7d57e0c6cc42f4,,,,,,,163756096674805,0x21b8fa0E0eD5b98Ba21f406291BF433cf4682641
0x9fffa56eac7c63e79423d9dbdd392b67aa183f60,,,,,,,114753436757962,0x8df0f54F762B2d40DA738C6A1dFaF1F01E554a16
0x9fffa56eac7c63e79423d9dbdd392b67aa183f60,,,,,,,114984809072228,0x21b8fa0E0eD5b98Ba21f406291BF433cf4682641
0xa010cf7fab51f9d93e09f3df4ea9f92fdd074cb5,,,,,,,313390465230373,0x8df0f54F762B2d40DA738C6A1dFaF1F01E554a16
0xa010cf7fab51f9d93e09f3df4ea9f92fdd074cb5,,,,,,,314022340660492,0x21b8fa0E0eD5b98Ba21f406291BF433cf4682641
0xa0181758b14efb2dadfec66d58251ae631e2b942,,,,,,,34072691889294440000,0x8df0f54F762B2d40DA738C6A1dFaF1F01E554a16
0xa0181758b14efb2dadfec66d58251ae631e2b942,,,,,,,34141391161389543000,0x21b8fa0E0eD5b98Ba21f406291BF433cf4682641
0xa06ef1e83a4c3594c7ccc9e3cf3b0a24624d31b7,,,,,,,114935751022825,0x8df0f54F762B2d40DA738C6A1dFaF1F01E554a16
0xa06ef1e83a4c3594c7ccc9e3cf3b0a24624d31b7,,,,,,,115167490929335,0x21b8fa0E0eD5b98Ba21f406291BF433cf4682641
0xa132c4edbb42620fddff5918e2e08d01e65b2c27,,,,,,,23384970476967,0x8df0f54F762B2d40DA738C6A1dFaF1F01E554a16
0xa132c4edbb42620fddff5918e2e08d01e65b2c27,,,,,,,23432120565811,0x21b8fa0E0eD5b98Ba21f406291BF433cf4682641
0xa13fda126a650b9faafa2833d7d6395ae1d819ef,,,,,,,129650329358896,0x8df0f54F762B2d40DA738C6A1dFaF1F01E554a16
0xa13fda126a650b9faafa2833d7d6395ae1d819ef,,,,,,,129911737623403,0x21b8fa0E0eD5b98Ba21f406291BF433cf4682641
0xa1495a31b170dbeaad76cdcc1a2d9e53334f322c,,,,,,,214242381961611,0x8df0f54F762B2d40DA738C6A1dFaF1F01E554a16
0xa1495a31b170dbeaad76cdcc1a2d9e53334f322c,,,,,,,214674349466278,0x21b8fa0E0eD5b98Ba21f406291BF433cf4682641
0xa1bff1f10c5a06f957215d23ff7a609efb8055ea,,,,,,,118099319024887,0x8df0f54F762B2d40DA738C6A1dFaF1F01E554a16
0xa1bff1f10c5a06f957215d23ff7a609efb8055ea,,,,,,,118337437494608,0x21b8fa0E0eD5b98Ba21f406291BF433cf4682641
0xa2232150141e2e1838bc7b87f7518ef46330bfa5,,,,,,,288800553517039,0x8df0f54F762B2d40DA738C6A1dFaF1F01E554a16
0xa2232150141e2e1838bc7b87f7518ef46330bfa5,,,,,,,289382849388224,0x21b8fa0E0eD5b98Ba21f406291BF433cf4682641
0xa2538488098e73528e5d1bb7ccb5711a6453458f,,,,,,,22661460409501,0x8df0f54F762B2d40DA738C6A1dFaF1F01E554a16
0xa2538488098e73528e5d1bb7ccb5711a6453458f,,,,,,,22707151716775,0x21b8fa0E0eD5b98Ba21f406291BF433cf4682641
0xa2cfb4a5e7e501d6bd2d6aa8ecc10893e1dbd624,14421.246367499998,1.0,1.0,2026-07-06 00:00:00,2026-07-06 00:00:00,0.18181818181818182,3410501200362561000,0x8df0f54F762B2d40DA738C6A1dFaF1F01E554a16
0xa2cfb4a5e7e501d6bd2d6aa8ecc10893e1dbd624,14421.246367499998,1.0,1.0,2026-07-06 00:00:00,2026-07-06 00:00:00,0.18181818181818182,3417377644134765600,0x21b8fa0E0eD5b98Ba21f406291BF433cf4682641
0xa32d9f53162bcc67b97245526dfe71f498e670a1,,,,,,,620835742415498,0x8df0f54F762B2d40DA738C6A1dFaF1F01E554a16
0xa32d9f53162bcc67b97245526dfe71f498e670a1,,,,,,,622087506254209,0x21b8fa0E0eD5b98Ba21f406291BF433cf4682641
0xa37869334bdddacea92eabb162530026a855ad51,,,,,,,122019856286575,0x8df0f54F762B2d40DA738C6A1dFaF1F01E554a16
0xa37869334bdddacea92eabb162530026a855ad51,,,,,,,122265879563376,0x21b8fa0E0eD5b98Ba21f406291BF433cf4682641
0xa38b76746b076c8a0a75747692ec8445d65e924f,,,,,,,122186812283511,0x8df0f54F762B2d40DA738C6A1dFaF1F01E554a16
0xa38b76746b076c8a0a75747692ec8445d65e924f,,,,,,,122433172186355,0x21b8fa0E0eD5b98Ba21f406291BF433cf4682641
0xa3f8167deab5e9d15c26c00631ab4a5a64359dcd,,,,,,,17117126700193,0x8df0f54F762B2d40DA738C6A1dFaF1F01E554a16
0xa3f8167deab5e9d15c26c00631ab4a5a64359dcd,,,,,,,17151639210930,0x21b8fa0E0eD5b98Ba21f406291BF433cf4682641
0xa481c3da5f4aa619e186c1bcea3d405f6d5484fa,,,,,,,120861297086835,0x8df0f54F762B2d40DA738C6A1dFaF1F01E554a16
0xa481c3da5f4aa619e186c1bcea3d405f6d5484fa,,,,,,,121104984411608,0x21b8fa0E0eD5b98Ba21f406291BF433cf4682641
0xa49224407bfbcfced35d70657f44041b8e162ef9,,,,,,,34072691889294440000,0x8df0f54F762B2d40DA738C6A1dFaF1F01E554a16
0xa49224407bfbcfced35d70657f44041b8e162ef9,,,,,,,34141391161389543000,0x21b8fa0E0eD5b98Ba21f406291BF433cf4682641
0xa4cd26a567908aac033b3d8a61e8f0fde844d384,,,,,,,34072691889294440000,0x8df0f54F762B2d40DA738C6A1dFaF1F01E554a16
0xa4cd26a567908aac033b3d8a61e8f0fde844d384,,,,,,,34141391161389543000,0x21b8fa0E0eD5b98Ba21f406291BF433cf4682641
0xa4d373ced1e8a1c4246072c26e782d4bfae518be,,,,,,,2598172573646855200,0x8df0f54F762B2d40DA738C6A1dFaF1F01E554a16
0xa4d373ced1e8a1c4246072c26e782d4bfae518be,,,,,,,2603411154888600100,0x21b8fa0E0eD5b98Ba21f406291BF433cf4682641
0xa5c6418d1bb26fe336cf5ee32dc203f5c249ce99,,,,,,,34072691889294440000,0x8df0f54F762B2d40DA738C6A1dFaF1F01E554a16
0xa5c6418d1bb26fe336cf5ee32dc203f5c249ce99,,,,,,,34141391161389543000,0x21b8fa0E0eD5b98Ba21f406291BF433cf4682641
0xa5d9c11c25a97757bd41b665254a432ee6e708df,,,,,,,23667747857599,0x8df0f54F762B2d40DA738C6A1dFaF1F01E554a16
0xa5d9c11c25a97757bd41b665254a432ee6e708df,,,,,,,23715468098055,0x21b8fa0E0eD5b98Ba21f406291BF433cf4682641
0xa5f3e907ca439d7732e7a6b9ba20610990b65e8c,,,,,,,34072691889294440000,0x8df0f54F762B2d40DA738C6A1dFaF1F01E554a16
0xa5f3e907ca439d7732e7a6b9ba20610990b65e8c,,,,,,,34141391161389543000,0x21b8fa0E0eD5b98Ba21f406291BF433cf4682641
0xa60d118dc57f40b465921a03e47d257bb079f87d,,,,,,,191856532022236,0x8df0f54F762B2d40DA738C6A1dFaF1F01E554a16
0xa60d118dc57f40b465921a03e47d257bb079f87d,,,,,,,192243363920915,0x21b8fa0E0eD5b98Ba21f406291BF433cf4682641
0xa629790eb727f3dadb63c7fbeeca7e3433af5568,,,,,,,466780834284719,0x8df0f54F762B2d40DA738C6A1dFaF1F01E554a16
0xa629790eb727f3dadb63c7fbeeca7e3433af5568,,,,,,,467721983978658,0x21b8fa0E0eD5b98Ba21f406291BF433cf4682641
0xa70222aa0e5a0a7accd9bbf019dc17c2eeed7f90,,,,,,,148760271884758,0x8df0f54F762B2d40DA738C6A1dFaF1F01E554a16
0xa70222aa0e5a0a7accd9bbf019dc17c2eeed7f90,,,,,,,149060210687021,0x21b8fa0E0eD5b98Ba21f406291BF433cf4682641
0xa73a77a692acef1a25c0c128ef87109265bacf04,,,,,,,178326250258812,0x8df0f54F762B2d40DA738C6A1dFaF1F01E554a16
0xa73a77a692acef1a25c0c128ef87109265bacf04,,,,,,,178685801644656,0x21b8fa0E0eD5b98Ba21f406291BF433cf4682641
0xa768f44c537e5b346b3053e1ee37eb0eb4e7a88e,,,,,,,38972817430357,0x8df0f54F762B2d40DA738C6A1dFaF1F01E554a16
0xa768f44c537e5b346b3053e1ee37eb0eb4e7a88e,,,,,,,39051396610354,0x21b8fa0E0eD5b98Ba21f406291BF433cf4682641
0xa77998fd95a2bf4307b385912596b3cfe33937d6,,,,,,,1337625164785,0x8df0f54F762B2d40DA738C6A1dFaF1F01E554a16
0xa77998fd95a2bf4307b385912596b3cfe33937d6,,,,,,,1340322159653,0x21b8fa0E0eD5b98Ba21f406291BF433cf4682641
0xa7a23c9d8b3c6f471d554749ec1173839cdde4b6,,,,,,,34072691889294440000,0x8df0f54F762B2d40DA738C6A1dFaF1F01E554a16
0xa7a23c9d8b3c6f471d554749ec1173839cdde4b6,,,,,,,34141391161389543000,0x21b8fa0E0eD5b98Ba21f406291BF433cf4682641
0xa852c845b0361f8292ad3898c68195a72836eb07,,,,,,,19897168231297,0x8df0f54F762B2d40DA738C6A1dFaF1F01E554a16
0xa852c845b0361f8292ad3898c68195a72836eb07,,,,,,,19937286017666,0x21b8fa0E0eD5b98Ba21f406291BF433cf4682641
0xa8c295a30335748df2b55a86eb124da7a79585dd,,,,,,,1797544804311,0x8df0f54F762B2d40DA738C6A1dFaF1F01E554a16
0xa8c295a30335748df2b55a86eb124da7a79585dd,,,,,,,1801169114947,0x21b8fa0E0eD5b98Ba21f406291BF433cf4682641
0xa8dc290ec7ba45000f11ad76c8b93a3ed67e386a,,,,,,,115929282318410,0x8df0f54F762B2d40DA738C6A1dFaF1F01E554a16
0xa8dc290ec7ba45000f11ad76c8b93a3ed67e386a,,,,,,,116163025438433,0x21b8fa0E0eD5b98Ba21f406291BF433cf4682641
0xa8e4386461d948ea06b94c3d1d085f844af946ff,,,,,,,3082380921326,0x8df0f54F762B2d40DA738C6A1dFaF1F01E554a16
0xa8e4386461d948ea06b94c3d1d085f844af946ff,,,,,,,3088595790591,0x21b8fa0E0eD5b98Ba21f406291BF433cf4682641
0xa9a06d77d55a7a72b59454508e7e88a4f0785053,,,,,,,34072691889294440000,0x8df0f54F762B2d40DA738C6A1dFaF1F01E554a16
0xa9a06d77d55a7a72b59454508e7e88a4f0785053,,,,,,,34141391161389543000,0x21b8fa0E0eD5b98Ba21f406291BF433cf4682641
0xaa734fa3aa11d2e8fe60d50dde07d5c95b5f928c,,,,,,,267564969257891200,0x8df0f54F762B2d40DA738C6A1dFaF1F01E554a16
0xaa734fa3aa11d2e8fe60d50dde07d5c95b5f928c,,,,,,,268104448753256288,0x21b8fa0E0eD5b98Ba21f406291BF433cf4682641
0xaa938607232836de144ceb0e33ccc926bc0c0b96,,,,,,,9692301392178,0x8df0f54F762B2d40DA738C6A1dFaF1F01E554a16
0xaa938607232836de144ceb0e33ccc926bc0c0b96,,,,,,,9711843553764,0x21b8fa0E0eD5b98Ba21f406291BF433cf4682641
0xaac0f1f7715beb0a2c34eae16afe93fb10c1fb6f,27752310.6732,1.0,1.0,2026-07-06 00:00:00,2026-07-06 00:00:00,0.7727272727272727,6563183684115320000000,0x8df0f54F762B2d40DA738C6A1dFaF1F01E554a16
0xaac0f1f7715beb0a2c34eae16afe93fb10c1fb6f,27752310.6732,1.0,1.0,2026-07-06 00:00:00,2026-07-06 00:00:00,0.7727272727272727,6576416743105498000000,0x21b8fa0E0eD5b98Ba21f406291BF433cf4682641
0xaae27ee2fe5976e4173f38254596a2af8525b71b,,,,,,,23827283194332,0x8df0f54F762B2d40DA738C6A1dFaF1F01E554a16
0xaae27ee2fe5976e4173f38254596a2af8525b71b,,,,,,,23875325098880,0x21b8fa0E0eD5b98Ba21f406291BF433cf4682641
0xaaf33a7e4756d097b2158551a25374daf600c49d,714647.9189700001,1.0,1.0,2026-07-06 00:00:00,2026-07-06 00:00:00,0.5,169008109519337750000,0x8df0f54F762B2d40DA738C6A1dFaF1F01E554a16
0xaaf33a7e4756d097b2158551a25374daf600c49d,714647.9189700001,1.0,1.0,2026-07-06 00:00:00,2026-07-06 00:00:00,0.5,169348873147285700000,0x21b8fa0E0eD5b98Ba21f406291BF433cf4682641
0xab402d5f93fdf5ec1ade26e9c295a04ddc522a06,,,,,,,34072691889294440000,0x8df0f54F762B2d40DA738C6A1dFaF1F01E554a16
0xab402d5f93fdf5ec1ade26e9c295a04ddc522a06,,,,,,,34141391161389543000,0x21b8fa0E0eD5b98Ba21f406291BF433cf4682641
0xab420847576faca8f228a274d5e1e07d2ae98ac4,,,,,,,34072691889294440000,0x8df0f54F762B2d40DA738C6A1dFaF1F01E554a16
0xab420847576faca8f228a274d5e1e07d2ae98ac4,,,,,,,34141391161389543000,0x21b8fa0E0eD5b98Ba21f406291BF433cf4682641
0xabccd387da89ca135597ff188a678ca2ba22f2a4,,,,,,,103017134818059,0x8df0f54F762B2d40DA738C6A1dFaF1F01E554a16
0xabccd387da89ca135597ff188a678ca2ba22f2a4,,,,,,,103224843742212,0x21b8fa0E0eD5b98Ba21f406291BF433cf4682641
0xabff1e9cfa87ee14fee544c64957392852d9113d,,,,,,,34072691889294440000,0x8df0f54F762B2d40DA738C6A1dFaF1F01E554a16
0xabff1e9cfa87ee14fee544c64957392852d9113d,,,,,,,34141391161389543000,0x21b8fa0E0eD5b98Ba21f406291BF433cf4682641
0xac162fe3a19fdc96eed6da35d6f7fda3902f4b8c,,,,,,,34072691889294440000,0x8df0f54F762B2d40DA738C6A1dFaF1F01E554a16
0xac162fe3a19fdc96eed6da35d6f7fda3902f4b8c,,,,,,,34141391161389543000,0x21b8fa0E0eD5b98Ba21f406291BF433cf4682641
0xac2bdb872655572f616879eb32e5fb81f336974c,,,,,,,34072691889294440000,0x8df0f54F762B2d40DA738C6A1dFaF1F01E554a16
0xac2bdb872655572f616879eb32e5fb81f336974c,,,,,,,34141391161389543000,0x21b8fa0E0eD5b98Ba21f406291BF433cf4682641
0xac3f58f6d2d44cccb066e86c04da13f8d9dc4dca,,,,,,,77513972544548,0x8df0f54F762B2d40DA738C6A1dFaF1F01E554a16
0xac3f58f6d2d44cccb066e86c04da13f8d9dc4dca,,,,,,,77670260562774,0x21b8fa0E0eD5b98Ba21f406291BF433cf4682641
0xac44a16c6c5d68d6e747e636bbd12777c908a7ca,,,,,,,150028575129196,0x8df0f54F762B2d40DA738C6A1dFaF1F01E554a16
0xac44a16c6c5d68d6e747e636bbd12777c908a7ca,,,,,,,150331071155584,0x21b8fa0E0eD5b98Ba21f406291BF433cf4682641
0xac7828213593d6cbf293f51c85ea7fec0d2d3cae,,,,,,,23278961816780,0x8df0f54F762B2d40DA738C6A1dFaF1F01E554a16
0xac7828213593d6cbf293f51c85ea7fec0d2d3cae,,,,,,,23325898165018,0x21b8fa0E0eD5b98Ba21f406291BF433cf4682641
0xacf1e8f3bfad1413cd6792c3d0dd7277ed10c2c7,,,,,,,22580598614281,0x8df0f54F762B2d40DA738C6A1dFaF1F01E554a16
0xacf1e8f3bfad1413cd6792c3d0dd7277ed10c2c7,,,,,,,22626126883468,0x21b8fa0E0eD5b98Ba21f406291BF433cf4682641
0xad2e9541ab866c721277e7d37b00bd82de7052d2,,,,,,,13502648691315,0x8df0f54F762B2d40DA738C6A1dFaF1F01E554a16
0xad2e9541ab866c721277e7d37b00bd82de7052d2,,,,,,,13529873488800,0x21b8fa0E0eD5b98Ba21f406291BF433cf4682641
0xad362d21bf2b8b905342e55e1ae7b5251a06a57f,,,,,,,34072691889294440000,0x8df0f54F762B2d40DA738C6A1dFaF1F01E554a16
0xad362d21bf2b8b905342e55e1ae7b5251a06a57f,,,,,,,34141391161389543000,0x21b8fa0E0eD5b98Ba21f406291BF433cf4682641
0xad7347b91e20faa77937ddb7666190dd23327e7b,,,,,,,268765827304789,0x8df0f54F762B2d40DA738C6A1dFaF1F01E554a16
0xad7347b91e20faa77937ddb7666190dd23327e7b,,,,,,,269307728037490,0x21b8fa0E0eD5b98Ba21f406291BF433cf4682641
0xad7daf8a4d3eff12c0aa6d2791b89ad84ac6c1d3,,,,,,,231981355026503,0x8df0f54F762B2d40DA738C6A1dFaF1F01E554a16
0xad7daf8a4d3eff12c0aa6d2791b89ad84ac6c1d3,,,,,,,232449088843418,0x21b8fa0E0eD5b98Ba21f406291BF433cf4682641
0xadf3866f273d6d209c31d1244b185b078ff81373,,,,,,,120028671949985,0x8df0f54F762B2d40DA738C6A1dFaF1F01E554a16
0xadf3866f273d6d209c31d1244b185b078ff81373,,,,,,,120270680489266,0x21b8fa0E0eD5b98Ba21f406291BF433cf4682641
0xae0ef3969305b24d17fa5948cc6458d136e573f9,,,,,,,353135501366104,0x8df0f54F762B2d40DA738C6A1dFaF1F01E554a16
0xae0ef3969305b24d17fa5948cc6458d136e573f9,,,,,,,353847512966878,0x21b8fa0E0eD5b98Ba21f406291BF433cf4682641
0xae519a6d0c4143fdbea652f0a936ea045d64b8cb,,,,,,,4931519922771,0x8df0f54F762B2d40DA738C6A1dFaF1F01E554a16
0xae519a6d0c4143fdbea652f0a936ea045d64b8cb,,,,,,,4941463129786,0x21b8fa0E0eD5b98Ba21f406291BF433cf4682641
0xae80000916925cf8770039959ba7eee0638b31d9,,,,,,,25499891196958,0x8df0f54F762B2d40DA738C6A1dFaF1F01E554a16
0xae80000916925cf8770039959ba7eee0638b31d9,,,,,,,25551305507557,0x21b8fa0E0eD5b98Ba21f406291BF433cf4682641
0xaefc7371b752b6f04f37b5c74f8aa11e671d153f,,,,,,,379831231203897,0x8df0f54F762B2d40DA738C6A1dFaF1F01E554a16
0xaefc7371b752b6f04f37b5c74f8aa11e671d153f,,,,,,,380597068232197,0x21b8fa0E0eD5b98Ba21f406291BF433cf4682641
0xafbd66706f90bc56d29c39a260930b34b2757ed8,,,,,,,102218075677662170000,0x8df0f54F762B2d40DA738C6A1dFaF1F01E554a16
0xafbd66706f90bc56d29c39a260930b34b2757ed8,,,,,,,102424173493967210000,0x21b8fa0E0eD5b98Ba21f406291BF433cf4682641
0xafc1c3936a46f236ff8c5ef5527e9405154119d5,,,,,,,500547677199291,0x8df0f54F762B2d40DA738C6A1dFaF1F01E554a16
0xafc1c3936a46f236ff8c5ef5527e9405154119d5,,,,,,,501556909495472,0x21b8fa0E0eD5b98Ba21f406291BF433cf4682641
0xb00f775cc37f4b6da3663a62c1db960e358fc431,,,,,,,1839669285087211780,0x8df0f54F762B2d40DA738C6A1dFaF1F01E554a16
0xb00f775cc37f4b6da3663a62c1db960e358fc431,,,,,,,1843378529463671550,0x21b8fa0E0eD5b98Ba21f406291BF433cf4682641
0xb0341e5c023c4fa3f506b0a3a0fb8fb67bf6393a,,,,,,,120446674299058,0x8df0f54F762B2d40DA738C6A1dFaF1F01E554a16
0xb0341e5c023c4fa3f506b0a3a0fb8fb67bf6393a,,,,,,,120689525638116,0x21b8fa0E0eD5b98Ba21f406291BF433cf4682641
0xb0528351c49ca7950c2f8ced526202ff4e69bfe3,,,,,,,34072691889294440000,0x8df0f54F762B2d40DA738C6A1dFaF1F01E554a16
0xb0528351c49ca7950c2f8ced526202ff4e69bfe3,,,,,,,34141391161389543000,0x21b8fa0E0eD5b98Ba21f406291BF433cf4682641
0xb0e249d5c0349d906592506ebd81648f964e90d4,,,,,,,100044270511515,0x8df0f54F762B2d40DA738C6A1dFaF1F01E554a16
0xb0e249d5c0349d906592506ebd81648f964e90d4,,,,,,,100245985379943,0x21b8fa0E0eD5b98Ba21f406291BF433cf4682641
0xb0f1d91a60dfe3ee0cf52452720941245f92d087,,,,,,,1555210806315,0x8df0f54F762B2d40DA738C6A1dFaF1F01E554a16
0xb0f1d91a60dfe3ee0cf52452720941245f92d087,,,,,,,1558346509555,0x21b8fa0E0eD5b98Ba21f406291BF433cf4682641
0xb105e97728e6d26d983d7793cec2a110cf54de28,,,,,,,245875541525635,0x8df0f54F762B2d40DA738C6A1dFaF1F01E554a16
0xb105e97728e6d26d983d7793cec2a110cf54de28,,,,,,,246371289580520,0x21b8fa0E0eD5b98Ba21f406291BF433cf4682641
0xb108247a6228b52769440d2852001bc84bdd1fe5,,,,,,,179194022765661,0x8df0f54F762B2d40DA738C6A1dFaF1F01E554a16
0xb108247a6228b52769440d2852001bc84bdd1fe5,,,,,,,179555323803096,0x21b8fa0E0eD5b98Ba21f406291BF433cf4682641
0xb141a1f0996c48d6b2e70fddffd460dc3542ea27,,,,,,,379991184283,0x8df0f54F762B2d40DA738C6A1dFaF1F01E554a16
0xb141a1f0996c48d6b2e70fddffd460dc3542ea27,,,,,,,380757343817,0x21b8fa0E0eD5b98Ba21f406291BF433cf4682641
0xb18fb662b1923b5571e61aa59a35aebe71ea27dd,,,,,,,334326284625339,0x8df0f54F762B2d40DA738C6A1dFaF1F01E554a16
0xb18fb662b1923b5571e61aa59a35aebe71ea27dd,,,,,,,335000372028549,0x21b8fa0E0eD5b98Ba21f406291BF433cf4682641
0xb1902208340e13c716591e8e626e75e3e30ed113,,,,,,,34072691889294440000,0x8df0f54F762B2d40DA738C6A1dFaF1F01E554a16
0xb1902208340e13c716591e8e626e75e3e30ed113,,,,,,,34141391161389543000,0x21b8fa0E0eD5b98Ba21f406291BF433cf4682641
0xb197518bee0e0570c86e942b2020551892591fbe,,,,,,,18098013027476,0x8df0f54F762B2d40DA738C6A1dFaF1F01E554a16
0xb197518bee0e0570c86e942b2020551892591fbe,,,,,,,18134503256232,0x21b8fa0E0eD5b98Ba21f406291BF433cf4682641
0xb19a5c9b0efc14d504bfb182451e22846403db2d,,,,,,,351445550820156,0x8df0f54F762B2d40DA738C6A1dFaF1F01E554a16
0xb19a5c9b0efc14d504bfb182451e22846403db2d,,,,,,,352154155047872,0x21b8fa0E0eD5b98Ba21f406291BF433cf4682641
0xb1f2b6afb7570cd6d696fc62736639adea619e5b,,,,,,,14486477266586,0x8df0f54F762B2d40DA738C6A1dFaF1F01E554a16
0xb1f2b6afb7570cd6d696fc62736639adea619e5b,,,,,,,14515685714415,0x21b8fa0E0eD5b98Ba21f406291BF433cf4682641
0xb1f55485d7eba772f0d454ceb0ea9a27586ad86f,,,,,,,307676130596426880,0x8df0f54F762B2d40DA738C6A1dFaF1F01E554a16
0xb1f55485d7eba772f0d454ceb0ea9a27586ad86f,,,,,,,308296484464612290,0x21b8fa0E0eD5b98Ba21f406291BF433cf4682641
0xb2325daf2a1ecb7414e37c8e39715b7f4f371534,,,,,,,8282295645,0x8df0f54F762B2d40DA738C6A1dFaF1F01E554a16
0xb2325daf2a1ecb7414e37c8e39715b7f4f371534,,,,,,,8298994874,0x21b8fa0E0eD5b98Ba21f406291BF433cf4682641
0xb23bbd9aa7f2dc7e8f2bf93cc4e6ac728b1dcf17,,,,,,,34072691889294440000,0x8df0f54F762B2d40DA738C6A1dFaF1F01E554a16
0xb23bbd9aa7f2dc7e8f2bf93cc4e6ac728b1dcf17,,,,,,,34141391161389543000,0x21b8fa0E0eD5b98Ba21f406291BF433cf4682641
0xb25632f9b3eff866175d81a7a62243a9e335aefe,,,,,,,1236288695872582,0x8df0f54F762B2d40DA738C6A1dFaF1F01E554a16
0xb25632f9b3eff866175d81a7a62243a9e335aefe,,,,,,,1238781370469054,0x21b8fa0E0eD5b98Ba21f406291BF433cf4682641
0xb2af6e04f8443a2f0ebf5f311cb7d425bb9ca803,,,,,,,541776044984177,0x8df0f54F762B2d40DA738C6A1dFaF1F01E554a16
0xb2af6e04f8443a2f0ebf5f311cb7d425bb9ca803,,,,,,,542868404227465,0x21b8fa0E0eD5b98Ba21f406291BF433cf4682641
0xb2b3d54465a4281e99f76ff354742679c42bad08,,,,,,,34072691889294440000,0x8df0f54F762B2d40DA738C6A1dFaF1F01E554a16
0xb2b3d54465a4281e99f76ff354742679c42bad08,,,,,,,34141391161389543000,0x21b8fa0E0eD5b98Ba21f406291BF433cf4682641
0xb2db644bab191cadc7f240e0e38df836bd7f0cd6,,,,,,,34072691889294440000,0x8df0f54F762B2d40DA738C6A1dFaF1F01E554a16
0xb2db644bab191cadc7f240e0e38df836bd7f0cd6,,,,,,,34141391161389543000,0x21b8fa0E0eD5b98Ba21f406291BF433cf4682641
0xb2f3aed8ef84ad40484fc71ebb1301b8c8b4785f,,,,,,,34072691889294440000,0x8df0f54F762B2d40DA738C6A1dFaF1F01E554a16
0xb2f3aed8ef84ad40484fc71ebb1301b8c8b4785f,,,,,,,34141391161389543000,0x21b8fa0E0eD5b98Ba21f406291BF433cf4682641
0xb331abd0e1e1b6c3ddd2cedf95c19b6a0fba7174,,,,,,,70443607388254,0x8df0f54F762B2d40DA738C6A1dFaF1F01E554a16
0xb331abd0e1e1b6c3ddd2cedf95c19b6a0fba7174,,,,,,,70585639739764,0x21b8fa0E0eD5b98Ba21f406291BF433cf4682641
0xb39b0cfc24bb5856957244c752c0cf67cc33ea4e,130685.700123,1.0,1.0,2026-07-06 00:00:00,2026-07-06 00:00:00,0.36363636363636365,30906048324932567000,0x8df0f54F762B2d40DA738C6A1dFaF1F01E554a16
0xb39b0cfc24bb5856957244c752c0cf67cc33ea4e,130685.700123,1.0,1.0,2026-07-06 00:00:00,2026-07-06 00:00:00,0.36363636363636365,30968362832696074000,0x21b8fa0E0eD5b98Ba21f406291BF433cf4682641
0xb3d63596db7704f65551257e2f59ebe4c48b3e15,,,,,,,263780496249362,0x8df0f54F762B2d40DA738C6A1dFaF1F01E554a16
0xb3d63596db7704f65551257e2f59ebe4c48b3e15,,,,,,,264312345278024,0x21b8fa0E0eD5b98Ba21f406291BF433cf4682641
0xb3daf38b0e8629744cc25351bd4b6a9423a7cbef,,,,,,,34072691889294440000,0x8df0f54F762B2d40DA738C6A1dFaF1F01E554a16
0xb3daf38b0e8629744cc25351bd4b6a9423a7cbef,,,,,,,34141391161389543000,0x21b8fa0E0eD5b98Ba21f406291BF433cf4682641
0xb42cc175062a9a327d64bff081fe70e54168f914,,,,,,,136651149045408,0x8df0f54F762B2d40DA738C6A1dFaF1F01E554a16
0xb42cc175062a9a327d64bff081fe70e54168f914,,,,,,,136926672755155,0x21b8fa0E0eD5b98Ba21f406291BF433cf4682641
0xb498233b3afcb3f211dda0be72217a46db38cf54,,,,,,,95926527387027,0x8df0f54F762B2d40DA738C6A1dFaF1F01E554a16
0xb498233b3afcb3f211dda0be72217a46db38cf54,,,,,,,96119939830855,0x21b8fa0E0eD5b98Ba21f406291BF433cf4682641
0xb4b00a9f6a6cc383f7ac3274a5d50fe03613cefd,,,,,,,143196558379738,0x8df0f54F762B2d40DA738C6A1dFaF1F01E554a16
0xb4b00a9f6a6cc383f7ac3274a5d50fe03613cefd,,,,,,,143485279310834,0x21b8fa0E0eD5b98Ba21f406291BF433cf4682641
0xb4b3314d6f44ebc56fc12f50b880700e33d6cda7,,,,,,,539247869092798,0x8df0f54F762B2d40DA738C6A1dFaF1F01E554a16
0xb4b3314d6f44ebc56fc12f50b880700e33d6cda7,,,,,,,540335130886080,0x21b8fa0E0eD5b98Ba21f406291BF433cf4682641
0xb4fe0f67f4ece794adfaa37034032f68fff0b974,,,,,,,68145383788367750000,0x8df0f54F762B2d40DA738C6A1dFaF1F01E554a16
0xb4fe0f67f4ece794adfaa37034032f68fff0b974,,,,,,,68282782332577680000,0x21b8fa0E0eD5b98Ba21f406291BF433cf4682641
0xb568f1adae3f4664b097dc051011b7a35e5f10ca,,,,,,,2630625982006,0x8df0f54F762B2d40DA738C6A1dFaF1F01E554a16
0xb568f1adae3f4664b097dc051011b7a35e5f10ca,,,,,,,2635929997630,0x21b8fa0E0eD5b98Ba21f406291BF433cf4682641
0xb573fac66f47f6279b233cc312e283c412dee47d,,,,,,,1757643507964,0x8df0f54F762B2d40DA738C6A1dFaF1F01E554a16
0xb573fac66f47f6279b233cc312e283c412dee47d,,,,,,,1761187367369,0x21b8fa0E0eD5b98Ba21f406291BF433cf4682641
0xb59091d0195487d0c272800278373ed32c033a5e,,,,,,,310066984978795,0x8df0f54F762B2d40DA738C6A1dFaF1F01E554a16
0xb59091d0195487d0c272800278373ed32c033a5e,,,,,,,310692159421659,0x21b8fa0E0eD5b98Ba21f406291BF433cf4682641
0xb592281b6721c61d81dfa554c4bab7449ad71a09,,,,,,,280343905510451,0x8df0f54F762B2d40DA738C6A1dFaF1F01E554a16
0xb592281b6721c61d81dfa554c4bab7449ad71a09,,,,,,,280909150613698,0x21b8fa0E0eD5b98Ba21f406291BF433cf4682641
0xb5b08083bd022c6ad41950bdb486fd16817ae509,,,,,,,116236958213241,0x8df0f54F762B2d40DA738C6A1dFaF1F01E554a16
0xb5b08083bd022c6ad41950bdb486fd16817ae509,,,,,,,116471321686657,0x21b8fa0E0eD5b98Ba21f406291BF433cf4682641
0xb5ba5d17c9207720dbf87fbe8d76759631d2b3c0,,,,,,,108266764236087,0x8df0f54F762B2d40DA738C6A1dFaF1F01E554a16
0xb5ba5d17c9207720dbf87fbe8d76759631d2b3c0,,,,,,,108485057757459,0x21b8fa0E0eD5b98Ba21f406291BF433cf4682641
0xb5ed8849596cf090fad90b0045fe56aff5ecfc54,,,,,,,739771475107,0x8df0f54F762B2d40DA738C6A1dFaF1F01E554a16
0xb5ed8849596cf090fad90b0045fe56aff5ecfc54,,,,,,,741263043840,0x21b8fa0E0eD5b98Ba21f406291BF433cf4682641
0xb6e69cd90f8c82f5ad1ea848d0db6d9f56d62a01,,,,,,,144345237706782,0x8df0f54F762B2d40DA738C6A1dFaF1F01E554a16
0xb6e69cd90f8c82f5ad1ea848d0db6d9f56d62a01,,,,,,,144636274669552,0x21b8fa0E0eD5b98Ba21f406291BF433cf4682641
0xb7034e85366ed253c123505c558f41f4d6236f9b,,,,,,,95099041187702,0x8df0f54F762B2d40DA738C6A1dFaF1F01E554a16
0xb7034e85366ed253c123505c558f41f4d6236f9b,,,,,,,95290785207451,0x21b8fa0E0eD5b98Ba21f406291BF433cf4682641
0xb73a511319415a2d86abb7585ea13fc066561108,,,,,,,261566929828324,0x8df0f54F762B2d40DA738C6A1dFaF1F01E554a16
0xb73a511319415a2d86abb7585ea13fc066561108,,,,,,,262094315740237,0x21b8fa0E0eD5b98Ba21f406291BF433cf4682641
0xb7c215473e46a61cf6928e02069d1817db9b1712,,,,,,,34072691889294440000,0x8df0f54F762B2d40DA738C6A1dFaF1F01E554a16
0xb7c215473e46a61cf6928e02069d1817db9b1712,,,,,,,34141391161389543000,0x21b8fa0E0eD5b98Ba21f406291BF433cf4682641
0xb7d2f32e0d7a5d2968676529ecd33cb5d4bb5f01,,,,,,,28723215228180,0x8df0f54F762B2d40DA738C6A1dFaF1F01E554a16
0xb7d2f32e0d7a5d2968676529ecd33cb5d4bb5f01,,,,,,,28781128585446,0x21b8fa0E0eD5b98Ba21f406291BF433cf4682641
0xb7d6e4ad3c3bef48c9e1cb4856b5ddfc98e3466c,,,,,,,1959346446404472,0x8df0f54F762B2d40DA738C6A1dFaF1F01E554a16
0xb7d6e4ad3c3bef48c9e1cb4856b5ddfc98e3466c,,,,,,,1963296990584764,0x21b8fa0E0eD5b98Ba21f406291BF433cf4682641
0xb81b84bb08dbf3a8f282aa09a0b9b31f4093cc9d,,,,,,,149261349252810,0x8df0f54F762B2d40DA738C6A1dFaF1F01E554a16
0xb81b84bb08dbf3a8f282aa09a0b9b31f4093cc9d,,,,,,,149562298355361,0x21b8fa0E0eD5b98Ba21f406291BF433cf4682641
0xb828fa38e1a150a1795539692aced1b19358cd21,,,,,,,37525772831524,0x8df0f54F762B2d40DA738C6A1dFaF1F01E554a16
0xb828fa38e1a150a1795539692aced1b19358cd21,,,,,,,37601434399055,0x21b8fa0E0eD5b98Ba21f406291BF433cf4682641
0xb84848de993b0ecf356036c552eed3abdade6ed3,,,,,,,1658763459624,0x8df0f54F762B2d40DA738C6A1dFaF1F01E554a16
0xb84848de993b0ecf356036c552eed3abdade6ed3,,,,,,,1662107951530,0x21b8fa0E0eD5b98Ba21f406291BF433cf4682641
0xb8950c47e8b9e539601cb47a167de8bf4cb1289e,,,,,,,34072691889294440000,0x8df0f54F762B2d40DA738C6A1dFaF1F01E554a16
0xb8950c47e8b9e539601cb47a167de8bf4cb1289e,,,,,,,34141391161389543000,0x21b8fa0E0eD5b98Ba21f406291BF433cf4682641
0xb91d5a05ec5298d69cde53ab688ffab63bf16a0e,,,,,,,68145383788367750000,0x8df0f54F762B2d40DA738C6A1dFaF1F01E554a16
0xb91d5a05ec5298d69cde53ab688ffab63bf16a0e,,,,,,,68282782332577680000,0x21b8fa0E0eD5b98Ba21f406291BF433cf4682641
0xb938ace26be1932a8ac464b027e3ae98e1d82109,,,,,,,21154988778790,0x8df0f54F762B2d40DA738C6A1dFaF1F01E554a16
0xb938ace26be1932a8ac464b027e3ae98e1d82109,,,,,,,21197642653483,0x21b8fa0E0eD5b98Ba21f406291BF433cf4682641
0xb9583576d32d34f5c533ac9d52f3ac2b2fb314b6,,,,,,,135162871639184,0x8df0f54F762B2d40DA738C6A1dFaF1F01E554a16
0xb9583576d32d34f5c533ac9d52f3ac2b2fb314b6,,,,,,,135435394600565,0x21b8fa0E0eD5b98Ba21f406291BF433cf4682641
0xb986f24a3658b5ee7dd5885c32c7c4ad7b982175,,,,,,,74051647004708,0x8df0f54F762B2d40DA738C6A1dFaF1F01E554a16
0xb986f24a3658b5ee7dd5885c32c7c4ad7b982175,,,,,,,74200954088023,0x21b8fa0E0eD5b98Ba21f406291BF433cf4682641
0xb9d1ec7913605b2b3db67546a05efad9960e21b9,,,,,,,34072691889294440000,0x8df0f54F762B2d40DA738C6A1dFaF1F01E554a16
0xb9d1ec7913605b2b3db67546a05efad9960e21b9,,,,,,,34141391161389543000,0x21b8fa0E0eD5b98Ba21f406291BF433cf4682641
0xb9ed56cb5b6c6fe436c77d43b03903f572b052e3,,,,,,,34072691889294440000,0x8df0f54F762B2d40DA738C6A1dFaF1F01E554a16
0xb9ed56cb5b6c6fe436c77d43b03903f572b052e3,,,,,,,34141391161389543000,0x21b8fa0E0eD5b98Ba21f406291BF433cf4682641
0xb9f4d99371bda02012b6229c01cd8b846168040e,,,,,,,294138415957,0x8df0f54F762B2d40DA738C6A1dFaF1F01E554a16
0xb9f4d99371bda02012b6229c01cd8b846168040e,,,,,,,294731474325,0x21b8fa0E0eD5b98Ba21f406291BF433cf4682641
0xba00d14d32a2fec5478162062543e7e84998e0aa,,,,,,,68145383788367750000,0x8df0f54F762B2d40DA738C6A1dFaF1F01E554a16
0xba00d14d32a2fec5478162062543e7e84998e0aa,,,,,,,68282782332577680000,0x21b8fa0E0eD5b98Ba21f406291BF433cf4682641
0xba1cf8a6709a907aa8708b4d05701c1991a7f259,,,,,,,34072691889294440000,0x8df0f54F762B2d40DA738C6A1dFaF1F01E554a16
0xba1cf8a6709a907aa8708b4d05701c1991a7f259,,,,,,,34141391161389543000,0x21b8fa0E0eD5b98Ba21f406291BF433cf4682641
0xba8cab38a35cee7001e84ba2a4a2be1fd5125c14,,,,,,,1226168651513735940,0x8df0f54F762B2d40DA738C6A1dFaF1F01E554a16
0xba8cab38a35cee7001e84ba2a4a2be1fd5125c14,,,,,,,1228640921509265660,0x21b8fa0E0eD5b98Ba21f406291BF433cf4682641
0xbb0b8a93221ce873ab3cae030646537378bbcf6b,,,,,,,161845033966556,0x8df0f54F762B2d40DA738C6A1dFaF1F01E554a16
0xbb0b8a93221ce873ab3cae030646537378bbcf6b,,,,,,,162171354999888,0x21b8fa0E0eD5b98Ba21f406291BF433cf4682641
0xbb2389247e4ff2c5049854cff0e98c7d56a736db,,,,,,,95128498929345,0x8df0f54F762B2d40DA738C6A1dFaF1F01E554a16
0xbb2389247e4ff2c5049854cff0e98c7d56a736db,,,,,,,95320302343445,0x21b8fa0E0eD5b98Ba21f406291BF433cf4682641
0xbb338d474184297b1f38025cab983bfe9cf7fc12,,,,,,,34072691889294440000,0x8df0f54F762B2d40DA738C6A1dFaF1F01E554a16
0xbb338d474184297b1f38025cab983bfe9cf7fc12,,,,,,,34141391161389543000,0x21b8fa0E0eD5b98Ba21f406291BF433cf4682641
0xbb557a02f52e01a5fa4b57573bbe9631a1906df9,,,,,,,34072691889294440000,0x8df0f54F762B2d40DA738C6A1dFaF1F01E554a16
0xbb557a02f52e01a5fa4b57573bbe9631a1906df9,,,,,,,34141391161389543000,0x21b8fa0E0eD5b98Ba21f406291BF433cf4682641
0xbb68707c223f937806c2f96233907656f01ebb82,,,,,,,287739046153059,0x8df0f54F762B2d40DA738C6A1dFaF1F01E554a16
0xbb68707c223f937806c2f96233907656f01ebb82,,,,,,,288319201753570,0x21b8fa0E0eD5b98Ba21f406291BF433cf4682641
0xbbbf18a1728abec13e413aea053206c37c4bb1dd,,,,,,,34072691889294440000,0x8df0f54F762B2d40DA738C6A1dFaF1F01E554a16
0xbbbf18a1728abec13e413aea053206c37c4bb1dd,,,,,,,34141391161389543000,0x21b8fa0E0eD5b98Ba21f406291BF433cf4682641
0xbbec1d91398077d3fb763598c8cd3f2b9742d41e,,,,,,,566600336047410,0x8df0f54F762B2d40DA738C6A1dFaF1F01E554a16
0xbbec1d91398077d3fb763598c8cd3f2b9742d41e,,,,,,,567742747418422,0x21b8fa0E0eD5b98Ba21f406291BF433cf4682641
0xbbfc128b332418969a3fa37d7cf866055401cfa4,,,,,,,34072691889294440000,0x8df0f54F762B2d40DA738C6A1dFaF1F01E554a16
0xbbfc128b332418969a3fa37d7cf866055401cfa4,,,,,,,34141391161389543000,0x21b8fa0E0eD5b98Ba21f406291BF433cf4682641
0xbc44ccb8f69032372cb0661480aca53351e468cd,,,,,,,34072691889294440000,0x8df0f54F762B2d40DA738C6A1dFaF1F01E554a16
0xbc44ccb8f69032372cb0661480aca53351e468cd,,,,,,,34141391161389543000,0x21b8fa0E0eD5b98Ba21f406291BF433cf4682641
0xbcbdaab5731aa89e0034804549e8fcd966b127d1,,,,,,,117918784213522,0x8df0f54F762B2d40DA738C6A1dFaF1F01E554a16
0xbcbdaab5731aa89e0034804549e8fcd966b127d1,,,,,,,118156538678832,0x21b8fa0E0eD5b98Ba21f406291BF433cf4682641
0xbcd4a7c5d37f26b872b8c0c808b0be038d63d084,,,,,,,113903592578310,0x8df0f54F762B2d40DA738C6A1dFaF1F01E554a16
0xbcd4a7c5d37f26b872b8c0c808b0be038d63d084,,,,,,,114133251389083,0x21b8fa0E0eD5b98Ba21f406291BF433cf4682641
0xbcf3e665c04e9cad40ffdabe4eb665af1b1ccd39,,,,,,,5239739928489,0x8df0f54F762B2d40DA738C6A1dFaF1F01E554a16
0xbcf3e665c04e9cad40ffdabe4eb665af1b1ccd39,,,,,,,5250304585964,0x21b8fa0E0eD5b98Ba21f406291BF433cf4682641
0xbcfb4414c471109315bc4be1413b38d56d74300e,,,,,,,22966013529631,0x8df0f54F762B2d40DA738C6A1dFaF1F01E554a16
0xbcfb4414c471109315bc4be1413b38d56d74300e,,,,,,,23012318893983,0x21b8fa0E0eD5b98Ba21f406291BF433cf4682641
0xbcfe7e7d2d7ff23844a0de610efa1eb26b787f7e,,,,,,,9806611750414,0x8df0f54F762B2d40DA738C6A1dFaF1F01E554a16
0xbcfe7e7d2d7ff23844a0de610efa1eb26b787f7e,,,,,,,9826384390954,0x21b8fa0E0eD5b98Ba21f406291BF433cf4682641
0xbd286ac236fa0752ae4bea89a8b6936ea197fc56,,,,,,,34072691889294440000,0x8df0f54F762B2d40DA738C6A1dFaF1F01E554a16
0xbd286ac236fa0752ae4bea89a8b6936ea197fc56,,,,,,,34141391161389543000,0x21b8fa0E0eD5b98Ba21f406291BF433cf4682641
0xbdf21a89ac93b778b416d812f2521d3dcaac9114,,,,,,,315341649402715,0x8df0f54F762B2d40DA738C6A1dFaF1F01E554a16
0xbdf21a89ac93b778b416d812f2521d3dcaac9114,,,,,,,315977458919780,0x21b8fa0E0eD5b98Ba21f406291BF433cf4682641
0xbdfe0e381933666ac1417189495be2ac6921ced1,,,,,,,34072691889294440000,0x8df0f54F762B2d40DA738C6A1dFaF1F01E554a16
0xbdfe0e381933666ac1417189495be2ac6921ced1,,,,,,,34141391161389543000,0x21b8fa0E0eD5b98Ba21f406291BF433cf4682641
0xbe09a9497476014febb99b53d6ab42769b5695fd,,,,,,,314743567102106,0x8df0f54F762B2d40DA738C6A1dFaF1F01E554a16
0xbe09a9497476014febb99b53d6ab42769b5695fd,,,,,,,315378170732098,0x21b8fa0E0eD5b98Ba21f406291BF433cf4682641
0xbe5955ba42c678d91742985a2e6e19e9e90f4759,,,,,,,684288530116,0x8df0f54F762B2d40DA738C6A1dFaF1F01E554a16
0xbe5955ba42c678d91742985a2e6e19e9e90f4759,,,,,,,685668231024,0x21b8fa0E0eD5b98Ba21f406291BF433cf4682641
0xbe6264811079a938c42c95f4782c5d6ffee9a3e9,,,,,,,147678972719240,0x8df0f54F762B2d40DA738C6A1dFaF1F01E554a16
0xbe6264811079a938c42c95f4782c5d6ffee9a3e9,,,,,,,147976731345489,0x21b8fa0E0eD5b98Ba21f406291BF433cf4682641
0xbe6d84a503908f7ade8471d4f4b5bed5ecca4643,,,,,,,34072691889294440000,0x8df0f54F762B2d40DA738C6A1dFaF1F01E554a16
0xbe6d84a503908f7ade8471d4f4b5bed5ecca4643,,,,,,,34141391161389543000,0x21b8fa0E0eD5b98Ba21f406291BF433cf4682641
0xbe6e0481e9fce3145977da0fa41d10269138d2a6,,,,,,,26001145886108,0x8df0f54F762B2d40DA738C6A1dFaF1F01E554a16
0xbe6e0481e9fce3145977da0fa41d10269138d2a6,,,,,,,26053570854520,0x21b8fa0E0eD5b98Ba21f406291BF433cf4682641
0xbeb6350757fb9048cf517c540329d665a8960d4d,,,,,,,68145383788367750000,0x8df0f54F762B2d40DA738C6A1dFaF1F01E554a16
0xbeb6350757fb9048cf517c540329d665a8960d4d,,,,,,,68282782332577680000,0x21b8fa0E0eD5b98Ba21f406291BF433cf4682641
0xbec014cc4e0c131dfe70f7dd1f0949cce901b26e,,,,,,,133869834041754,0x8df0f54F762B2d40DA738C6A1dFaF1F01E554a16
0xbec014cc4e0c131dfe70f7dd1f0949cce901b26e,,,,,,,134139749908221,0x21b8fa0E0eD5b98Ba21f406291BF433cf4682641
0xbf00649d46e93b46f493505de79a2e5e48c89e68,,,,,,,126895994494287,0x8df0f54F762B2d40DA738C6A1dFaF1F01E554a16
0xbf00649d46e93b46f493505de79a2e5e48c89e68,,,,,,,127151849314383,0x21b8fa0E0eD5b98Ba21f406291BF433cf4682641
0xbf405161a52a63e8c069931097a7a599e8bbe200,,,,,,,114759138027761,0x8df0f54F762B2d40DA738C6A1dFaF1F01E554a16
0xbf405161a52a63e8c069931097a7a599e8bbe200,,,,,,,114990521837246,0x21b8fa0E0eD5b98Ba21f406291BF433cf4682641
0xbf4d1e84c85f738bf3cea5d426a17809687124bb,,,,,,,86527551534448,0x8df0f54F762B2d40DA738C6A1dFaF1F01E554a16
0xbf4d1e84c85f738bf3cea5d426a17809687124bb,,,,,,,86702013236092,0x21b8fa0E0eD5b98Ba21f406291BF433cf4682641
0xbf54a6f732cb062a2ddc177dc385685812b53ec2,,,,,,,103492321956005,0x8df0f54F762B2d40DA738C6A1dFaF1F01E554a16
0xbf54a6f732cb062a2ddc177dc385685812b53ec2,,,,,,,103700988979113,0x21b8fa0E0eD5b98Ba21f406291BF433cf4682641
0xbf67e0e425ccb09f192d73bcefc9b5edda5f3352,,,,,,,15144819552701,0x8df0f54F762B2d40DA738C6A1dFaF1F01E554a16
0xbf67e0e425ccb09f192d73bcefc9b5edda5f3352,,,,,,,15175355387166,0x21b8fa0E0eD5b98Ba21f406291BF433cf4682641
0xc007e37b4d85a24669f7784f26712739586c5a4c,,,,,,,68145383788367750000,0x8df0f54F762B2d40DA738C6A1dFaF1F01E554a16
0xc007e37b4d85a24669f7784f26712739586c5a4c,,,,,,,68282782332577680000,0x21b8fa0E0eD5b98Ba21f406291BF433cf4682641
0xc11b75d7856eb08044f6af3b622deb4ea007dff2,,,,,,,89325776660895,0x8df0f54F762B2d40DA738C6A1dFaF1F01E554a16
0xc11b75d7856eb08044f6af3b622deb4ea007dff2,,,,,,,89505880300956,0x21b8fa0E0eD5b98Ba21f406291BF433cf4682641
0xc1328745ee9a2a5d2ad735a06deb0f77209a9cdc,,,,,,,113057112606748,0x8df0f54F762B2d40DA738C6A1dFaF1F01E554a16
0xc1328745ee9a2a5d2ad735a06deb0f77209a9cdc,,,,,,,113285064697134,0x21b8fa0E0eD5b98Ba21f406291BF433cf4682641
0xc14b673b8a5353557938375937535a6f655aa852,,,,,,,1897241246918591,0x8df0f54F762B2d40DA738C6A1dFaF1F01E554a16
0xc14b673b8a5353557938375937535a6f655aa852,,,,,,,1901066571112981,0x21b8fa0E0eD5b98Ba21f406291BF433cf4682641
0xc1bb5aa56c8db9aeba0eeb89889e5265ebd6bfa5,,,,,,,113950634802812,0x8df0f54F762B2d40DA738C6A1dFaF1F01E554a16
0xc1bb5aa56c8db9aeba0eeb89889e5265ebd6bfa5,,,,,,,114180388462757,0x21b8fa0E0eD5b98Ba21f406291BF433cf4682641
0xc1e8bcd06f0336bdae77bafe980d6c67c07ebb3c,,,,,,,69788612944723,0x8df0f54F762B2d40DA738C6A1dFaF1F01E554a16
0xc1e8bcd06f0336bdae77bafe980d6c67c07ebb3c,,,,,,,69929324659706,0x21b8fa0E0eD5b98Ba21f406291BF433cf4682641
0xc1f420a783810fd23d3e501b4798ce6bc83b1bc9,,,,,,,536771632930056,0x8df0f54F762B2d40DA738C6A1dFaF1F01E554a16
0xc1f420a783810fd23d3e501b4798ce6bc83b1bc9,,,,,,,537853901997126,0x21b8fa0E0eD5b98Ba21f406291BF433cf4682641
0xc228dc9344567c2119e0ad8bccea9bbdc86e7f63,,,,,,,95305277604065,0x8df0f54F762B2d40DA738C6A1dFaF1F01E554a16
0xc228dc9344567c2119e0ad8bccea9bbdc86e7f63,,,,,,,95497437449242,0x21b8fa0E0eD5b98Ba21f406291BF433cf4682641
0xc22c2b5b6acd37561203198d07d7e09b4dc0d1b2,,,,,,,144752310091326,0x8df0f54F762B2d40DA738C6A1dFaF1F01E554a16
0xc22c2b5b6acd37561203198d07d7e09b4dc0d1b2,,,,,,,145044167816265,0x21b8fa0E0eD5b98Ba21f406291BF433cf4682641
0xc23ed3f9141304e3e618de32eb42681e4e75fcee,,,,,,,72527985010309376,0x8df0f54F762B2d40DA738C6A1dFaF1F01E554a16
0xc23ed3f9141304e3e618de32eb42681e4e75fcee,,,,,,,72674220000867856,0x21b8fa0E0eD5b98Ba21f406291BF433cf4682641
0xc2ae169de09bdb093d12b36d14479bbad692e509,,,,,,,263524082348771,0x8df0f54F762B2d40DA738C6A1dFaF1F01E554a16
0xc2ae169de09bdb093d12b36d14479bbad692e509,,,,,,,264055414381347,0x21b8fa0E0eD5b98Ba21f406291BF433cf4682641
0xc2ba670fae96628892df92272ed90a3ffe259592,,,,,,,355352670391723,0x8df0f54F762B2d40DA738C6A1dFaF1F01E554a16
0xc2ba670fae96628892df92272ed90a3ffe259592,,,,,,,356069152373020,0x21b8fa0E0eD5b98Ba21f406291BF433cf4682641
0xc313d664353f5f3d8333e9ede3d7d76390d672b2,,,,,,,271523795649110,0x8df0f54F762B2d40DA738C6A1dFaF1F01E554a16
0xc313d664353f5f3d8333e9ede3d7d76390d672b2,,,,,,,272071257152245,0x21b8fa0E0eD5b98Ba21f406291BF433cf4682641
0xc31f11c815ea6d75ce6d2289e51e552e34618b31,,,,,,,103846361497357,0x8df0f54F762B2d40DA738C6A1dFaF1F01E554a16
0xc31f11c815ea6d75ce6d2289e51e552e34618b31,,,,,,,104055742354842,0x21b8fa0E0eD5b98Ba21f406291BF433cf4682641
0xc425de73a1861ce0e65cc18531fbb185aaf24e46,,,,,,,34072691889294440000,0x8df0f54F762B2d40DA738C6A1dFaF1F01E554a16
0xc425de73a1861ce0e65cc18531fbb185aaf24e46,,,,,,,34141391161389543000,0x21b8fa0E0eD5b98Ba21f406291BF433cf4682641
0xc42ae9062fba871ecd7e65cc32a4a4c0651036aa,,,,,,,100246981089329,0x8df0f54F762B2d40DA738C6A1dFaF1F01E554a16
0xc42ae9062fba871ecd7e65cc32a4a4c0651036aa,,,,,,,100449104674192,0x21b8fa0E0eD5b98Ba21f406291BF433cf4682641
0xc4456a785044d94a0324d4206d18d89c806ddf42,,,,,,,220209226295036,0x8df0f54F762B2d40DA738C6A1dFaF1F01E554a16
0xc4456a785044d94a0324d4206d18d89c806ddf42,,,,,,,220653224485853,0x21b8fa0E0eD5b98Ba21f406291BF433cf4682641
0xc49652b682f72b46c44279b42a539f69c5f7efcd,,,,,,,90804911148332,0x8df0f54F762B2d40DA738C6A1dFaF1F01E554a16
0xc49652b682f72b46c44279b42a539f69c5f7efcd,,,,,,,90987997102293,0x21b8fa0E0eD5b98Ba21f406291BF433cf4682641
0xc4e5b1153b8c334d60ef83226b83a1a0ba811543,,,,,,,1407181601144,0x8df0f54F762B2d40DA738C6A1dFaF1F01E554a16
0xc4e5b1153b8c334d60ef83226b83a1a0ba811543,,,,,,,1410018839599,0x21b8fa0E0eD5b98Ba21f406291BF433cf4682641
0xc4e6c10acb2b10cc320c5e963978e8023da93e9c,,,,,,,118076877698583,0x8df0f54F762B2d40DA738C6A1dFaF1F01E554a16
0xc4e6c10acb2b10cc320c5e963978e8023da93e9c,,,,,,,118314950920843,0x21b8fa0E0eD5b98Ba21f406291BF433cf4682641
0xc55201a231d405182785efeccaf7babaa77fb70d,,,,,,,524068462309057,0x8df0f54F762B2d40DA738C6A1dFaF1F01E554a16
0xc55201a231d405182785efeccaf7babaa77fb70d,,,,,,,525125118531160,0x21b8fa0E0eD5b98Ba21f406291BF433cf4682641
0xc5e7e12416fe85facac78b26cf207a1f20c4a916,,,,,,,2616535112834,0x8df0f54F762B2d40DA738C6A1dFaF1F01E554a16
0xc5e7e12416fe85facac78b26cf207a1f20c4a916,,,,,,,2621810717657,0x21b8fa0E0eD5b98Ba21f406291BF433cf4682641
0xc62fc063bb46bd5e3e6e53de7e9e523dc036964c,,,,,,,6131707242575321,0x8df0f54F762B2d40DA738C6A1dFaF1F01E554a16
0xc62fc063bb46bd5e3e6e53de7e9e523dc036964c,,,,,,,6144070334567990,0x21b8fa0E0eD5b98Ba21f406291BF433cf4682641
0xc653e9188532238a36dd2c02d63ee1931f3e46f0,,,,,,,34072691889294440000,0x8df0f54F762B2d40DA738C6A1dFaF1F01E554a16
0xc653e9188532238a36dd2c02d63ee1931f3e46f0,,,,,,,34141391161389543000,0x21b8fa0E0eD5b98Ba21f406291BF433cf4682641
0xc67d9d48243cdbbfb87c75e0e32fd8ccc6b81fb2,,,,,,,13709324108152,0x8df0f54F762B2d40DA738C6A1dFaF1F01E554a16
0xc67d9d48243cdbbfb87c75e0e32fd8ccc6b81fb2,,,,,,,13736965616202,0x21b8fa0E0eD5b98Ba21f406291BF433cf4682641
0xc73d1f2de4b17be53cb4792ca56e7716cd070495,,,,,,,34072691889294440000,0x8df0f54F762B2d40DA738C6A1dFaF1F01E554a16
0xc73d1f2de4b17be53cb4792ca56e7716cd070495,,,,,,,34141391161389543000,0x21b8fa0E0eD5b98Ba21f406291BF433cf4682641
0xc7480bff1850ad8dbd8ad22b3948cf34b58e2cca,,,,,,,1973888865188,0x8df0f54F762B2d40DA738C6A1dFaF1F01E554a16
0xc7480bff1850ad8dbd8ad22b3948cf34b58e2cca,,,,,,,1977868730608,0x21b8fa0E0eD5b98Ba21f406291BF433cf4682641
0xc7633c8da4783ed7f08802dea2c0eebaedd40010,,,,,,,31783765070978,0x8df0f54F762B2d40DA738C6A1dFaF1F01E554a16
0xc7633c8da4783ed7f08802dea2c0eebaedd40010,,,,,,,31847849280465,0x21b8fa0E0eD5b98Ba21f406291BF433cf4682641
0xc771a77617fba4403e70e1fe0b1d4131e00ae273,,,,,,,34072691889294440000,0x8df0f54F762B2d40DA738C6A1dFaF1F01E554a16
0xc771a77617fba4403e70e1fe0b1d4131e00ae273,,,,,,,34141391161389543000,0x21b8fa0E0eD5b98Ba21f406291BF433cf4682641
0xc7da7629753d4fc5c97aa3d87abb89cb53dcf39c,,,,,,,323251405567114,0x8df0f54F762B2d40DA738C6A1dFaF1F01E554a16
0xc7da7629753d4fc5c97aa3d87abb89cb53dcf39c,,,,,,,323903163178116,0x21b8fa0E0eD5b98Ba21f406291BF433cf4682641
0xc7f8f0838229d92cdc3630ecd9e5279173f7dd6e,,,,,,,433148769239720,0x8df0f54F762B2d40DA738C6A1dFaF1F01E554a16
0xc7f8f0838229d92cdc3630ecd9e5279173f7dd6e,,,,,,,434022108078117,0x21b8fa0E0eD5b98Ba21f406291BF433cf4682641
0xc803873e46b09d6233ad8080bc94633de39ae308,,,,,,,111980617982543,0x8df0f54F762B2d40DA738C6A1dFaF1F01E554a16
0xc803873e46b09d6233ad8080bc94633de39ae308,,,,,,,112206399584101,0x21b8fa0E0eD5b98Ba21f406291BF433cf4682641
0xc8bd837f3e2c3923db1415def0bb8c17f6fe3ec9,,,,,,,241174027144814,0x8df0f54F762B2d40DA738C6A1dFaF1F01E554a16
0xc8bd837f3e2c3923db1415def0bb8c17f6fe3ec9,,,,,,,241660295742755,0x21b8fa0E0eD5b98Ba21f406291BF433cf4682641
0xc9611e0c3108faec9f75b31aca8658e564a2de36,,,,,,,101425564244586,0x8df0f54F762B2d40DA738C6A1dFaF1F01E554a16
0xc9611e0c3108faec9f75b31aca8658e564a2de36,,,,,,,101630064154898,0x21b8fa0E0eD5b98Ba21f406291BF433cf4682641
0xc990ca8ec9bb0a5f38cea6c2e8447e454ddbda6e,,,,,,,102720015855456,0x8df0f54F762B2d40DA738C6A1dFaF1F01E554a16
0xc990ca8ec9bb0a5f38cea6c2e8447e454ddbda6e,,,,,,,102927125711695,0x21b8fa0E0eD5b98Ba21f406291BF433cf4682641
0xc9c4c1001d52ec8fe480bf9952c58b3f3839bf20,,,,,,,1302456705216,0x8df0f54F762B2d40DA738C6A1dFaF1F01E554a16
0xc9c4c1001d52ec8fe480bf9952c58b3f3839bf20,,,,,,,1305082791464,0x21b8fa0E0eD5b98Ba21f406291BF433cf4682641
0xc9d41f7f849e4b760626dbab2d942de33d75bf41,,,,,,,200893781438538,0x8df0f54F762B2d40DA738C6A1dFaF1F01E554a16
0xc9d41f7f849e4b760626dbab2d942de33d75bf41,,,,,,,201298834746275,0x21b8fa0E0eD5b98Ba21f406291BF433cf4682641
0xc9e33704edf94a3ab57b25677ececd7fad9f83f0,,,,,,,102266226025777,0x8df0f54F762B2d40DA738C6A1dFaF1F01E554a16
0xc9e33704edf94a3ab57b25677ececd7fad9f83f0,,,,,,,102472420925514,0x21b8fa0E0eD5b98Ba21f406291BF433cf4682641
0xca4157455a6e4fa063cc17389e44ed4d18cf9324,,,,,,,19700206163917,0x8df0f54F762B2d40DA738C6A1dFaF1F01E554a16
0xca4157455a6e4fa063cc17389e44ed4d18cf9324,,,,,,,19739926824321,0x21b8fa0E0eD5b98Ba21f406291BF433cf4682641
0xca6817dab36850d58375a10c78703ce49d41d25a,,,,,,,68145383788367750000,0x8df0f54F762B2d40DA738C6A1dFaF1F01E554a16
0xca6817dab36850d58375a10c78703ce49d41d25a,,,,,,,68282782332577680000,0x21b8fa0E0eD5b98Ba21f406291BF433cf4682641
0xcaa911b9900e2d7928baf991bb349dc0e8d443b5,,,,,,,166837722750911,0x8df0f54F762B2d40DA738C6A1dFaF1F01E554a16
0xcaa911b9900e2d7928baf991bb349dc0e8d443b5,,,,,,,167174110323347,0x21b8fa0E0eD5b98Ba21f406291BF433cf4682641
0xcadb094f8711df4ce2ae4bdf41e3e19d7a521266,,,,,,,34072691889294440000,0x8df0f54F762B2d40DA738C6A1dFaF1F01E554a16
0xcadb094f8711df4ce2ae4bdf41e3e19d7a521266,,,,,,,34141391161389543000,0x21b8fa0E0eD5b98Ba21f406291BF433cf4682641
0xcae2fda51a1116c6a3025d55fd08a8a704e91dc9,,,,,,,93325642927908,0x8df0f54F762B2d40DA738C6A1dFaF1F01E554a16
0xcae2fda51a1116c6a3025d55fd08a8a704e91dc9,,,,,,,93513811322639,0x21b8fa0E0eD5b98Ba21f406291BF433cf4682641
0xcb0846eb4d89fa6d801bd219066ed55e3638abae,,,,,,,108973199513404,0x8df0f54F762B2d40DA738C6A1dFaF1F01E554a16
0xcb0846eb4d89fa6d801bd219066ed55e3638abae,,,,,,,109192917389197,0x21b8fa0E0eD5b98Ba21f406291BF433cf4682641
0xcb825c63bdd48f46c8ed2559fc32dd8890876b39,,,,,,,88564127035341,0x8df0f54F762B2d40DA738C6A1dFaF1F01E554a16
0xcb825c63bdd48f46c8ed2559fc32dd8890876b39,,,,,,,88742694994716,0x21b8fa0E0eD5b98Ba21f406291BF433cf4682641
0xcb9592d22f8741186b6a138ed9eadb3760b7c021,,,,,,,1232952402274,0x8df0f54F762B2d40DA738C6A1dFaF1F01E554a16
0xcb9592d22f8741186b6a138ed9eadb3760b7c021,,,,,,,1235438350048,0x21b8fa0E0eD5b98Ba21f406291BF433cf4682641
0xcbe4a1d4e98d8c330dfdb461001e7dc2c458f4ff,,,,,,,34072691889294440000,0x8df0f54F762B2d40DA738C6A1dFaF1F01E554a16
0xcbe4a1d4e98d8c330dfdb461001e7dc2c458f4ff,,,,,,,34141391161389543000,0x21b8fa0E0eD5b98Ba21f406291BF433cf4682641
0xcbedbbbfc5719919f641210e4421d41b231e158c,,,,,,,1652682577578,0x8df0f54F762B2d40DA738C6A1dFaF1F01E554a16
0xcbedbbbfc5719919f641210e4421d41b231e158c,,,,,,,1656014808869,0x21b8fa0E0eD5b98Ba21f406291BF433cf4682641
0xcc165987007ada429807b7c7f29b050683bc8cb7,,,,,,,34072691889294440000,0x8df0f54F762B2d40DA738C6A1dFaF1F01E554a16
0xcc165987007ada429807b7c7f29b050683bc8cb7,,,,,,,34141391161389543000,0x21b8fa0E0eD5b98Ba21f406291BF433cf4682641
0xcca8e5beece02affa32e6267835221f35bb7cb23,,,,,,,112630621959117,0x8df0f54F762B2d40DA738C6A1dFaF1F01E554a16
0xcca8e5beece02affa32e6267835221f35bb7cb23,,,,,,,112857714135144,0x21b8fa0E0eD5b98Ba21f406291BF433cf4682641
0xccf2daba8bb04a232a2fda0d01010d4ef6c69b85,,,,,,,158751248595739500000000,0x8df0f54F762B2d40DA738C6A1dFaF1F01E554a16
0xccf2daba8bb04a232a2fda0d01010d4ef6c69b85,,,,,,,158586654823832970000000,0x21b8fa0E0eD5b98Ba21f406291BF433cf4682641
0xcda5da14611dc814936629d97299a9404247995d,,,,,,,100308072847448,0x8df0f54F762B2d40DA738C6A1dFaF1F01E554a16
0xcda5da14611dc814936629d97299a9404247995d,,,,,,,100510319608939,0x21b8fa0E0eD5b98Ba21f406291BF433cf4682641
0xcda7a5a824f5d71d5e4d48debfd7d2ff5dd1b604,,,,,,,95085800649963,0x8df0f54F762B2d40DA738C6A1dFaF1F01E554a16
0xcda7a5a824f5d71d5e4d48debfd7d2ff5dd1b604,,,,,,,95277517973398,0x21b8fa0E0eD5b98Ba21f406291BF433cf4682641
0xcdaa63e7762d078c07f344eb05b1d6c792fff2e5,,,,,,,75126782111,0x8df0f54F762B2d40DA738C6A1dFaF1F01E554a16
0xcdaa63e7762d078c07f344eb05b1d6c792fff2e5,,,,,,,75278256942,0x21b8fa0E0eD5b98Ba21f406291BF433cf4682641
0xcddc34edcff235ed94cc79c559a540962da0af45,,,,,,,1542769816327,0x8df0f54F762B2d40DA738C6A1dFaF1F01E554a16
0xcddc34edcff235ed94cc79c559a540962da0af45,,,,,,,1545880435345,0x21b8fa0E0eD5b98Ba21f406291BF433cf4682641
0xce098865d5584a9e22dd6318cca410b5f46cb38a,,,,,,,111593040627118,0x8df0f54F762B2d40DA738C6A1dFaF1F01E554a16
0xce098865d5584a9e22dd6318cca410b5f46cb38a,,,,,,,111818040773478,0x21b8fa0E0eD5b98Ba21f406291BF433cf4682641
0xce3f9384e107c37b70d7ce9aae3d6972cf071679,,,,,,,160343065549393,0x8df0f54F762B2d40DA738C6A1dFaF1F01E554a16
0xce3f9384e107c37b70d7ce9aae3d6972cf071679,,,,,,,160666358229776,0x21b8fa0E0eD5b98Ba21f406291BF433cf4682641
0xceb79934f00bd41a8749965b78824fb157bd2e9f,,,,,,,34072691889294440000,0x8df0f54F762B2d40DA738C6A1dFaF1F01E554a16
0xceb79934f00bd41a8749965b78824fb157bd2e9f,,,,,,,34141391161389543000,0x21b8fa0E0eD5b98Ba21f406291BF433cf4682641
0xcef78991df18b131eed7bbf91c3c7da2e78338e5,,,,,,,102218075677662170000,0x8df0f54F762B2d40DA738C6A1dFaF1F01E554a16
0xcef78991df18b131eed7bbf91c3c7da2e78338e5,,,,,,,102424173493967210000,0x21b8fa0E0eD5b98Ba21f406291BF433cf4682641
0xcf106c310c9011cd9f00651f54ba98736f9c807a,,,,,,,23804255578002,0x8df0f54F762B2d40DA738C6A1dFaF1F01E554a16
0xcf106c310c9011cd9f00651f54ba98736f9c807a,,,,,,,23852251052979,0x21b8fa0E0eD5b98Ba21f406291BF433cf4682641
0xcf2e5db58db8d9ece60d1b4e2667c3f84ee21516,,,,,,,34072691889294440000,0x8df0f54F762B2d40DA738C6A1dFaF1F01E554a16
0xcf2e5db58db8d9ece60d1b4e2667c3f84ee21516,,,,,,,34141391161389543000,0x21b8fa0E0eD5b98Ba21f406291BF433cf4682641
0xcfd2952da039d3ab9f185dfdb122bf27aa742152,,,,,,,101166997352046,0x8df0f54F762B2d40DA738C6A1dFaF1F01E554a16
0xcfd2952da039d3ab9f185dfdb122bf27aa742152,,,,,,,101370975925289,0x21b8fa0E0eD5b98Ba21f406291BF433cf4682641
0xd061f0863caa6d5af96781789da8bda834bf1db4,,,,,,,472290171287910,0x8df0f54F762B2d40DA738C6A1dFaF1F01E554a16
0xd061f0863caa6d5af96781789da8bda834bf1db4,,,,,,,473242429216064,0x21b8fa0E0eD5b98Ba21f406291BF433cf4682641
0xd0de469a46c463cd6af6904fc1a0d1a624aebb4e,,,,,,,114237280516598,0x8df0f54F762B2d40DA738C6A1dFaF1F01E554a16
0xd0de469a46c463cd6af6904fc1a0d1a624aebb4e,,,,,,,114467612127705,0x21b8fa0E0eD5b98Ba21f406291BF433cf4682641
0xd0eac4ff30b0589e2d379ddf827d8f2706666c5f,,,,,,,309032155189569410,0x8df0f54F762B2d40DA738C6A1dFaF1F01E554a16
0xd0eac4ff30b0589e2d379ddf827d8f2706666c5f,,,,,,,309655243150581820,0x21b8fa0E0eD5b98Ba21f406291BF433cf4682641
0xd0ebcf4b49a1dfebec5e2dd9e84a523e84e7cdb4,,,,,,,34072691889294440000,0x8df0f54F762B2d40DA738C6A1dFaF1F01E554a16
0xd0ebcf4b49a1dfebec5e2dd9e84a523e84e7cdb4,,,,,,,34141391161389543000,0x21b8fa0E0eD5b98Ba21f406291BF433cf4682641
0xd114b0fc5bcd540cd8a6627705103fb530a4db16,,,,,,,34072691889294440000,0x8df0f54F762B2d40DA738C6A1dFaF1F01E554a16
0xd114b0fc5bcd540cd8a6627705103fb530a4db16,,,,,,,34141391161389543000,0x21b8fa0E0eD5b98Ba21f406291BF433cf4682641
0xd179f69b181b8630642b60b0f1a70fa722e41859,,,,,,,154639111301492,0x8df0f54F762B2d40DA738C6A1dFaF1F01E554a16
0xd179f69b181b8630642b60b0f1a70fa722e41859,,,,,,,154950903349457,0x21b8fa0E0eD5b98Ba21f406291BF433cf4682641
0xd1974322bf4fd3b92c1f01215b22d1182c960227,,,,,,,93052010996813,0x8df0f54F762B2d40DA738C6A1dFaF1F01E554a16
0xd1974322bf4fd3b92c1f01215b22d1182c960227,,,,,,,93239627679499,0x21b8fa0E0eD5b98Ba21f406291BF433cf4682641
0xd248e620bf3d9e915e789714ec2bc38461cecfab,,,,,,,34072691889294440000,0x8df0f54F762B2d40DA738C6A1dFaF1F01E554a16
0xd248e620bf3d9e915e789714ec2bc38461cecfab,,,,,,,34141391161389543000,0x21b8fa0E0eD5b98Ba21f406291BF433cf4682641
0xd2ab7f82cf50a1c201730069f8adc939e7111fcf,,,,,,,1379994446887,0x8df0f54F762B2d40DA738C6A1dFaF1F01E554a16
0xd2ab7f82cf50a1c201730069f8adc939e7111fcf,,,,,,,1382776869077,0x21b8fa0E0eD5b98Ba21f406291BF433cf4682641
0xd2dd2307383b392fe36908fb58bc0258ef560b26,,,,,,,68145383788367750000,0x8df0f54F762B2d40DA738C6A1dFaF1F01E554a16
0xd2dd2307383b392fe36908fb58bc0258ef560b26,,,,,,,68282782332577680000,0x21b8fa0E0eD5b98Ba21f406291BF433cf4682641
0xd2eedf128a46e5cf2ed9f7ad60d7cdfc828abdef,,,,,,,22610572459863,0x8df0f54F762B2d40DA738C6A1dFaF1F01E554a16
0xd2eedf128a46e5cf2ed9f7ad60d7cdfc828abdef,,,,,,,22656161163999,0x21b8fa0E0eD5b98Ba21f406291BF433cf4682641
0xd2f0f0980eb5f426eb92a9b4d053be06c6117f63,,,,,,,10548779338024,0x8df0f54F762B2d40DA738C6A1dFaF1F01E554a16
0xd2f0f0980eb5f426eb92a9b4d053be06c6117f63,,,,,,,10570048378473,0x21b8fa0E0eD5b98Ba21f406291BF433cf4682641
0xd2f931fbaaa5b39f14c147f843bbf1a13186399c,,,,,,,25462714166812,0x8df0f54F762B2d40DA738C6A1dFaF1F01E554a16
0xd2f931fbaaa5b39f14c147f843bbf1a13186399c,,,,,,,25514053518998,0x21b8fa0E0eD5b98Ba21f406291BF433cf4682641
0xd3c5ddb7d775cc0fee00a3da03241535aa548850,,,,,,,179777441235680,0x8df0f54F762B2d40DA738C6A1dFaF1F01E554a16
0xd3c5ddb7d775cc0fee00a3da03241535aa548850,,,,,,,180139918594150,0x21b8fa0E0eD5b98Ba21f406291BF433cf4682641
0xd41fb19bafc0949cfdd8c25675ec4098fef41cb0,,,,,,,102218075677662170000,0x8df0f54F762B2d40DA738C6A1dFaF1F01E554a16
0xd41fb19bafc0949cfdd8c25675ec4098fef41cb0,,,,,,,102424173493967210000,0x21b8fa0E0eD5b98Ba21f406291BF433cf4682641
0xd42f7e082ce42d89797775b5b328c54df7a22726,,,,,,,102218075677662170000,0x8df0f54F762B2d40DA738C6A1dFaF1F01E554a16
0xd42f7e082ce42d89797775b5b328c54df7a22726,,,,,,,102424173493967210000,0x21b8fa0E0eD5b98Ba21f406291BF433cf4682641
0xd495331b106324f41b5d824f8f3ce1fa87a133aa,,,,,,,123021224803535,0x8df0f54F762B2d40DA738C6A1dFaF1F01E554a16
0xd495331b106324f41b5d824f8f3ce1fa87a133aa,,,,,,,123269267095694,0x21b8fa0E0eD5b98Ba21f406291BF433cf4682641
0xd495daac3bc1895912e3a68cab70cc827e48f1e4,,,,,,,251223288899329,0x8df0f54F762B2d40DA738C6A1dFaF1F01E554a16
0xd495daac3bc1895912e3a68cab70cc827e48f1e4,,,,,,,251729819382357,0x21b8fa0E0eD5b98Ba21f406291BF433cf4682641
0xd4bb555d3b0d7ff17c606161b44e372689c14f4b,,,,,,,1151292449864604,0x8df0f54F762B2d40DA738C6A1dFaF1F01E554a16
0xd4bb555d3b0d7ff17c606161b44e372689c14f4b,,,,,,,1153613750263506,0x21b8fa0E0eD5b98Ba21f406291BF433cf4682641
0xd4cf93ae2ace6653c8451f8701052a0ef7ba713b,,,,,,,2026496542663,0x8df0f54F762B2d40DA738C6A1dFaF1F01E554a16
0xd4cf93ae2ace6653c8451f8701052a0ef7ba713b,,,,,,,2030582478633,0x21b8fa0E0eD5b98Ba21f406291BF433cf4682641
0xd4d3bc8f7bcf818751fedbf27950952bf9178c74,,,,,,,117665993838364,0x8df0f54F762B2d40DA738C6A1dFaF1F01E554a16
0xd4d3bc8f7bcf818751fedbf27950952bf9178c74,,,,,,,117903238613544,0x21b8fa0E0eD5b98Ba21f406291BF433cf4682641
0xd5281b0011eb37ab391e59add92ccb33a6870816,1542959.322424193,1.0,1.0,2026-07-06 00:00:00,2026-07-06 00:00:00,0.5454545454545454,364896659216463800000,0x8df0f54F762B2d40DA738C6A1dFaF1F01E554a16
0xd5281b0011eb37ab391e59add92ccb33a6870816,1542959.322424193,1.0,1.0,2026-07-06 00:00:00,2026-07-06 00:00:00,0.5454545454545454,365632384323231300000,0x21b8fa0E0eD5b98Ba21f406291BF433cf4682641
0xd5ee523e537e3e01540e5a330589b007534109e6,,,,,,,68145383788367750000,0x8df0f54F762B2d40DA738C6A1dFaF1F01E554a16
0xd5ee523e537e3e01540e5a330589b007534109e6,,,,,,,68282782332577680000,0x21b8fa0E0eD5b98Ba21f406291BF433cf4682641
0xd629cd5bb273ac1a43ec82b8b4e60aa1e91b954f,,,,,,,34072691889294440000,0x8df0f54F762B2d40DA738C6A1dFaF1F01E554a16
0xd629cd5bb273ac1a43ec82b8b4e60aa1e91b954f,,,,,,,34141391161389543000,0x21b8fa0E0eD5b98Ba21f406291BF433cf4682641
0xd62d50749d5216a403ba24a76fed82231f120774,,,,,,,3271921947678252500,0x8df0f54F762B2d40DA738C6A1dFaF1F01E554a16
0xd62d50749d5216a403ba24a76fed82231f120774,,,,,,,3278518980190031400,0x21b8fa0E0eD5b98Ba21f406291BF433cf4682641
0xd6365f8efa0039923983355ee12b1d0694e7b468,,,,,,,31129189044502,0x8df0f54F762B2d40DA738C6A1dFaF1F01E554a16
0xd6365f8efa0039923983355ee12b1d0694e7b468,,,,,,,31191953461097,0x21b8fa0E0eD5b98Ba21f406291BF433cf4682641
0xd6368d2e97695a30678e5ec2668f23c05320522e,,,,,,,32530051873258,0x8df0f54F762B2d40DA738C6A1dFaF1F01E554a16
0xd6368d2e97695a30678e5ec2668f23c05320522e,,,,,,,32595640788046,0x21b8fa0E0eD5b98Ba21f406291BF433cf4682641
0xd6adc9883d42aa2bc819eb78f8c93d0ffac8f4dc,,,,,,,11202936947446,0x8df0f54F762B2d40DA738C6A1dFaF1F01E554a16
0xd6adc9883d42aa2bc819eb78f8c93d0ffac8f4dc,,,,,,,11225524937151,0x21b8fa0E0eD5b98Ba21f406291BF433cf4682641
0xd6f522adce56f97b2ccea1031dee88f32400d90f,,,,,,,257826901733,0x8df0f54F762B2d40DA738C6A1dFaF1F01E554a16
0xd6f522adce56f97b2ccea1031dee88f32400d90f,,,,,,,258346746791,0x21b8fa0E0eD5b98Ba21f406291BF433cf4682641
0xd75cb066fa6dca808d14b3c3f111576e6dda4d00,,,,,,,122968899895005,0x8df0f54F762B2d40DA738C6A1dFaF1F01E554a16
0xd75cb066fa6dca808d14b3c3f111576e6dda4d00,,,,,,,123216836686749,0x21b8fa0E0eD5b98Ba21f406291BF433cf4682641
0xd7f5b619441fafe525ea3abebcd4a961c1227426,,,,,,,34072691889294440000,0x8df0f54F762B2d40DA738C6A1dFaF1F01E554a16
0xd7f5b619441fafe525ea3abebcd4a961c1227426,,,,,,,34141391161389543000,0x21b8fa0E0eD5b98Ba21f406291BF433cf4682641
0xd820c5a05e79fc06ef7e54377f902d5d6fa1a0c4,,,,,,,68145383788367750000,0x8df0f54F762B2d40DA738C6A1dFaF1F01E554a16
0xd820c5a05e79fc06ef7e54377f902d5d6fa1a0c4,,,,,,,68282782332577680000,0x21b8fa0E0eD5b98Ba21f406291BF433cf4682641
0xd82e9fbad52d6ca5596d6b75a20f3cb9a30ffed1,,,,,,,102513110477956,0x8df0f54F762B2d40DA738C6A1dFaF1F01E554a16
0xd82e9fbad52d6ca5596d6b75a20f3cb9a30ffed1,,,,,,,102719803159970,0x21b8fa0E0eD5b98Ba21f406291BF433cf4682641
0xd84e19e2c0819573859bacabff974f13b6296676,,,,,,,24647916127227,0x8df0f54F762B2d40DA738C6A1dFaF1F01E554a16
0xd84e19e2c0819573859bacabff974f13b6296676,,,,,,,24697612637914,0x21b8fa0E0eD5b98Ba21f406291BF433cf4682641
0xd861415f6703ab50ce101c7e6f6a80ada1fc2b1c,,,,,,,23066345856495100,0x8df0f54F762B2d40DA738C6A1dFaF1F01E554a16
0xd861415f6703ab50ce101c7e6f6a80ada1fc2b1c,,,,,,,23112853516511628,0x21b8fa0E0eD5b98Ba21f406291BF433cf4682641
0xd87319234b60166651fb69f8a5e660f0e30df6ba,,,,,,,17994972597626,0x8df0f54F762B2d40DA738C6A1dFaF1F01E554a16
0xd87319234b60166651fb69f8a5e660f0e30df6ba,,,,,,,18031255070489,0x21b8fa0E0eD5b98Ba21f406291BF433cf4682641
0xd8a3daf192c9aee9cbacf04e28f0762ce8941ac8,,,,,,,388003387163514,0x8df0f54F762B2d40DA738C6A1dFaF1F01E554a16
0xd8a3daf192c9aee9cbacf04e28f0762ce8941ac8,,,,,,,388785701350933,0x21b8fa0E0eD5b98Ba21f406291BF433cf4682641
0xd8d93e91ea5f24d0e2a328bc242055d40f00be1a,,,,,,,34072691889294440000,0x8df0f54F762B2d40DA738C6A1dFaF1F01E554a16
0xd8d93e91ea5f24d0e2a328bc242055d40f00be1a,,,,,,,34141391161389543000,0x21b8fa0E0eD5b98Ba21f406291BF433cf4682641
0xd8df9a3920b1a4f22f02e909b84f806db787657f,,,,,,,339593966714665,0x8df0f54F762B2d40DA738C6A1dFaF1F01E554a16
0xd8df9a3920b1a4f22f02e909b84f806db787657f,,,,,,,340278675113901,0x21b8fa0E0eD5b98Ba21f406291BF433cf4682641
0xd8f84c7a76d1b16ebf88cc70805234f06e44c214,,,,,,,14160581839786,0x8df0f54F762B2d40DA738C6A1dFaF1F01E554a16
0xd8f84c7a76d1b16ebf88cc70805234f06e44c214,,,,,,,14189133198980,0x21b8fa0E0eD5b98Ba21f406291BF433cf4682641
0xd9004af638f129ba76c1d0c17b9d2c2b17bd4748,,,,,,,105375346327625,0x8df0f54F762B2d40DA738C6A1dFaF1F01E554a16
0xd9004af638f129ba76c1d0c17b9d2c2b17bd4748,,,,,,,105587810010066,0x21b8fa0E0eD5b98Ba21f406291BF433cf4682641
0xd9574b34f42874d33b040548548fc2249bde649d,,,,,,,229786543981210,0x8df0f54F762B2d40DA738C6A1dFaF1F01E554a16
0xd9574b34f42874d33b040548548fc2249bde649d,,,,,,,230249852497017,0x21b8fa0E0eD5b98Ba21f406291BF433cf4682641
0xd97cc9f16b5a09312f65076871d199022374e7f3,,,,,,,22261457248578,0x8df0f54F762B2d40DA738C6A1dFaF1F01E554a16
0xd97cc9f16b5a09312f65076871d199022374e7f3,,,,,,,22306342047047,0x21b8fa0E0eD5b98Ba21f406291BF433cf4682641
0xd9995dabb781dcc8ec408fea5f293712febf17db,,,,,,,29980317380586,0x8df0f54F762B2d40DA738C6A1dFaF1F01E554a16
0xd9995dabb781dcc8ec408fea5f293712febf17db,,,,,,,30040765377707,0x21b8fa0E0eD5b98Ba21f406291BF433cf4682641
0xd9d651fe1b9b930e94e01b30de834863f051d770,,,,,,,491751083051271,0x8df0f54F762B2d40DA738C6A1dFaF1F01E554a16
0xd9d651fe1b9b930e94e01b30de834863f051d770,,,,,,,492742579161040,0x21b8fa0E0eD5b98Ba21f406291BF433cf4682641
0xda5bad74ece4cc5a2b3eb1d7fcaee26d35fda890,,,,,,,34072691889294440000,0x8df0f54F762B2d40DA738C6A1dFaF1F01E554a16
0xda5bad74ece4cc5a2b3eb1d7fcaee26d35fda890,,,,,,,34141391161389543000,0x21b8fa0E0eD5b98Ba21f406291BF433cf4682641
0xda752a97a4972a0fb6b977d75759343096fabb5d,,,,,,,34072691889294440000,0x8df0f54F762B2d40DA738C6A1dFaF1F01E554a16
0xda752a97a4972a0fb6b977d75759343096fabb5d,,,,,,,34141391161389543000,0x21b8fa0E0eD5b98Ba21f406291BF433cf4682641
0xdaac4d9ebd8f2b3466ff70d0d0f5239910ee88a0,,,,,,,100425428033337,0x8df0f54F762B2d40DA738C6A1dFaF1F01E554a16
0xdaac4d9ebd8f2b3466ff70d0d0f5239910ee88a0,,,,,,,100627911412935,0x21b8fa0E0eD5b98Ba21f406291BF433cf4682641
0xdaaf3c8f3d6accdef64b814e4267d861cf546391,,,,,,,34072691889294440000,0x8df0f54F762B2d40DA738C6A1dFaF1F01E554a16
0xdaaf3c8f3d6accdef64b814e4267d861cf546391,,,,,,,34141391161389543000,0x21b8fa0E0eD5b98Ba21f406291BF433cf4682641
0xdad15c110d63911fc53cd3c185f0a48fc5fe81f9,,,,,,,249041436128980,0x8df0f54F762B2d40DA738C6A1dFaF1F01E554a16
0xdad15c110d63911fc53cd3c185f0a48fc5fe81f9,,,,,,,249543567438099,0x21b8fa0E0eD5b98Ba21f406291BF433cf4682641
0xdae261031bef3eba808a1eff4ce038e10cbb25b8,,,,,,,111944315410297,0x8df0f54F762B2d40DA738C6A1dFaF1F01E554a16
0xdae261031bef3eba808a1eff4ce038e10cbb25b8,,,,,,,112170023816573,0x21b8fa0E0eD5b98Ba21f406291BF433cf4682641
0xdaed8b30893ddc9df16dff5a863efcf6f9380fc1,,,,,,,90272967086694,0x8df0f54F762B2d40DA738C6A1dFaF1F01E554a16
0xdaed8b30893ddc9df16dff5a863efcf6f9380fc1,,,,,,,90454980505207,0x21b8fa0E0eD5b98Ba21f406291BF433cf4682641
0xdaf0f490d8f8a5fdbbddfa95c89b160093ee831f,,,,,,,213370789037110,0x8df0f54F762B2d40DA738C6A1dFaF1F01E554a16
0xdaf0f490d8f8a5fdbbddfa95c89b160093ee831f,,,,,,,213800999187245,0x21b8fa0E0eD5b98Ba21f406291BF433cf4682641
0xdb17a35d6c1f617fbbc51d10062e07bd2007750b,,,,,,,9088021120234,0x8df0f54F762B2d40DA738C6A1dFaF1F01E554a16
0xdb17a35d6c1f617fbbc51d10062e07bd2007750b,,,,,,,9106344898050,0x21b8fa0E0eD5b98Ba21f406291BF433cf4682641
0xdb5319a63d5117ef98e2875351d988754c1746b5,,,,,,,91958407670431,0x8df0f54F762B2d40DA738C6A1dFaF1F01E554a16
0xdb5319a63d5117ef98e2875351d988754c1746b5,,,,,,,92143819368765,0x21b8fa0E0eD5b98Ba21f406291BF433cf4682641
0xdb5dc738a9361ac109e4b9bb8813b35680a2e6b2,,,,,,,34072691889294440000,0x8df0f54F762B2d40DA738C6A1dFaF1F01E554a16
0xdb5dc738a9361ac109e4b9bb8813b35680a2e6b2,,,,,,,34141391161389543000,0x21b8fa0E0eD5b98Ba21f406291BF433cf4682641
0xdbb8d2a04ff901dc71ba1596fe202b8eb3e10556,,,,,,,94269966859452,0x8df0f54F762B2d40DA738C6A1dFaF1F01E554a16
0xdbb8d2a04ff901dc71ba1596fe202b8eb3e10556,,,,,,,94460039253048,0x21b8fa0E0eD5b98Ba21f406291BF433cf4682641
0xdbc7413d859100eb142bf8515e18b7cf983f3c19,,,,,,,1523934131501,0x8df0f54F762B2d40DA738C6A1dFaF1F01E554a16
0xdbc7413d859100eb142bf8515e18b7cf983f3c19,,,,,,,1527006772956,0x21b8fa0E0eD5b98Ba21f406291BF433cf4682641
0xdbdee04c72a02a740b9f26ada9203582c8a99daf,,,,,,,618008738,0x8df0f54F762B2d40DA738C6A1dFaF1F01E554a16
0xdbdee04c72a02a740b9f26ada9203582c8a99daf,,,,,,,619254802,0x21b8fa0E0eD5b98Ba21f406291BF433cf4682641
0xdd10e84e45b49c08f568b1eaf9b181e564d68c77,,,,,,,2018767974749,0x8df0f54F762B2d40DA738C6A1dFaF1F01E554a16
0xdd10e84e45b49c08f568b1eaf9b181e564d68c77,,,,,,,2022838327947,0x21b8fa0E0eD5b98Ba21f406291BF433cf4682641
0xdd18dcb7df6b324298213b37ef21c5d88f4b353b,,,,,,,101528368639977,0x8df0f54F762B2d40DA738C6A1dFaF1F01E554a16
0xdd18dcb7df6b324298213b37ef21c5d88f4b353b,,,,,,,101733075830275,0x21b8fa0E0eD5b98Ba21f406291BF433cf4682641
0xdd1a8f60198500184c05310293078e49df680928,,,,,,,109983240229966,0x8df0f54F762B2d40DA738C6A1dFaF1F01E554a16
0xdd1a8f60198500184c05310293078e49df680928,,,,,,,110204994606491,0x21b8fa0E0eD5b98Ba21f406291BF433cf4682641
0xdd3727362a290757ff6161e102a9b7789b35ad82,,,,,,,114221107,0x8df0f54F762B2d40DA738C6A1dFaF1F01E554a16
0xdd3727362a290757ff6161e102a9b7789b35ad82,,,,,,,114451406,0x21b8fa0E0eD5b98Ba21f406291BF433cf4682641
0xdd3b7d7dae4ccf333fad0c6365b18c81f8364518,,,,,,,10501587799371,0x8df0f54F762B2d40DA738C6A1dFaF1F01E554a16
0xdd3b7d7dae4ccf333fad0c6365b18c81f8364518,,,,,,,10522761689594,0x21b8fa0E0eD5b98Ba21f406291BF433cf4682641
0xdd5f3ba39be2612ea4a7d0b5523866a5043af973,,,,,,,10808865185701,0x8df0f54F762B2d40DA738C6A1dFaF1F01E554a16
0xdd5f3ba39be2612ea4a7d0b5523866a5043af973,,,,,,,10830658625821,0x21b8fa0E0eD5b98Ba21f406291BF433cf4682641
0xddb884d2b74afff0a414260d996c558dedf7bd26,,,,,,,111003048453998,0x8df0f54F762B2d40DA738C6A1dFaF1F01E554a16
0xddb884d2b74afff0a414260d996c558dedf7bd26,,,,,,,111226859025054,0x21b8fa0E0eD5b98Ba21f406291BF433cf4682641
0xde0fd401fa29d92b19a6b910d6cb3da07140ca61,,,,,,,120373389564286,0x8df0f54F762B2d40DA738C6A1dFaF1F01E554a16
0xde0fd401fa29d92b19a6b910d6cb3da07140ca61,,,,,,,120616093142552,0x21b8fa0E0eD5b98Ba21f406291BF433cf4682641
0xde2bf4eb1cbf47039b84741b04f1b14e3ebf20e2,,,,,,,22999102220236,0x8df0f54F762B2d40DA738C6A1dFaF1F01E554a16
0xde2bf4eb1cbf47039b84741b04f1b14e3ebf20e2,,,,,,,23045474299862,0x21b8fa0E0eD5b98Ba21f406291BF433cf4682641
0xde4a1b2ea88ec03e93aad9d4c5bffeb18687d079,9719165.93166,1.0,1.0,2026-07-06 00:00:00,2026-07-06 00:00:00,0.7272727272727273,2298499466117615000000,0x8df0f54F762B2d40DA738C6A1dFaF1F01E554a16
0xde4a1b2ea88ec03e93aad9d4c5bffeb18687d079,9719165.93166,1.0,1.0,2026-07-06 00:00:00,2026-07-06 00:00:00,0.7272727272727273,2303133829635071000000,0x21b8fa0E0eD5b98Ba21f406291BF433cf4682641
0xde4a35699b172514360e86e365fc0e5bed508b09,,,,,,,494938678821397,0x8df0f54F762B2d40DA738C6A1dFaF1F01E554a16
0xde4a35699b172514360e86e365fc0e5bed508b09,,,,,,,495936601940510,0x21b8fa0E0eD5b98Ba21f406291BF433cf4682641
0xde505f3bd60274d515308421b9acfdbb9d48cfba,,,,,,,91867899000076,0x8df0f54F762B2d40DA738C6A1dFaF1F01E554a16
0xde505f3bd60274d515308421b9acfdbb9d48cfba,,,,,,,92053128209753,0x21b8fa0E0eD5b98Ba21f406291BF433cf4682641
0xde569071cce220f29e800ea080940cfcc6e93bb7,,,,,,,43827893569595,0x8df0f54F762B2d40DA738C6A1dFaF1F01E554a16
0xde569071cce220f29e800ea080940cfcc6e93bb7,,,,,,,43916261826364,0x21b8fa0E0eD5b98Ba21f406291BF433cf4682641
0xde5ae4de36c966747ea7df13bd9589642e2b1d0d,,,,,,,688405279705940740,0x8df0f54F762B2d40DA738C6A1dFaF1F01E554a16
0xde5ae4de36c966747ea7df13bd9589642e2b1d0d,,,,,,,689793281034860800,0x21b8fa0E0eD5b98Ba21f406291BF433cf4682641
0xde621223d04b38179b92e3c98a2f92fdf86efc98,,,,,,,34072691889294440000,0x8df0f54F762B2d40DA738C6A1dFaF1F01E554a16
0xde621223d04b38179b92e3c98a2f92fdf86efc98,,,,,,,34141391161389543000,0x21b8fa0E0eD5b98Ba21f406291BF433cf4682641
0xde75e318519c38d205041096385ddb041a9123e4,,,,,,,34072691889294440000,0x8df0f54F762B2d40DA738C6A1dFaF1F01E554a16
0xde75e318519c38d205041096385ddb041a9123e4,,,,,,,34141391161389543000,0x21b8fa0E0eD5b98Ba21f406291BF433cf4682641
0xdf03a7aa5c28cd06cd524542de55865626559212,,,,,,,322642657680816,0x8df0f54F762B2d40DA738C6A1dFaF1F01E554a16
0xdf03a7aa5c28cd06cd524542de55865626559212,,,,,,,323293187900193,0x21b8fa0E0eD5b98Ba21f406291BF433cf4682641
0xdfb3fb4a6f7aeb73b304359b336109c50662da7a,,,,,,,274540973021175,0x8df0f54F762B2d40DA738C6A1dFaF1F01E554a16
0xdfb3fb4a6f7aeb73b304359b336109c50662da7a,,,,,,,275094517926524,0x21b8fa0E0eD5b98Ba21f406291BF433cf4682641
0xe0df64dfbe7a82c8d02ca2f1bd9601f75b417c81,,,,,,,317500120420687,0x8df0f54F762B2d40DA738C6A1dFaF1F01E554a16
0xe0df64dfbe7a82c8d02ca2f1bd9601f75b417c81,,,,,,,318140281968059,0x21b8fa0E0eD5b98Ba21f406291BF433cf4682641
0xe10a296a7235ac9d278e87d5837aae318823390f,,,,,,,27954860131897,0x8df0f54F762B2d40DA738C6A1dFaF1F01E554a16
0xe10a296a7235ac9d278e87d5837aae318823390f,,,,,,,28011224288531,0x21b8fa0E0eD5b98Ba21f406291BF433cf4682641
0xe12c7bb2ff754988006cac84673ac6b1649fb597,,,,,,,99598946034942,0x8df0f54F762B2d40DA738C6A1dFaF1F01E554a16
0xe12c7bb2ff754988006cac84673ac6b1649fb597,,,,,,,99799763015188,0x21b8fa0E0eD5b98Ba21f406291BF433cf4682641
0xe191bb75dcd4c3482124a4eaa945026af4bbe5a2,,,,,,,34072691889294440000,0x8df0f54F762B2d40DA738C6A1dFaF1F01E554a16
0xe191bb75dcd4c3482124a4eaa945026af4bbe5a2,,,,,,,34141391161389543000,0x21b8fa0E0eD5b98Ba21f406291BF433cf4682641
0xe1c86cb8a38772b8046e018d35561b2b59c7399a,,,,,,,109250525662170,0x8df0f54F762B2d40DA738C6A1dFaF1F01E554a16
0xe1c86cb8a38772b8046e018d35561b2b59c7399a,,,,,,,109470802698495,0x21b8fa0E0eD5b98Ba21f406291BF433cf4682641
0xe2551f91193f127a99af86c5ef6562b4e5a556af,,,,,,,151878437249792,0x8df0f54F762B2d40DA738C6A1dFaF1F01E554a16
0xe2551f91193f127a99af86c5ef6562b4e5a556af,,,,,,,152184663071923,0x21b8fa0E0eD5b98Ba21f406291BF433cf4682641
0xe31a3e7c014b180e0eaa4bc083cd8ab6a5a9623e,,,,,,,615241835733375,0x8df0f54F762B2d40DA738C6A1dFaF1F01E554a16
0xe31a3e7c014b180e0eaa4bc083cd8ab6a5a9623e,,,,,,,616482320823742,0x21b8fa0E0eD5b98Ba21f406291BF433cf4682641
0xe34818309bdfd0b9951f246e8601e2e6f98480cf,,,,,,,284623918192150,0x8df0f54F762B2d40DA738C6A1dFaF1F01E554a16
0xe34818309bdfd0b9951f246e8601e2e6f98480cf,,,,,,,285197792896978,0x21b8fa0E0eD5b98Ba21f406291BF433cf4682641
0xe349bd3eaedbdac74b85f8cca774592470e9ee4a,,,,,,,176496308333051,0x8df0f54F762B2d40DA738C6A1dFaF1F01E554a16
0xe349bd3eaedbdac74b85f8cca774592470e9ee4a,,,,,,,176852170087366,0x21b8fa0E0eD5b98Ba21f406291BF433cf4682641
0xe359f340a0ff6d5b535067793773dd31b61187b5,,,,,,,62007360249964,0x8df0f54F762B2d40DA738C6A1dFaF1F01E554a16
0xe359f340a0ff6d5b535067793773dd31b61187b5,,,,,,,62132382966911,0x21b8fa0E0eD5b98Ba21f406291BF433cf4682641
0xe37c3d584a476b250dc429073d83a087145c4095,,,,,,,148318008938777,0x8df0f54F762B2d40DA738C6A1dFaF1F01E554a16
0xe37c3d584a476b250dc429073d83a087145c4095,,,,,,,148617056025688,0x21b8fa0E0eD5b98Ba21f406291BF433cf4682641
0xe400e558befc3358c2a0f7cca48ac209d0c15656,,,,,,,4816013026732,0x8df0f54F762B2d40DA738C6A1dFaF1F01E554a16
0xe400e558befc3358c2a0f7cca48ac209d0c15656,,,,,,,4825723342266,0x21b8fa0E0eD5b98Ba21f406291BF433cf4682641
0xe40a2db39b1f23c52d50e1b7436fca3bbb2c3aa7,,,,,,,109519328250619,0x8df0f54F762B2d40DA738C6A1dFaF1F01E554a16
0xe40a2db39b1f23c52d50e1b7436fca3bbb2c3aa7,,,,,,,109740147261797,0x21b8fa0E0eD5b98Ba21f406291BF433cf4682641
0xe41c917a7608912ffa9262797c8197311ed648ba,,,,,,,38997371762786,0x8df0f54F762B2d40DA738C6A1dFaF1F01E554a16
0xe41c917a7608912ffa9262797c8197311ed648ba,,,,,,,39076000450605,0x21b8fa0E0eD5b98Ba21f406291BF433cf4682641
0xe442f446bb6bd9e4aa13faba1a2e370943753505,,,,,,,2612875988207,0x8df0f54F762B2d40DA738C6A1dFaF1F01E554a16
0xe442f446bb6bd9e4aa13faba1a2e370943753505,,,,,,,2618144215298,0x21b8fa0E0eD5b98Ba21f406291BF433cf4682641
0xe46827825ad452680e933913b9edbb0c9fb57a09,,,,,,,1750743198296796,0x8df0f54F762B2d40DA738C6A1dFaF1F01E554a16
0xe46827825ad452680e933913b9edbb0c9fb57a09,,,,,,,1754273144910325,0x21b8fa0E0eD5b98Ba21f406291BF433cf4682641
0xe475e99bc6fbe41f10118c8f5d5ad99e2261c871,,,,,,,16518008142509,0x8df0f54F762B2d40DA738C6A1dFaF1F01E554a16
0xe475e99bc6fbe41f10118c8f5d5ad99e2261c871,,,,,,,16551312676813,0x21b8fa0E0eD5b98Ba21f406291BF433cf4682641
0xe5235502657a4107f691283654de9bb6c0eb8f3c,,,,,,,252320634696316,0x8df0f54F762B2d40DA738C6A1dFaF1F01E554a16
0xe5235502657a4107f691283654de9bb6c0eb8f3c,,,,,,,252829377709475,0x21b8fa0E0eD5b98Ba21f406291BF433cf4682641
0xe556da28015c04f35a52b3111b9f4120e908056e,,,,,,,34072691889294440000,0x8df0f54F762B2d40DA738C6A1dFaF1F01E554a16
0xe556da28015c04f35a52b3111b9f4120e908056e,,,,,,,34141391161389543000,0x21b8fa0E0eD5b98Ba21f406291BF433cf4682641
0xe58bdf25121b110554e678fd80f42421075bdece,,,,,,,234858564807788,0x8df0f54F762B2d40DA738C6A1dFaF1F01E554a16
0xe58bdf25121b110554e678fd80f42421075bdece,,,,,,,235332099816411,0x21b8fa0E0eD5b98Ba21f406291BF433cf4682641
0xe61458094a0be9fa2394427ad688d10b73b5d466,,,,,,,80372537796864,0x8df0f54F762B2d40DA738C6A1dFaF1F01E554a16
0xe61458094a0be9fa2394427ad688d10b73b5d466,,,,,,,80534589414653,0x21b8fa0E0eD5b98Ba21f406291BF433cf4682641
0xe6194767f06602683cd10d6385397c7b5a9eeebd,,,,,,,19222545472570,0x8df0f54F762B2d40DA738C6A1dFaF1F01E554a16
0xe6194767f06602683cd10d6385397c7b5a9eeebd,,,,,,,19261303046702,0x21b8fa0E0eD5b98Ba21f406291BF433cf4682641
0xe64c848df44a22e3e44d0bf1d59c8dfe067959e5,,,,,,,22313921010832,0x8df0f54F762B2d40DA738C6A1dFaF1F01E554a16
0xe64c848df44a22e3e44d0bf1d59c8dfe067959e5,,,,,,,22358911589681,0x21b8fa0E0eD5b98Ba21f406291BF433cf4682641
0xe6eefb0e8c984a617967ec4234a58e07b4e8ae14,,,,,,,226847139710408,0x8df0f54F762B2d40DA738C6A1dFaF1F01E554a16
0xe6eefb0e8c984a617967ec4234a58e07b4e8ae14,,,,,,,227304521634490,0x21b8fa0E0eD5b98Ba21f406291BF433cf4682641
0xe774308562604771318d9486601fd1032fe70b96,,,,,,,3209731550751,0x8df0f54F762B2d40DA738C6A1dFaF1F01E554a16
0xe774308562604771318d9486601fd1032fe70b96,,,,,,,3216203191497,0x21b8fa0E0eD5b98Ba21f406291BF433cf4682641
0xe7f373d652bea36dade8a5ba8bd6689e9b9f6673,,,,,,,34072691889294440000,0x8df0f54F762B2d40DA738C6A1dFaF1F01E554a16
0xe7f373d652bea36dade8a5ba8bd6689e9b9f6673,,,,,,,34141391161389543000,0x21b8fa0E0eD5b98Ba21f406291BF433cf4682641
0xe8b3979447d01dda47dafed89be75ca1a7e00f6b,,,,,,,268322391103890,0x8df0f54F762B2d40DA738C6A1dFaF1F01E554a16
0xe8b3979447d01dda47dafed89be75ca1a7e00f6b,,,,,,,268863397755655,0x21b8fa0E0eD5b98Ba21f406291BF433cf4682641
0xe8cce7552236059dd961b39b49f809bed420f3d7,,,,,,,144598037530067,0x8df0f54F762B2d40DA738C6A1dFaF1F01E554a16
0xe8cce7552236059dd961b39b49f809bed420f3d7,,,,,,,144889584202017,0x21b8fa0E0eD5b98Ba21f406291BF433cf4682641
0xe8f5c2570607105cab4cabb65bc56ef509beb0bc,,,,,,,19063916143732,0x8df0f54F762B2d40DA738C6A1dFaF1F01E554a16
0xe8f5c2570607105cab4cabb65bc56ef509beb0bc,,,,,,,19102353880516,0x21b8fa0E0eD5b98Ba21f406291BF433cf4682641
0xe8f61256f78e0ca9be6361682713c0f9d250e3d4,,,,,,,93937009801277,0x8df0f54F762B2d40DA738C6A1dFaF1F01E554a16
0xe8f61256f78e0ca9be6361682713c0f9d250e3d4,,,,,,,94126410868181,0x21b8fa0E0eD5b98Ba21f406291BF433cf4682641
0xe96b4fa591d7341bd21e3f2e21166837b3b4a458,,,,,,,317742837911410,0x8df0f54F762B2d40DA738C6A1dFaF1F01E554a16
0xe96b4fa591d7341bd21e3f2e21166837b3b4a458,,,,,,,318383488839399,0x21b8fa0E0eD5b98Ba21f406291BF433cf4682641
0xe96d476fb23413b34c848f8fc06bdb0be354121e,,,,,,,151821192903975,0x8df0f54F762B2d40DA738C6A1dFaF1F01E554a16
0xe96d476fb23413b34c848f8fc06bdb0be354121e,,,,,,,152127303306846,0x21b8fa0E0eD5b98Ba21f406291BF433cf4682641
0xe98afdd85438000707165da41342885c59fe592e,,,,,,,160330200574704,0x8df0f54F762B2d40DA738C6A1dFaF1F01E554a16
0xe98afdd85438000707165da41342885c59fe592e,,,,,,,160653467316003,0x21b8fa0E0eD5b98Ba21f406291BF433cf4682641
0xe98e19248b22e9fbd0d06bf0373d2a4f3e1ef027,,,,,,,573668860843531,0x8df0f54F762B2d40DA738C6A1dFaF1F01E554a16
0xe98e19248b22e9fbd0d06bf0373d2a4f3e1ef027,,,,,,,574825524170621,0x21b8fa0E0eD5b98Ba21f406291BF433cf4682641
0xea839fa4c85203d96d989623e335a4d8e86e9f66,,,,,,,34072691889294440000,0x8df0f54F762B2d40DA738C6A1dFaF1F01E554a16
0xea839fa4c85203d96d989623e335a4d8e86e9f66,,,,,,,34141391161389543000,0x21b8fa0E0eD5b98Ba21f406291BF433cf4682641
0xea8dd12d029b64e67e8a0dfb5c6e8bbbcdc3eb1e,,,,,,,110497755534124,0x8df0f54F762B2d40DA738C6A1dFaF1F01E554a16
0xea8dd12d029b64e67e8a0dfb5c6e8bbbcdc3eb1e,,,,,,,110720547305259,0x21b8fa0E0eD5b98Ba21f406291BF433cf4682641
0xead2e001d3f3363fe851b4c141f37271ce9f2cf3,,,,,,,328068350752808,0x8df0f54F762B2d40DA738C6A1dFaF1F01E554a16
0xead2e001d3f3363fe851b4c141f37271ce9f2cf3,,,,,,,328729820558816,0x21b8fa0E0eD5b98Ba21f406291BF433cf4682641
0xeb0489ccf767113df9a70b7d003dc7a36e06be4b,,,,,,,220209582624399,0x8df0f54F762B2d40DA738C6A1dFaF1F01E554a16
0xeb0489ccf767113df9a70b7d003dc7a36e06be4b,,,,,,,220653581533667,0x21b8fa0E0eD5b98Ba21f406291BF433cf4682641
0xeb2e3aebb7224006cf3f16f939a6589302cd8e85,,,,,,,8595602285744,0x8df0f54F762B2d40DA738C6A1dFaF1F01E554a16
0xeb2e3aebb7224006cf3f16f939a6589302cd8e85,,,,,,,8612933221091,0x21b8fa0E0eD5b98Ba21f406291BF433cf4682641
0xeb837f4ebae7e35e168bae0fc255dd7df92021cb,,,,,,,99301625624774,0x8df0f54F762B2d40DA738C6A1dFaF1F01E554a16
0xeb837f4ebae7e35e168bae0fc255dd7df92021cb,,,,,,,99501843130935,0x21b8fa0E0eD5b98Ba21f406291BF433cf4682641
0xebb9398861309f2ebfa64cc8931f2167f25322e6,,,,,,,580082363020458,0x8df0f54F762B2d40DA738C6A1dFaF1F01E554a16
0xebb9398861309f2ebfa64cc8931f2167f25322e6,,,,,,,581251957610289,0x21b8fa0E0eD5b98Ba21f406291BF433cf4682641
0xece4013a2eb2164ac84663a935fe283ca8d56051,,,,,,,521855558437927,0x8df0f54F762B2d40DA738C6A1dFaF1F01E554a16
0xece4013a2eb2164ac84663a935fe283ca8d56051,,,,,,,522907752879152,0x21b8fa0E0eD5b98Ba21f406291BF433cf4682641
0xecf569858fc9bb45a9b46356eded5fc2c4cf6439,,,,,,,107247755728522,0x8df0f54F762B2d40DA738C6A1dFaF1F01E554a16
0xecf569858fc9bb45a9b46356eded5fc2c4cf6439,,,,,,,107463994667796,0x21b8fa0E0eD5b98Ba21f406291BF433cf4682641
0xed2223b55e8085fff9c9b3ac964ae2696cd6618b,6813746.468599999,1.0,1.0,2026-07-06 00:00:00,2026-07-06 00:00:00,0.6818181818181818,1611392657606677000000,0x8df0f54F762B2d40DA738C6A1dFaF1F01E554a16
0xed2223b55e8085fff9c9b3ac964ae2696cd6618b,6813746.468599999,1.0,1.0,2026-07-06 00:00:00,2026-07-06 00:00:00,0.6818181818181818,1614641637845651200000,0x21b8fa0E0eD5b98Ba21f406291BF433cf4682641
0xed37bdeca9c187a5e4372295cf03ecb260982dbd,,,,,,,142762009323331,0x8df0f54F762B2d40DA738C6A1dFaF1F01E554a16
0xed37bdeca9c187a5e4372295cf03ecb260982dbd,,,,,,,143049854092250,0x21b8fa0E0eD5b98Ba21f406291BF433cf4682641
0xee0fddcdbbe6bae1aefae6508efaf58d3c920ce9,,,,,,,7526897642278,0x8df0f54F762B2d40DA738C6A1dFaF1F01E554a16
0xee0fddcdbbe6bae1aefae6508efaf58d3c920ce9,,,,,,,7542073795393,0x21b8fa0E0eD5b98Ba21f406291BF433cf4682641
0xee29cffbed39be9a9142b5f8f3c5cb770c363b88,,,,,,,109020507803913,0x8df0f54F762B2d40DA738C6A1dFaF1F01E554a16
0xee29cffbed39be9a9142b5f8f3c5cb770c363b88,,,,,,,109240321065333,0x21b8fa0E0eD5b98Ba21f406291BF433cf4682641
0xee4f045f41a6ede8444af2e33fffc47514c41dd7,,,,,,,237982546844744,0x8df0f54F762B2d40DA738C6A1dFaF1F01E554a16
0xee4f045f41a6ede8444af2e33fffc47514c41dd7,,,,,,,238462380601135,0x21b8fa0E0eD5b98Ba21f406291BF433cf4682641
0xee730a25ca18b1ba36f5992ba50e562b70391954,,,,,,,5824129178038528,0x8df0f54F762B2d40DA738C6A1dFaF1F01E554a16
0xee730a25ca18b1ba36f5992ba50e562b70391954,,,,,,,5835872113889301,0x21b8fa0E0eD5b98Ba21f406291BF433cf4682641
0xeed46b612376b0e0da895c0eb355f52493e844c2,,,,,,,98955800892445,0x8df0f54F762B2d40DA738C6A1dFaF1F01E554a16
0xeed46b612376b0e0da895c0eb355f52493e844c2,,,,,,,99155321127388,0x21b8fa0E0eD5b98Ba21f406291BF433cf4682641
0xeeda1b827e47ce5994713a305e699e9f812de44a,3011562.460099999,1.0,1.0,2026-07-06 00:00:00,2026-07-06 00:00:00,0.5909090909090909,712208717845959400000,0x8df0f54F762B2d40DA738C6A1dFaF1F01E554a16
0xeeda1b827e47ce5994713a305e699e9f812de44a,3011562.460099999,1.0,1.0,2026-07-06 00:00:00,2026-07-06 00:00:00,0.5909090909090909,713644713001692300000,0x21b8fa0E0eD5b98Ba21f406291BF433cf4682641
0xeee2a8590120a258009359ad4cd52464508e0ce9,,,,,,,101560837803395,0x8df0f54F762B2d40DA738C6A1dFaF1F01E554a16
0xeee2a8590120a258009359ad4cd52464508e0ce9,,,,,,,101765610459842,0x21b8fa0E0eD5b98Ba21f406291BF433cf4682641
0xef6ee1ece8664605493e69de51f490c096beeaa7,,,,,,,34072691889294440000,0x8df0f54F762B2d40DA738C6A1dFaF1F01E554a16
0xef6ee1ece8664605493e69de51f490c096beeaa7,,,,,,,34141391161389543000,0x21b8fa0E0eD5b98Ba21f406291BF433cf4682641
0xefa991c978f7129593b851ba9e29aa6794f217f2,,,,,,,13022611745372385000,0x8df0f54F762B2d40DA738C6A1dFaF1F01E554a16
0xefa991c978f7129593b851ba9e29aa6794f217f2,,,,,,,13048868665447590000,0x21b8fa0E0eD5b98Ba21f406291BF433cf4682641
0xefb5f9fe9372bb44ca45f28dd88b7629a30f72fb,,,,,,,589880432314300,0x8df0f54F762B2d40DA738C6A1dFaF1F01E554a16
0xefb5f9fe9372bb44ca45f28dd88b7629a30f72fb,,,,,,,591069782320892,0x21b8fa0E0eD5b98Ba21f406291BF433cf4682641
0xf0068b0bb48f2fc9f91d39530ef922cc38495742,,,,,,,83513550251515,0x8df0f54F762B2d40DA738C6A1dFaF1F01E554a16
0xf0068b0bb48f2fc9f91d39530ef922cc38495742,,,,,,,83681934954755,0x21b8fa0E0eD5b98Ba21f406291BF433cf4682641
0xf0507043e4ce3cbbd5e015152a190551c605370e,,,,,,,101502176238523,0x8df0f54F762B2d40DA738C6A1dFaF1F01E554a16
0xf0507043e4ce3cbbd5e015152a190551c605370e,,,,,,,101706830618233,0x21b8fa0E0eD5b98Ba21f406291BF433cf4682641
0xf08e22139f77506e6aacd84184d92cc1b79a77e4,,,,,,,68145383788367750000,0x8df0f54F762B2d40DA738C6A1dFaF1F01E554a16
0xf08e22139f77506e6aacd84184d92cc1b79a77e4,,,,,,,68282782332577680000,0x21b8fa0E0eD5b98Ba21f406291BF433cf4682641
0xf1716f4811a4c3dd0f01e597a8702dec49af5cc5,,,,,,,108499711519875,0x8df0f54F762B2d40DA738C6A1dFaF1F01E554a16
0xf1716f4811a4c3dd0f01e597a8702dec49af5cc5,,,,,,,108718474722623,0x21b8fa0E0eD5b98Ba21f406291BF433cf4682641
0xf1855aa2700349958a9cc27bd9262c444d8d4999,,,,,,,34072691889294440000,0x8df0f54F762B2d40DA738C6A1dFaF1F01E554a16
0xf1855aa2700349958a9cc27bd9262c444d8d4999,,,,,,,34141391161389543000,0x21b8fa0E0eD5b98Ba21f406291BF433cf4682641
0xf19104757d9185d1822ff395f010e338f60831e7,,,,,,,473768774824351,0x8df0f54F762B2d40DA738C6A1dFaF1F01E554a16
0xf19104757d9185d1822ff395f010e338f60831e7,,,,,,,474724013995872,0x21b8fa0E0eD5b98Ba21f406291BF433cf4682641
0xf1a2ca33b6fa8ddeca5fba3ffd71e5f6c676b284,,,,,,,24422247106870,0x8df0f54F762B2d40DA738C6A1dFaF1F01E554a16
0xf1a2ca33b6fa8ddeca5fba3ffd71e5f6c676b284,,,,,,,24471488611023,0x21b8fa0E0eD5b98Ba21f406291BF433cf4682641
0xf1b085e939e20d154d3d3a5819330d02e4b66e28,,,,,,,83253267849053,0x8df0f54F762B2d40DA738C6A1dFaF1F01E554a16
0xf1b085e939e20d154d3d3a5819330d02e4b66e28,,,,,,,83421127756317,0x21b8fa0E0eD5b98Ba21f406291BF433cf4682641
0xf1bbe711c21ee84031aa6d5d3030d74d3520147c,,,,,,,107546536717899,0x8df0f54F762B2d40DA738C6A1dFaF1F01E554a16
0xf1bbe711c21ee84031aa6d5d3030d74d3520147c,,,,,,,107763378076160,0x21b8fa0E0eD5b98Ba21f406291BF433cf4682641
0xf235c33f21d52216d5c13090ae6cb894e6c5ed90,1.5445084644140001,1.0,1.0,2026-07-06 00:00:00,2026-07-06 00:00:00,0.0,365263018023541,0x8df0f54F762B2d40DA738C6A1dFaF1F01E554a16
0xf235c33f21d52216d5c13090ae6cb894e6c5ed90,1.5445084644140001,1.0,1.0,2026-07-06 00:00:00,2026-07-06 00:00:00,0.0,365999481803480,0x21b8fa0E0eD5b98Ba21f406291BF433cf4682641
0xf2b0784cace4f7a966f4ad5a59c45696f83b09ba,,,,,,,136712056227617,0x8df0f54F762B2d40DA738C6A1dFaF1F01E554a16
0xf2b0784cace4f7a966f4ad5a59c45696f83b09ba,,,,,,,136987702741839,0x21b8fa0E0eD5b98Ba21f406291BF433cf4682641
0xf36700ff798394c4a58fe861a4661f5489d90735,,,,,,,1175693263653020160,0x8df0f54F762B2d40DA738C6A1dFaF1F01E554a16
0xf36700ff798394c4a58fe861a4661f5489d90735,,,,,,,1178063762341016830,0x21b8fa0E0eD5b98Ba21f406291BF433cf4682641
0xf3a4e454f56e61b46488d3b7acb6d817b04fe87f,,,,,,,633169375867344,0x8df0f54F762B2d40DA738C6A1dFaF1F01E554a16
0xf3a4e454f56e61b46488d3b7acb6d817b04fe87f,,,,,,,634446007469459,0x21b8fa0E0eD5b98Ba21f406291BF433cf4682641
0xf3bf9ddba413825e5ddf92d15b09c2abd8d190dd,,,,,,,34072691889294440000,0x8df0f54F762B2d40DA738C6A1dFaF1F01E554a16
0xf3bf9ddba413825e5ddf92d15b09c2abd8d190dd,,,,,,,34141391161389543000,0x21b8fa0E0eD5b98Ba21f406291BF433cf4682641
0xf4049ce06747295bc9be65bc6cfc6e661d2c3d1a,,,,,,,94866498317494,0x8df0f54F762B2d40DA738C6A1dFaF1F01E554a16
0xf4049ce06747295bc9be65bc6cfc6e661d2c3d1a,,,,,,,95057773471269,0x21b8fa0E0eD5b98Ba21f406291BF433cf4682641
0xf44e42425de15a1c8cce0abb16241980e2dd38e5,,,,,,,1545468437611,0x8df0f54F762B2d40DA738C6A1dFaF1F01E554a16
0xf44e42425de15a1c8cce0abb16241980e2dd38e5,,,,,,,1548584497740,0x21b8fa0E0eD5b98Ba21f406291BF433cf4682641
0xf4611d1eb66a101edb85c8aaaa8d211f918356be,,,,,,,34072691889294440000,0x8df0f54F762B2d40DA738C6A1dFaF1F01E554a16
0xf4611d1eb66a101edb85c8aaaa8d211f918356be,,,,,,,34141391161389543000,0x21b8fa0E0eD5b98Ba21f406291BF433cf4682641
0xf4a920a1c9764cdd56bae4b40db355f8713617ee,,,,,,,34072691889294440000,0x8df0f54F762B2d40DA738C6A1dFaF1F01E554a16
0xf4a920a1c9764cdd56bae4b40db355f8713617ee,,,,,,,34141391161389543000,0x21b8fa0E0eD5b98Ba21f406291BF433cf4682641
0xf4f07681ae8441d69939e4a9d09056720f6b9ef8,,,,,,,34072691889294440000,0x8df0f54F762B2d40DA738C6A1dFaF1F01E554a16
0xf4f07681ae8441d69939e4a9d09056720f6b9ef8,,,,,,,34141391161389543000,0x21b8fa0E0eD5b98Ba21f406291BF433cf4682641
0xf52ec5dfe11d16c13b2c52ae94fd4ec6528996fa,,,,,,,102218075677662170000,0x8df0f54F762B2d40DA738C6A1dFaF1F01E554a16
0xf52ec5dfe11d16c13b2c52ae94fd4ec6528996fa,,,,,,,102424173493967210000,0x21b8fa0E0eD5b98Ba21f406291BF433cf4682641
0xf55176422742452135de1d93d9c4b7c8e82e719a,,,,,,,801418985555,0x8df0f54F762B2d40DA738C6A1dFaF1F01E554a16
0xf55176422742452135de1d93d9c4b7c8e82e719a,,,,,,,803034851456,0x21b8fa0E0eD5b98Ba21f406291BF433cf4682641
0xf57d4b3c1304ee65e9d51b2eeaebe8cc307b0f22,,,,,,,34072691889294440000,0x8df0f54F762B2d40DA738C6A1dFaF1F01E554a16
0xf57d4b3c1304ee65e9d51b2eeaebe8cc307b0f22,,,,,,,34141391161389543000,0x21b8fa0E0eD5b98Ba21f406291BF433cf4682641
0xf595be99c0ed4c53a79487f47ed11acdf755c516,,,,,,,138813752775375,0x8df0f54F762B2d40DA738C6A1dFaF1F01E554a16
0xf595be99c0ed4c53a79487f47ed11acdf755c516,,,,,,,139093636848034,0x21b8fa0E0eD5b98Ba21f406291BF433cf4682641
0xf59d9a7838544358de29df243d27101b78485b37,,,,,,,85250874549994,0x8df0f54F762B2d40DA738C6A1dFaF1F01E554a16
0xf59d9a7838544358de29df243d27101b78485b37,,,,,,,85422762143909,0x21b8fa0E0eD5b98Ba21f406291BF433cf4682641
0xf5aa49566931f40404643682cc0e3a96b9bc21e8,,,,,,,17798281151599,0x8df0f54F762B2d40DA738C6A1dFaF1F01E554a16
0xf5aa49566931f40404643682cc0e3a96b9bc21e8,,,,,,,17834167044138,0x21b8fa0E0eD5b98Ba21f406291BF433cf4682641
0xf5fa3a780dd9ba01e494e59f03f101a1dd82cc31,,,,,,,155683487861428,0x8df0f54F762B2d40DA738C6A1dFaF1F01E554a16
0xf5fa3a780dd9ba01e494e59f03f101a1dd82cc31,,,,,,,155997385639979,0x21b8fa0E0eD5b98Ba21f406291BF433cf4682641
0xf60d27b9c2098962200d707f491470bcccc49006,,,,,,,87726977426658,0x8df0f54F762B2d40DA738C6A1dFaF1F01E554a16
0xf60d27b9c2098962200d707f491470bcccc49006,,,,,,,87903857478047,0x21b8fa0E0eD5b98Ba21f406291BF433cf4682641
0xf66c2f02d43010c0ed665dd35fb12f21cf4fadb3,,,,,,,34072691889294440000,0x8df0f54F762B2d40DA738C6A1dFaF1F01E554a16
0xf66c2f02d43010c0ed665dd35fb12f21cf4fadb3,,,,,,,34141391161389543000,0x21b8fa0E0eD5b98Ba21f406291BF433cf4682641
0xf68da9133f27e7cecd729edac888af822bdf6ad6,,,,,,,19166977325719,0x8df0f54F762B2d40DA738C6A1dFaF1F01E554a16
0xf68da9133f27e7cecd729edac888af822bdf6ad6,,,,,,,19205622860237,0x21b8fa0E0eD5b98Ba21f406291BF433cf4682641
0xf6ac9cda88d67d9499b1c551028a7e7e766908e7,,,,,,,132146278195112,0x8df0f54F762B2d40DA738C6A1dFaF1F01E554a16
0xf6ac9cda88d67d9499b1c551028a7e7e766908e7,,,,,,,132412718931629,0x21b8fa0E0eD5b98Ba21f406291BF433cf4682641
0xf6b7986121dbbe26352f86a920e46824ab116765,,,,,,,616778795963875,0x8df0f54F762B2d40DA738C6A1dFaF1F01E554a16
0xf6b7986121dbbe26352f86a920e46824ab116765,,,,,,,618022379959648,0x21b8fa0E0eD5b98Ba21f406291BF433cf4682641
0xf6d38b43ba5bf4eaaec2c7d4ffdad16dfbb95671,,,,,,,1802467278496,0x8df0f54F762B2d40DA738C6A1dFaF1F01E554a16
0xf6d38b43ba5bf4eaaec2c7d4ffdad16dfbb95671,,,,,,,1806101514100,0x21b8fa0E0eD5b98Ba21f406291BF433cf4682641
0xf6dc93dcaa16b1d48eb9929b9a8830331c89963a,,,,,,,18784941802949,0x8df0f54F762B2d40DA738C6A1dFaF1F01E554a16
0xf6dc93dcaa16b1d48eb9929b9a8830331c89963a,,,,,,,18822817056023,0x21b8fa0E0eD5b98Ba21f406291BF433cf4682641
0xf71fa0a5aafdc6484ed2894dc5ac85df6c1bcd1a,,,,,,,434030950477729,0x8df0f54F762B2d40DA738C6A1dFaF1F01E554a16
0xf71fa0a5aafdc6484ed2894dc5ac85df6c1bcd1a,,,,,,,434906068019408,0x21b8fa0E0eD5b98Ba21f406291BF433cf4682641
0xf76f2479d4a3d96134c0e64008df612662864520,,,,,,,34072691889294440000,0x8df0f54F762B2d40DA738C6A1dFaF1F01E554a16
0xf76f2479d4a3d96134c0e64008df612662864520,,,,,,,34141391161389543000,0x21b8fa0E0eD5b98Ba21f406291BF433cf4682641
0xf7e2e135f434dba9faf29e375f54f6f6a2004854,,,,,,,34072691889294440000,0x8df0f54F762B2d40DA738C6A1dFaF1F01E554a16
0xf7e2e135f434dba9faf29e375f54f6f6a2004854,,,,,,,34141391161389543000,0x21b8fa0E0eD5b98Ba21f406291BF433cf4682641
0xf7f49bb21585b441ee11cf84d3788d766f782699,,,,,,,15905474594168,0x8df0f54F762B2d40DA738C6A1dFaF1F01E554a16
0xf7f49bb21585b441ee11cf84d3788d766f782699,,,,,,,15937544103983,0x21b8fa0E0eD5b98Ba21f406291BF433cf4682641
0xf7f5ad6bf4469ee87787f701bfd817a846d8b0ec,,,,,,,17812693257090,0x8df0f54F762B2d40DA738C6A1dFaF1F01E554a16
0xf7f5ad6bf4469ee87787f701bfd817a846d8b0ec,,,,,,,17848608208125,0x21b8fa0E0eD5b98Ba21f406291BF433cf4682641
0xf8017158a27d4c3799a8a119649bddf07f5075da,,,,,,,100985233946733,0x8df0f54F762B2d40DA738C6A1dFaF1F01E554a16
0xf8017158a27d4c3799a8a119649bddf07f5075da,,,,,,,101188846038405,0x21b8fa0E0eD5b98Ba21f406291BF433cf4682641
0xf8055141fc5f66a91871bdafa606b419f12f1d1d,,,,,,,34072691889294440000,0x8df0f54F762B2d40DA738C6A1dFaF1F01E554a16
0xf8055141fc5f66a91871bdafa606b419f12f1d1d,,,,,,,34141391161389543000,0x21b8fa0E0eD5b98Ba21f406291BF433cf4682641
0xf867f81237ae166030be69c8d8265068c04d9b9d,,,,,,,122855990727751,0x8df0f54F762B2d40DA738C6A1dFaF1F01E554a16
0xf867f81237ae166030be69c8d8265068c04d9b9d,,,,,,,123103699865701,0x21b8fa0E0eD5b98Ba21f406291BF433cf4682641
0xf8a71e4c6f1914feab72053559973314526396c7,,,,,,,349318200245469,0x8df0f54F762B2d40DA738C6A1dFaF1F01E554a16
0xf8a71e4c6f1914feab72053559973314526396c7,,,,,,,350022515189660,0x21b8fa0E0eD5b98Ba21f406291BF433cf4682641
0xf8af73b9a00288ff62f6f49e00267b1d929a0544,,,,,,,11312191376703,0x8df0f54F762B2d40DA738C6A1dFaF1F01E554a16
0xf8af73b9a00288ff62f6f49e00267b1d929a0544,,,,,,,11334999651315,0x21b8fa0E0eD5b98Ba21f406291BF433cf4682641
0xf8d307bc22158c8b1852881da9a7dbd97dfd7df3,,,,,,,34072691889294440000,0x8df0f54F762B2d40DA738C6A1dFaF1F01E554a16
0xf8d307bc22158c8b1852881da9a7dbd97dfd7df3,,,,,,,34141391161389543000,0x21b8fa0E0eD5b98Ba21f406291BF433cf4682641
0xf93c8f32eb376ce1fc800e67c8e5c69b4846f535,,,,,,,34072691889294440000,0x8df0f54F762B2d40DA738C6A1dFaF1F01E554a16
0xf93c8f32eb376ce1fc800e67c8e5c69b4846f535,,,,,,,34141391161389543000,0x21b8fa0E0eD5b98Ba21f406291BF433cf4682641
0xf96637933869023e1fb277b5ba95db6b889d4082,,,,,,,8780770391120,0x8df0f54F762B2d40DA738C6A1dFaF1F01E554a16
0xf96637933869023e1fb277b5ba95db6b889d4082,,,,,,,8798474672786,0x21b8fa0E0eD5b98Ba21f406291BF433cf4682641
0xf966614412df64e80fad2c7108c8b657b19c3cba,1.5445084644140001,1.0,1.0,2026-07-06 00:00:00,2026-07-06 00:00:00,0.0,365263018023541,0x8df0f54F762B2d40DA738C6A1dFaF1F01E554a16
0xf966614412df64e80fad2c7108c8b657b19c3cba,1.5445084644140001,1.0,1.0,2026-07-06 00:00:00,2026-07-06 00:00:00,0.0,365999481803480,0x21b8fa0E0eD5b98Ba21f406291BF433cf4682641
0xf983eb3fc572a4df4a8824f235c75c3a0c001cb7,,,,,,,92709196336527,0x8df0f54F762B2d40DA738C6A1dFaF1F01E554a16
0xf983eb3fc572a4df4a8824f235c75c3a0c001cb7,,,,,,,92896121817071,0x21b8fa0E0eD5b98Ba21f406291BF433cf4682641
0xf9bfbd07caddba71a31228123ccbce0d08f2364c,,,,,,,113432432535795,0x8df0f54F762B2d40DA738C6A1dFaF1F01E554a16
0xf9bfbd07caddba71a31228123ccbce0d08f2364c,,,,,,,113661141367269,0x21b8fa0E0eD5b98Ba21f406291BF433cf4682641
0xf9e29052fa16e5e02461d49547ea3d59d5e468cb,,,,,,,348305381610843,0x8df0f54F762B2d40DA738C6A1dFaF1F01E554a16
0xf9e29052fa16e5e02461d49547ea3d59d5e468cb,,,,,,,349007654453306,0x21b8fa0E0eD5b98Ba21f406291BF433cf4682641
0xf9f2abcc9df889794b60f0791a784f5a97d32920,,,,,,,437018668479361150,0x8df0f54F762B2d40DA738C6A1dFaF1F01E554a16
0xf9f2abcc9df889794b60f0791a784f5a97d32920,,,,,,,437899810025619140,0x21b8fa0E0eD5b98Ba21f406291BF433cf4682641
0xfa9ca1c903ef8cad3f9686ad209aa45c723d3e75,,,,,,,23233467229229,0x8df0f54F762B2d40DA738C6A1dFaF1F01E554a16
0xfa9ca1c903ef8cad3f9686ad209aa45c723d3e75,,,,,,,23280311848729,0x21b8fa0E0eD5b98Ba21f406291BF433cf4682641
0xfadb7b2db89cbb5b2bfb26814e9e40a8b7b9bccc,,,,,,,104305428949568,0x8df0f54F762B2d40DA738C6A1dFaF1F01E554a16
0xfadb7b2db89cbb5b2bfb26814e9e40a8b7b9bccc,,,,,,,104515735404593,0x21b8fa0E0eD5b98Ba21f406291BF433cf4682641
0xfb2e6d829e4061aff8ab49f1cdc8978d24f2e718,,,,,,,476247271620203,0x8df0f54F762B2d40DA738C6A1dFaF1F01E554a16
0xfb2e6d829e4061aff8ab49f1cdc8978d24f2e718,,,,,,,477207508075951,0x21b8fa0E0eD5b98Ba21f406291BF433cf4682641
0xfb6091bed2d9a7ca758fef33e724726febe58cdf,,,,,,,34072691889294440000,0x8df0f54F762B2d40DA738C6A1dFaF1F01E554a16
0xfb6091bed2d9a7ca758fef33e724726febe58cdf,,,,,,,34141391161389543000,0x21b8fa0E0eD5b98Ba21f406291BF433cf4682641
0xfb6745d6c1b41fd0d27a94b58d362e232328cfe1,,,,,,,113426817311439,0x8df0f54F762B2d40DA738C6A1dFaF1F01E554a16
0xfb6745d6c1b41fd0d27a94b58d362e232328cfe1,,,,,,,113655514821183,0x21b8fa0E0eD5b98Ba21f406291BF433cf4682641
0xfbc36c37f580dd41e4e0cf5e4381483153d39c4d,,,,,,,34072691889294440000,0x8df0f54F762B2d40DA738C6A1dFaF1F01E554a16
0xfbc36c37f580dd41e4e0cf5e4381483153d39c4d,,,,,,,34141391161389543000,0x21b8fa0E0eD5b98Ba21f406291BF433cf4682641
0xfbd0cf97f05e759ecca2517370ee3e476aec6643,,,,,,,395042180222308,0x8df0f54F762B2d40DA738C6A1dFaF1F01E554a16
0xfbd0cf97f05e759ecca2517370ee3e476aec6643,,,,,,,395838686419010,0x21b8fa0E0eD5b98Ba21f406291BF433cf4682641
0xfc448b35f4c932dc21e1f4c415af7f772a674a26,,,,,,,168139331318009,0x8df0f54F762B2d40DA738C6A1dFaF1F01E554a16
0xfc448b35f4c932dc21e1f4c415af7f772a674a26,,,,,,,168478343266629,0x21b8fa0E0eD5b98Ba21f406291BF433cf4682641
0xfc9b404b198c7d35110903a5570299cd642999ff,,,,,,,34072691889294440000,0x8df0f54F762B2d40DA738C6A1dFaF1F01E554a16
0xfc9b404b198c7d35110903a5570299cd642999ff,,,,,,,34141391161389543000,0x21b8fa0E0eD5b98Ba21f406291BF433cf4682641
0xfce8be4cd5093a97649a2c621cdad40dec36297d,,,,,,,34072691889294440000,0x8df0f54F762B2d40DA738C6A1dFaF1F01E554a16
0xfce8be4cd5093a97649a2c621cdad40dec36297d,,,,,,,34141391161389543000,0x21b8fa0E0eD5b98Ba21f406291BF433cf4682641
0xfd039015e6f6cf6a2805de5564c32f65ea65d8a2,,,,,,,34072691889294440000,0x8df0f54F762B2d40DA738C6A1dFaF1F01E554a16
0xfd039015e6f6cf6a2805de5564c32f65ea65d8a2,,,,,,,34141391161389543000,0x21b8fa0E0eD5b98Ba21f406291BF433cf4682641
0xfd52fb43fec22181294482c5c0cdfc7a621884ae,,,,,,,13442891143707,0x8df0f54F762B2d40DA738C6A1dFaF1F01E554a16
0xfd52fb43fec22181294482c5c0cdfc7a621884ae,,,,,,,13469995454673,0x21b8fa0E0eD5b98Ba21f406291BF433cf4682641
0xfd660518dc1b52d9f67facd42bbba962b06b8e54,,,,,,,34072691889294440000,0x8df0f54F762B2d40DA738C6A1dFaF1F01E554a16
0xfd660518dc1b52d9f67facd42bbba962b06b8e54,,,,,,,34141391161389543000,0x21b8fa0E0eD5b98Ba21f406291BF433cf4682641
0xfd7f25a9a5404223fe7d5bf5f9547b0108961760,,,,,,,20953868354500,0x8df0f54F762B2d40DA738C6A1dFaF1F01E554a16
0xfd7f25a9a5404223fe7d5bf5f9547b0108961760,,,,,,,20996116718914,0x21b8fa0E0eD5b98Ba21f406291BF433cf4682641
0xfdab7d28b01b809ae8b006bca24c4d2b30dad76a,,,,,,,9109127392446,0x8df0f54F762B2d40DA738C6A1dFaF1F01E554a16
0xfdab7d28b01b809ae8b006bca24c4d2b30dad76a,,,,,,,9127493725910,0x21b8fa0E0eD5b98Ba21f406291BF433cf4682641
0xfe003428a2c67bfd3b51b6c8d9a0b28fdfd3b8bf,,,,,,,68145383788367750000,0x8df0f54F762B2d40DA738C6A1dFaF1F01E554a16
0xfe003428a2c67bfd3b51b6c8d9a0b28fdfd3b8bf,,,,,,,68282782332577680000,0x21b8fa0E0eD5b98Ba21f406291BF433cf4682641
0xfe0174acd46e2eb5838af9213f0c49633a00cfec,,,,,,,101246051686822,0x8df0f54F762B2d40DA738C6A1dFaF1F01E554a16
0xfe0174acd46e2eb5838af9213f0c49633a00cfec,,,,,,,101450189653848,0x21b8fa0E0eD5b98Ba21f406291BF433cf4682641
0xfe222247735b3c7ef099ba761f9477450f5256fe,14363.561382029999,1.0,1.0,2026-07-06 00:00:00,2026-07-06 00:00:00,0.13636363636363635,3396859195561111000,0x8df0f54F762B2d40DA738C6A1dFaF1F01E554a16
0xfe222247735b3c7ef099ba761f9477450f5256fe,14363.561382029999,1.0,1.0,2026-07-06 00:00:00,2026-07-06 00:00:00,0.13636363636363635,3403708133558226900,0x21b8fa0E0eD5b98Ba21f406291BF433cf4682641
0xfea5dfed58fcd97f18d547139e9817b85074a103,,,,,,,38629471987791,0x8df0f54F762B2d40DA738C6A1dFaF1F01E554a16
0xfea5dfed58fcd97f18d547139e9817b85074a103,,,,,,,38707358895453,0x21b8fa0E0eD5b98Ba21f406291BF433cf4682641
0xfea66cb7571e251c4fc000beaf0ef771d5c78793,,,,,,,34072691889294440000,0x8df0f54F762B2d40DA738C6A1dFaF1F01E554a16
0xfea66cb7571e251c4fc000beaf0ef771d5c78793,,,,,,,34141391161389543000,0x21b8fa0E0eD5b98Ba21f406291BF433cf4682641
0xfeef177e6168f9b7fd59e6c5b6c2d87ff398c6fd,,,,,,,34072691889294440000,0x8df0f54F762B2d40DA738C6A1dFaF1F01E554a16
0xfeef177e6168f9b7fd59e6c5b6c2d87ff398c6fd,,,,,,,34141391161389543000,0x21b8fa0E0eD5b98Ba21f406291BF433cf4682641
0xff56136bee3439fa22df7bce6a1718c9823cc346,,,,,,,402941966756804,0x8df0f54F762B2d40DA738C6A1dFaF1F01E554a16
0xff56136bee3439fa22df7bce6a1718c9823cc346,,,,,,,403754400946116,0x21b8fa0E0eD5b98Ba21f406291BF433cf4682641
0xff5e7f42e70904d93b67ced03be7afc15002405f,,,,,,,105560533666689,0x8df0f54F762B2d40DA738C6A1dFaF1F01E554a16
0xff5e7f42e70904d93b67ced03be7afc15002405f,,,,,,,105773370734227,0x21b8fa0E0eD5b98Ba21f406291BF433cf4682641
0xffc82689ae265dd09963275892263177740a3b50,,,,,,,618370536941068,0x8df0f54F762B2d40DA738C6A1dFaF1F01E554a16
0xffc82689ae265dd09963275892263177740a3b50,,,,,,,619617330294260,0x21b8fa0E0eD5b98Ba21f406291BF433cf4682641
